Provider,Category,Feature,Protocol,Raw_Value,Score,Provenance
AdGuard VPN,EaseOfUse,_section_total,Overall,,4.30,calculated
AdGuard VPN,EaseOfUse,Apps for major platforms,Overall,all_4,1.00,manual_admin
AdGuard VPN,EaseOfUse,Browser extensions,Overall,1_plus,0.50,editorial_default
AdGuard VPN,EaseOfUse,Ease of cancellation,Overall,very_easy,0.40,editorial_default
AdGuard VPN,EaseOfUse,Linux support,Overall,app_with_gui,0.50,editorial_default
AdGuard VPN,EaseOfUse,Live chat quality,Overall,email_only,0.10,editorial_default
AdGuard VPN,EaseOfUse,Quick connect,Overall,yes,0.80,manual_admin
AdGuard VPN,EaseOfUse,Router support,Overall,app_or_firmware,0.50,editorial_default
AdGuard VPN,EaseOfUse,Streaming device apps eou,Overall,2_plus,0.50,editorial_default
AdGuard VPN,EaseOfUse,Task specific servers,Overall,no,0.00,manual_admin
AdGuard VPN,Security,_section_total,Overall,,6.00,calculated
AdGuard VPN,Security,Anonymous payment,Overall,multiple,0.40,editorial_default
AdGuard VPN,Security,Authentication strength,Overall,,,manual_admin
AdGuard VPN,Security,Dns leak pass rate,Overall,tier_pass,0.80,editorial_default
AdGuard VPN,Security,Encryption strength,Overall,aes_128_or_higher,0.60,manual_admin
AdGuard VPN,Security,Hq jurisdiction,Overall,outside_14_eyes,0.50,calculated
AdGuard VPN,Security,Independent audit,Overall,none,0.00,editorial_default
AdGuard VPN,Security,Ipv4 leak pass rate,Overall,tier_pass,0.30,editorial_default
AdGuard VPN,Security,Ipv6 leak pass rate,Overall,tier_pass,0.80,editorial_default
AdGuard VPN,Security,Kill switch effectiveness,Overall,effective,0.60,editorial_default
AdGuard VPN,Security,No logs policy status,Overall,logs_kept,0.00,editorial_default
AdGuard VPN,Security,Obfuscation available,Overall,yes,0.50,manual_admin
AdGuard VPN,Security,Perfect forward secrecy,Overall,yes,0.30,manual_admin
AdGuard VPN,Security,Restrictive region access,Overall,yes,0.30,editorial_default
AdGuard VPN,Security,Rsa key length,Overall,2048,0.10,manual_admin
AdGuard VPN,Security,Webrtc leak pass rate,Overall,tier_pass,0.80,editorial_default
AdGuard VPN,Speed,_section_total,Overall,,7.80,calculated
AdGuard VPN,Speed,_section_total_v3_global,Overall,,5.00,editorial_default
AdGuard VPN,Speed,_section_total_v3_uk,Overall,,5.00,editorial_default
AdGuard VPN,Speed,Connection time,Overall,tier_okay,0.05,editorial_default
AdGuard VPN,Speed,Download tier,Overall,tier_good,2.65,editorial_default
AdGuard VPN,Speed,Jitter tier,Overall,tier_good,0.20,editorial_default
AdGuard VPN,Speed,Latency tier,Overall,tier_good,1.50,editorial_default
AdGuard VPN,Speed,Long distance speed,Overall,tier_consistent,1.00,editorial_default
AdGuard VPN,Speed,Packet loss tier,Overall,tier_good,0.40,editorial_default
AdGuard VPN,Speed,Speed consistency,Overall,tier_consistent,1.00,editorial_default
AdGuard VPN,Speed,Upload tier,Overall,tier_good,1.00,editorial_default
AdGuard VPN,Streaming,_section_total,Overall,,0.30,calculated
AdGuard VPN,Streaming,Android tv app,Overall,,0.00,comparitech_api
AdGuard VPN,Streaming,Browser extensions,Overall,yes,,editorial_default
AdGuard VPN,Streaming,Includes ad blocker,Overall,,0.00,comparitech_api
AdGuard VPN,Streaming,Number of locations in relevant country,Overall,<5,1.20,comparitech_api
AdGuard VPN,Streaming,Offers a smart dns service,Overall,,0.00,comparitech_api
AdGuard VPN,Streaming,Simultaneous stream capacity,Overall,4_plus,0.30,editorial_default
AdGuard VPN,Streaming,Streaming device apps,Overall,none,0.00,calculated
AdGuard VPN,Streaming,Streaming unblock toolkit,Overall,no,0.00,editorial_default
AdGuard VPN,Streaming,Tier1 streaming,Overall,most_3_or_4,,editorial_default
AdGuard VPN,Streaming,Tier2 streaming,Overall,most_3_or_4,,editorial_default
AdGuard VPN,Streaming,Tier3 streaming,Overall,most_3_or_4,,editorial_default
AdGuard VPN,Streaming,Works in high censorship countries,Overall,,0.00,comparitech_api
AdGuard VPN,SystemPerformance,_section_total,Overall,,4.00,calculated
AdGuard VPN,SystemPerformance,Cpu tier,Overall,tier_okay,1.20,editorial_default
AdGuard VPN,SystemPerformance,Idle delta cpu tier,Overall,tier_okay,0.00,editorial_default
AdGuard VPN,SystemPerformance,Load efficiency tier,Overall,tier_okay,4.00,editorial_default
AdGuard VPN,SystemPerformance,Network overhead tier,Overall,tier_okay,1.00,editorial_default
AdGuard VPN,SystemPerformance,Ram delta tier,Overall,tier_okay,0.00,editorial_default
AdGuard VPN,SystemPerformance,Ram tier,Overall,tier_okay,1.20,editorial_default
AdGuard VPN,ValueForMoney,_section_total,Overall,,6.46,calculated
AdGuard VPN,ValueForMoney,Anonymous payments vfm,Overall,multiple,0.50,editorial_default
AdGuard VPN,ValueForMoney,Clear cancellation,Overall,yes,0.50,editorial_default
AdGuard VPN,ValueForMoney,Connection limit tier,Overall,10_plus,1.36,editorial_default
AdGuard VPN,ValueForMoney,Country count,Overall,30_to_59,,manual_admin
AdGuard VPN,ValueForMoney,Free trial available,Overall,yes,0.40,manual_admin
AdGuard VPN,ValueForMoney,Includes av,Overall,no,0.00,manual_admin
AdGuard VPN,ValueForMoney,Includes dark web monitor,Overall,no,0.00,editorial_default
AdGuard VPN,ValueForMoney,Includes password manager,Overall,no,0.00,editorial_default
AdGuard VPN,ValueForMoney,Intro lowest price tier,Overall,under_3_usd,1.00,editorial_default
AdGuard VPN,ValueForMoney,Money back duration,Overall,30_to_44,0.90,editorial_default
AdGuard VPN,ValueForMoney,Monthly price tier,Overall,10_to_12,0.70,editorial_default
AdGuard VPN,ValueForMoney,Pricing consistency,Overall,extreme,0.30,editorial_default
AdGuard VPN,ValueForMoney,Renewal lowest price tier,Overall,over_10,0.00,editorial_default
AdGuard VPN,ValueForMoney,Static ip included,Overall,no,0.00,editorial_default
AdGuard VPN,ValueForMoney,Student discount,Overall,no,0.00,manual_admin
AdGuard VPN,ValueForMoney,Subscription term count,Overall,three_plus,0.50,manual_admin
AdGuard VPN,ValueForMoney,Traditional payments,Overall,multiple,0.30,editorial_default
AirVPN,EaseOfUse,_section_total,Overall,,2.00,calculated
AirVPN,EaseOfUse,Browser extensions,Overall,1_plus,0.50,editorial_default
AirVPN,EaseOfUse,Linux support,Overall,app_with_gui,0.50,editorial_default
AirVPN,EaseOfUse,Live chat quality,Overall,email_only,0.10,editorial_default
AirVPN,EaseOfUse,Quick pick purpose,Overall,no,0.00,manual_admin
AirVPN,EaseOfUse,Router support,Overall,app_or_firmware,0.50,editorial_default
AirVPN,EaseOfUse,Streaming device apps eou,Overall,none,0.00,editorial_default
AirVPN,EaseOfUse,Task specific servers,Overall,yes,0.40,manual_admin
AirVPN,Security,_section_total,Overall,,5.00,calculated
AirVPN,Security,Anonymous payment,Overall,multiple,0.40,editorial_default
AirVPN,Security,Dns leak pass rate,Overall,tier_pass,0.80,editorial_default
AirVPN,Security,Encryption strength,Overall,aes_128_or_higher,0.60,manual_admin
AirVPN,Security,Hq jurisdiction,Overall,inside_14_eyes,0.00,calculated
AirVPN,Security,Ipv4 leak pass rate,Overall,tier_pass,0.30,editorial_default
AirVPN,Security,Ipv6 leak pass rate,Overall,tier_pass,0.80,editorial_default
AirVPN,Security,Kill switch effectiveness,Overall,effective,0.60,editorial_default
AirVPN,Security,Modern protocols,Overall,has_modern,0.70,manual_admin
AirVPN,Security,Webrtc leak pass rate,Overall,tier_pass,0.80,editorial_default
AirVPN,Speed,_section_total,Overall,,7.80,calculated
AirVPN,Speed,_section_total_v3_global,Overall,,5.00,editorial_default
AirVPN,Speed,_section_total_v3_uk,Overall,,5.00,editorial_default
AirVPN,Speed,Connection time,Overall,tier_okay,0.05,editorial_default
AirVPN,Speed,Download tier,Overall,tier_good,2.65,editorial_default
AirVPN,Speed,Jitter tier,Overall,tier_good,0.20,editorial_default
AirVPN,Speed,Latency tier,Overall,tier_good,1.50,editorial_default
AirVPN,Speed,Long distance speed,Overall,tier_consistent,1.00,editorial_default
AirVPN,Speed,Packet loss tier,Overall,tier_good,0.40,editorial_default
AirVPN,Speed,Speed consistency,Overall,tier_consistent,1.00,editorial_default
AirVPN,Speed,Upload tier,Overall,tier_good,1.00,editorial_default
AirVPN,Streaming,_section_total,Overall,,0.30,calculated
AirVPN,Streaming,Android tv app,Overall,,0.00,comparitech_api
AirVPN,Streaming,Browser extensions,Overall,yes,,editorial_default
AirVPN,Streaming,Includes ad blocker,Overall,,0.00,comparitech_api
AirVPN,Streaming,Number of locations in relevant country,Overall,<5,1.20,comparitech_api
AirVPN,Streaming,Offers a smart dns service,Overall,,0.00,comparitech_api
AirVPN,Streaming,Simultaneous stream capacity,Overall,4_plus,0.30,editorial_default
AirVPN,Streaming,Streaming device apps,Overall,none,0.00,calculated
AirVPN,Streaming,Streaming unblock toolkit,Overall,no,0.00,editorial_default
AirVPN,Streaming,Tier1 streaming,Overall,most_3_or_4,,editorial_default
AirVPN,Streaming,Tier2 streaming,Overall,most_3_or_4,,editorial_default
AirVPN,Streaming,Tier3 streaming,Overall,most_3_or_4,,editorial_default
AirVPN,Streaming,Works in high censorship countries,Overall,,0.00,comparitech_api
AirVPN,SystemPerformance,_section_total,Overall,,4.00,calculated
AirVPN,SystemPerformance,Cpu tier,Overall,tier_okay,1.20,editorial_default
AirVPN,SystemPerformance,Idle delta cpu tier,Overall,tier_okay,0.00,editorial_default
AirVPN,SystemPerformance,Load efficiency tier,Overall,tier_okay,4.00,editorial_default
AirVPN,SystemPerformance,Network overhead tier,Overall,tier_okay,1.00,editorial_default
AirVPN,SystemPerformance,Ram delta tier,Overall,tier_okay,0.00,editorial_default
AirVPN,SystemPerformance,Ram tier,Overall,tier_okay,1.20,editorial_default
AirVPN,ValueForMoney,_section_total,Overall,,4.35,calculated
AirVPN,ValueForMoney,Anonymous payments vfm,Overall,multiple,0.50,editorial_default
AirVPN,ValueForMoney,Connection limit tier,Overall,under_6,0.45,editorial_default
AirVPN,ValueForMoney,Country count,Overall,under_30,,manual_admin
AirVPN,ValueForMoney,Free trial available,Overall,no,0.00,manual_admin
AirVPN,ValueForMoney,Includes av,Overall,no,0.00,manual_admin
AirVPN,ValueForMoney,Money back duration,Overall,30_to_44,0.90,editorial_default
AirVPN,ValueForMoney,Monthly price tier,Overall,under_10,1.00,editorial_default
AirVPN,ValueForMoney,Renewal lowest price tier,Overall,3_to_5,0.70,editorial_default
AirVPN,ValueForMoney,Student discount,Overall,no,0.00,manual_admin
AirVPN,ValueForMoney,Subscription term count,Overall,three_plus,0.50,manual_admin
AirVPN,ValueForMoney,Traditional payments,Overall,multiple,0.30,editorial_default
Anonymous VPN,EaseOfUse,_section_total,Overall,,2.30,calculated
Anonymous VPN,EaseOfUse,Apps for major platforms,Overall,3_of_4,0.70,manual_admin
Anonymous VPN,EaseOfUse,Browser extensions,Overall,none,0.00,editorial_default
Anonymous VPN,EaseOfUse,Ease of cancellation,Overall,moderate,0.20,editorial_default
Anonymous VPN,EaseOfUse,Linux support,Overall,none,0.00,editorial_default
Anonymous VPN,EaseOfUse,Live chat quality,Overall,email_only,0.10,editorial_default
Anonymous VPN,EaseOfUse,Quick connect,Overall,yes,0.80,manual_admin
Anonymous VPN,EaseOfUse,Router support,Overall,app_or_firmware,0.50,editorial_default
Anonymous VPN,EaseOfUse,Streaming device apps eou,Overall,none,0.00,editorial_default
Anonymous VPN,EaseOfUse,Task specific servers,Overall,no,0.00,manual_admin
Anonymous VPN,Security,_section_total,Overall,,5.20,calculated
Anonymous VPN,Security,Anonymous payment,Overall,none,0.00,editorial_default
Anonymous VPN,Security,Authentication strength,Overall,weaker,0.00,calculated
Anonymous VPN,Security,Dns leak pass rate,Overall,tier_pass,0.80,editorial_default
Anonymous VPN,Security,Encryption strength,Overall,aes_128_or_higher,0.60,manual_admin
Anonymous VPN,Security,Hq jurisdiction,Overall,outside_14_eyes,0.50,manual_admin
Anonymous VPN,Security,Independent audit,Overall,none,0.00,editorial_default
Anonymous VPN,Security,Ipv4 leak pass rate,Overall,tier_pass,0.30,editorial_default
Anonymous VPN,Security,Ipv6 leak pass rate,Overall,tier_pass,0.80,editorial_default
Anonymous VPN,Security,Kill switch effectiveness,Overall,effective,0.60,editorial_default
Anonymous VPN,Security,Modern protocols,Overall,has_modern,0.70,manual_admin
Anonymous VPN,Security,No logs policy status,Overall,logs_kept,0.00,editorial_default
Anonymous VPN,Security,Obfuscation available,Overall,no,0.00,calculated
Anonymous VPN,Security,Perfect forward secrecy,Overall,no,0.00,manual_admin
Anonymous VPN,Security,Restrictive region access,Overall,no,0.00,editorial_default
Anonymous VPN,Security,Rsa key length,Overall,2048,0.10,calculated
Anonymous VPN,Security,Webrtc leak pass rate,Overall,tier_pass,0.80,editorial_default
Anonymous VPN,Speed,_section_total,Overall,,7.80,calculated
Anonymous VPN,Speed,_section_total_v3_global,Overall,,5.00,editorial_default
Anonymous VPN,Speed,_section_total_v3_uk,Overall,,5.00,editorial_default
Anonymous VPN,Speed,Connection time,Overall,tier_okay,0.05,editorial_default
Anonymous VPN,Speed,Download tier,Overall,tier_good,2.65,editorial_default
Anonymous VPN,Speed,Jitter tier,Overall,tier_good,0.20,editorial_default
Anonymous VPN,Speed,Latency tier,Overall,tier_good,1.50,editorial_default
Anonymous VPN,Speed,Long distance speed,Overall,tier_consistent,1.00,editorial_default
Anonymous VPN,Speed,Packet loss tier,Overall,tier_good,0.40,editorial_default
Anonymous VPN,Speed,Speed consistency,Overall,tier_consistent,1.00,editorial_default
Anonymous VPN,Speed,Upload tier,Overall,tier_good,1.00,editorial_default
Anonymous VPN,Streaming,_section_total,Overall,,0.15,calculated
Anonymous VPN,Streaming,Android tv app,Overall,,0.00,comparitech_api
Anonymous VPN,Streaming,Browser extensions,Overall,no,,editorial_default
Anonymous VPN,Streaming,Includes ad blocker,Overall,,0.00,comparitech_api
Anonymous VPN,Streaming,Number of locations in relevant country,Overall,<5,1.20,comparitech_api
Anonymous VPN,Streaming,Offers a smart dns service,Overall,,0.00,comparitech_api
Anonymous VPN,Streaming,Simultaneous stream capacity,Overall,under_4,0.15,editorial_default
Anonymous VPN,Streaming,Streaming device apps,Overall,none,0.00,calculated
Anonymous VPN,Streaming,Streaming unblock toolkit,Overall,no,0.00,editorial_default
Anonymous VPN,Streaming,Tier1 streaming,Overall,most_3_or_4,,editorial_default
Anonymous VPN,Streaming,Tier2 streaming,Overall,most_3_or_4,,editorial_default
Anonymous VPN,Streaming,Tier3 streaming,Overall,most_3_or_4,,editorial_default
Anonymous VPN,Streaming,Works in high censorship countries,Overall,,0.00,comparitech_api
Anonymous VPN,SystemPerformance,_section_total,Overall,,4.00,calculated
Anonymous VPN,SystemPerformance,Cpu tier,Overall,tier_okay,1.20,editorial_default
Anonymous VPN,SystemPerformance,Idle delta cpu tier,Overall,tier_okay,0.00,editorial_default
Anonymous VPN,SystemPerformance,Load efficiency tier,Overall,tier_okay,4.00,editorial_default
Anonymous VPN,SystemPerformance,Network overhead tier,Overall,tier_okay,1.00,editorial_default
Anonymous VPN,SystemPerformance,Ram delta tier,Overall,tier_okay,0.00,editorial_default
Anonymous VPN,SystemPerformance,Ram tier,Overall,tier_okay,1.20,editorial_default
Anonymous VPN,ValueForMoney,_section_total,Overall,,4.35,calculated
Anonymous VPN,ValueForMoney,Anonymous payments vfm,Overall,none,0.00,editorial_default
Anonymous VPN,ValueForMoney,Clear cancellation,Overall,yes,0.50,editorial_default
Anonymous VPN,ValueForMoney,Connection limit tier,Overall,under_6,0.45,editorial_default
Anonymous VPN,ValueForMoney,Country count,Overall,under_30,,manual_admin
Anonymous VPN,ValueForMoney,Free trial available,Overall,no,0.00,manual_admin
Anonymous VPN,ValueForMoney,Includes av,Overall,no,0.00,manual_admin
Anonymous VPN,ValueForMoney,Includes dark web monitor,Overall,no,0.00,editorial_default
Anonymous VPN,ValueForMoney,Includes password manager,Overall,no,0.00,editorial_default
Anonymous VPN,ValueForMoney,Intro lowest price tier,Overall,5_to_7,0.50,editorial_default
Anonymous VPN,ValueForMoney,Money back duration,Overall,14_to_29,0.70,editorial_default
Anonymous VPN,ValueForMoney,Monthly price tier,Overall,12_to_14,0.40,editorial_default
Anonymous VPN,ValueForMoney,Pricing consistency,Overall,consistent,0.60,editorial_default
Anonymous VPN,ValueForMoney,Renewal lowest price tier,Overall,5_to_7,0.50,editorial_default
Anonymous VPN,ValueForMoney,Static ip included,Overall,no,0.00,editorial_default
Anonymous VPN,ValueForMoney,Student discount,Overall,no,0.00,manual_admin
Anonymous VPN,ValueForMoney,Subscription term count,Overall,three_plus,0.50,manual_admin
Anonymous VPN,ValueForMoney,Traditional payments,Overall,single,0.20,editorial_default
Astrill,EaseOfUse,_section_total,Overall,,5.02,calculated
Astrill,EaseOfUse,Apps for major platforms,Overall,all_4,1.00,manual_admin
Astrill,EaseOfUse,Browser extensions,Overall,none,0.00,editorial_default
Astrill,EaseOfUse,Country count,Overall,under_30,0.20,manual_admin
Astrill,EaseOfUse,Ease of cancellation,Overall,difficult,0.00,manual_admin
Astrill,EaseOfUse,Ease of signup,Overall,moderate,0.42,manual_admin
Astrill,EaseOfUse,Knowledge base,Overall,comprehensive,0.40,manual_admin
Astrill,EaseOfUse,Linux support,Overall,app_with_gui,0.50,editorial_default
Astrill,EaseOfUse,Live chat quality,Overall,business_hours,0.40,editorial_default
Astrill,EaseOfUse,Quick connect,Overall,yes,0.80,manual_admin
Astrill,EaseOfUse,Quick pick purpose,Overall,no,0.00,manual_admin
Astrill,EaseOfUse,Router support,Overall,app_or_firmware,0.50,editorial_default
Astrill,EaseOfUse,Setup guides,Overall,comprehensive,0.40,manual_admin
Astrill,EaseOfUse,Streaming device apps eou,Overall,none,0.00,editorial_default
Astrill,EaseOfUse,Task specific servers,Overall,yes,0.40,manual_admin
Astrill,Security,_section_total,Overall,,6.70,calculated
Astrill,Security,Anonymous payment,Overall,multiple,0.40,editorial_default
Astrill,Security,Authentication strength,Overall,weaker,0.00,manual_admin
Astrill,Security,Dns leak pass rate,Overall,tier_pass,0.80,editorial_default
Astrill,Security,Encryption strength,Overall,aes_128_or_higher,0.60,calculated
Astrill,Security,Hq jurisdiction,Overall,outside_14_eyes,0.50,editorial_default
Astrill,Security,Independent audit,Overall,none,0.00,editorial_default
Astrill,Security,Ipv4 leak pass rate,Overall,tier_pass,0.30,editorial_default
Astrill,Security,Ipv6 leak pass rate,Overall,tier_pass,0.80,editorial_default
Astrill,Security,Kill switch effectiveness,Overall,effective,0.60,editorial_default
Astrill,Security,Modern protocols,Overall,has_modern,0.70,calculated
Astrill,Security,No logs policy status,Overall,logs_kept,0.00,editorial_default
Astrill,Security,Obfuscation available,Overall,yes,0.50,calculated
Astrill,Security,Perfect forward secrecy,Overall,yes,0.30,manual_admin
Astrill,Security,Restrictive region access,Overall,yes,0.30,editorial_default
Astrill,Security,Rsa key length,Overall,2048,0.10,calculated
Astrill,Security,Webrtc leak pass rate,Overall,tier_pass,0.80,editorial_default
Astrill,Speed,_section_total,Overall,,7.80,calculated
Astrill,Speed,_section_total_v3_global,Overall,,5.00,editorial_default
Astrill,Speed,_section_total_v3_uk,Overall,,5.00,editorial_default
Astrill,Speed,Connection time,Overall,tier_okay,0.05,editorial_default
Astrill,Speed,Download tier,Overall,tier_good,2.65,editorial_default
Astrill,Speed,Jitter tier,Overall,tier_good,0.20,editorial_default
Astrill,Speed,Latency tier,Overall,tier_good,1.50,editorial_default
Astrill,Speed,Long distance speed,Overall,tier_consistent,1.00,editorial_default
Astrill,Speed,Packet loss tier,Overall,tier_good,0.40,editorial_default
Astrill,Speed,Speed consistency,Overall,tier_consistent,1.00,editorial_default
Astrill,Speed,Upload tier,Overall,tier_good,1.00,editorial_default
Astrill,Streaming,_section_total,Overall,,0.60,calculated
Astrill,Streaming,Android tv app,Overall,,0.00,comparitech_api
Astrill,Streaming,Browser extensions,Overall,no,,editorial_default
Astrill,Streaming,Includes ad blocker,Overall,,0.00,comparitech_api
Astrill,Streaming,Number of locations in relevant country,Overall,<5,1.20,comparitech_api
Astrill,Streaming,Offers a smart dns service,Overall,,0.00,comparitech_api
Astrill,Streaming,Simultaneous stream capacity,Overall,4_plus,0.30,editorial_default
Astrill,Streaming,Streaming device apps,Overall,none,0.00,calculated
Astrill,Streaming,Streaming unblock toolkit,Overall,yes,0.30,editorial_default
Astrill,Streaming,Tier1 streaming,Overall,most_3_or_4,,editorial_default
Astrill,Streaming,Tier2 streaming,Overall,most_3_or_4,,editorial_default
Astrill,Streaming,Tier3 streaming,Overall,most_3_or_4,,editorial_default
Astrill,Streaming,Works in high censorship countries,Overall,,0.00,comparitech_api
Astrill,SystemPerformance,_section_total,Overall,,4.00,calculated
Astrill,SystemPerformance,Cpu tier,Overall,tier_okay,1.20,editorial_default
Astrill,SystemPerformance,Idle delta cpu tier,Overall,tier_okay,0.00,editorial_default
Astrill,SystemPerformance,Load efficiency tier,Overall,tier_okay,4.00,editorial_default
Astrill,SystemPerformance,Network overhead tier,Overall,tier_okay,1.00,editorial_default
Astrill,SystemPerformance,Ram delta tier,Overall,tier_okay,0.00,editorial_default
Astrill,SystemPerformance,Ram tier,Overall,tier_okay,1.20,editorial_default
Astrill,ValueForMoney,_section_total,Overall,,2.55,calculated
Astrill,ValueForMoney,Anonymous payments vfm,Overall,multiple,0.50,editorial_default
Astrill,ValueForMoney,Connection limit tier,Overall,under_6,0.45,editorial_default
Astrill,ValueForMoney,Country count,Overall,30_to_59,,manual_admin
Astrill,ValueForMoney,Free trial available,Overall,no,0.00,manual_admin
Astrill,ValueForMoney,Includes av,Overall,no,0.00,manual_admin
Astrill,ValueForMoney,Includes dark web monitor,Overall,no,0.00,editorial_default
Astrill,ValueForMoney,Includes password manager,Overall,no,0.00,editorial_default
Astrill,ValueForMoney,Intro lowest price tier,Overall,over_10,0.00,editorial_default
Astrill,ValueForMoney,Money back duration,Overall,under_7,0.00,editorial_default
Astrill,ValueForMoney,Monthly price tier,Overall,over_14,0.00,editorial_default
Astrill,ValueForMoney,Pricing consistency,Overall,moderate,0.50,editorial_default
Astrill,ValueForMoney,Renewal lowest price tier,Overall,over_10,0.00,editorial_default
Astrill,ValueForMoney,Static ip included,Overall,yes,0.30,editorial_default
Astrill,ValueForMoney,Student discount,Overall,no,0.00,manual_admin
Astrill,ValueForMoney,Subscription term count,Overall,three_plus,0.50,manual_admin
Astrill,ValueForMoney,Traditional payments,Overall,multiple,0.30,editorial_default
Astrill VPN,EaseOfUse,_section_total,Overall,,3.42,calculated
Astrill VPN,EaseOfUse,Ease of cancellation,Overall,difficult,0.00,manual_admin
Astrill VPN,EaseOfUse,Ease of signup,Overall,moderate,0.42,manual_admin
Astrill VPN,EaseOfUse,Knowledge base,Overall,comprehensive,0.40,manual_admin
Astrill VPN,EaseOfUse,Linux support,Overall,app_with_gui,0.50,manual_admin
Astrill VPN,EaseOfUse,Live chat quality,Overall,business_hours,0.40,editorial_default
Astrill VPN,EaseOfUse,Quick connect,Overall,yes,0.80,manual_admin
Astrill VPN,EaseOfUse,Quick pick purpose,Overall,no,0.00,manual_admin
Astrill VPN,EaseOfUse,Router support,Overall,app_or_firmware,0.50,manual_admin
Astrill VPN,EaseOfUse,Setup guides,Overall,comprehensive,0.40,manual_admin
Astrill VPN,EaseOfUse,Task specific servers,Overall,no,0.00,manual_admin
Astrill VPN,Security,_section_total,Overall,,6.40,calculated
Astrill VPN,Security,Anonymous payment,Overall,multiple,0.40,editorial_default
Astrill VPN,Security,Authentication strength,Overall,weaker,0.00,calculated
Astrill VPN,Security,Dns leak pass rate,Overall,tier_pass,0.80,editorial_default
Astrill VPN,Security,Encryption strength,Overall,aes_128_or_higher,0.60,calculated
Astrill VPN,Security,Hq jurisdiction,Overall,outside_14_eyes,0.50,calculated
Astrill VPN,Security,Ipv4 leak pass rate,Overall,tier_pass,0.30,editorial_default
Astrill VPN,Security,Ipv6 leak pass rate,Overall,tier_pass,0.80,editorial_default
Astrill VPN,Security,Kill switch effectiveness,Overall,effective,0.60,editorial_default
Astrill VPN,Security,Modern protocols,Overall,has_modern,0.70,calculated
Astrill VPN,Security,Obfuscation available,Overall,yes,0.50,calculated
Astrill VPN,Security,Restrictive region access,Overall,yes,0.30,editorial_default
Astrill VPN,Security,Rsa key length,Overall,2048,0.10,calculated
Astrill VPN,Security,Webrtc leak pass rate,Overall,tier_pass,0.80,editorial_default
Astrill VPN,Speed,_section_total,Overall,,7.80,calculated
Astrill VPN,Speed,_section_total_v3_global,Overall,,5.00,editorial_default
Astrill VPN,Speed,_section_total_v3_uk,Overall,,5.00,editorial_default
Astrill VPN,Speed,Connection time,Overall,tier_okay,0.05,editorial_default
Astrill VPN,Speed,Download tier,Overall,tier_good,2.65,editorial_default
Astrill VPN,Speed,Jitter tier,Overall,tier_good,0.20,editorial_default
Astrill VPN,Speed,Latency tier,Overall,tier_good,1.50,editorial_default
Astrill VPN,Speed,Long distance speed,Overall,tier_consistent,1.00,editorial_default
Astrill VPN,Speed,Packet loss tier,Overall,tier_good,0.40,editorial_default
Astrill VPN,Speed,Speed consistency,Overall,tier_consistent,1.00,editorial_default
Astrill VPN,Speed,Upload tier,Overall,tier_good,1.00,editorial_default
Astrill VPN,Streaming,_section_total,Overall,,0.45,calculated
Astrill VPN,Streaming,Simultaneous stream capacity,Overall,under_4,0.15,editorial_default
Astrill VPN,Streaming,Streaming unblock toolkit,Overall,yes,0.30,editorial_default
Astrill VPN,Streaming,Tier1 streaming,Overall,most_3_or_4,,editorial_default
Astrill VPN,Streaming,Tier2 streaming,Overall,most_3_or_4,,editorial_default
Astrill VPN,Streaming,Tier3 streaming,Overall,most_3_or_4,,editorial_default
Astrill VPN,SystemPerformance,_section_total,Overall,,4.00,calculated
Astrill VPN,SystemPerformance,Cpu tier,Overall,tier_okay,1.20,editorial_default
Astrill VPN,SystemPerformance,Idle delta cpu tier,Overall,tier_okay,0.00,editorial_default
Astrill VPN,SystemPerformance,Load efficiency tier,Overall,tier_okay,4.00,editorial_default
Astrill VPN,SystemPerformance,Network overhead tier,Overall,tier_okay,1.00,editorial_default
Astrill VPN,SystemPerformance,Ram delta tier,Overall,tier_okay,0.00,editorial_default
Astrill VPN,SystemPerformance,Ram tier,Overall,tier_okay,1.20,editorial_default
Astrill VPN,ValueForMoney,_section_total,Overall,,1.45,calculated
Astrill VPN,ValueForMoney,Anonymous payments vfm,Overall,multiple,0.50,editorial_default
Astrill VPN,ValueForMoney,Connection limit tier,Overall,under_6,0.45,editorial_default
Astrill VPN,ValueForMoney,Country count,Overall,under_30,,manual_admin
Astrill VPN,ValueForMoney,Free trial available,Overall,no,0.00,manual_admin
Astrill VPN,ValueForMoney,Includes av,Overall,no,0.00,manual_admin
Astrill VPN,ValueForMoney,Student discount,Overall,no,0.00,manual_admin
Astrill VPN,ValueForMoney,Subscription term count,Overall,three_plus,0.50,manual_admin
Avast Secureline VPN,EaseOfUse,_section_total,Overall,,4.52,calculated
Avast Secureline VPN,EaseOfUse,Apps for major platforms,Overall,all_4,1.00,manual_admin
Avast Secureline VPN,EaseOfUse,Browser extensions,Overall,none,0.00,editorial_default
Avast Secureline VPN,EaseOfUse,Ease of cancellation,Overall,very_easy,0.40,editorial_default
Avast Secureline VPN,EaseOfUse,Ease of signup,Overall,moderate,0.42,manual_admin
Avast Secureline VPN,EaseOfUse,Knowledge base,Overall,comprehensive,0.40,manual_admin
Avast Secureline VPN,EaseOfUse,Linux support,Overall,none,0.00,editorial_default
Avast Secureline VPN,EaseOfUse,Live chat quality,Overall,business_hours,0.40,editorial_default
Avast Secureline VPN,EaseOfUse,Quick connect,Overall,yes,0.80,manual_admin
Avast Secureline VPN,EaseOfUse,Router support,Overall,none,0.00,editorial_default
Avast Secureline VPN,EaseOfUse,Setup guides,Overall,comprehensive,0.40,manual_admin
Avast Secureline VPN,EaseOfUse,Streaming device apps eou,Overall,1,0.30,editorial_default
Avast Secureline VPN,EaseOfUse,Task specific servers,Overall,yes,0.40,manual_admin
Avast Secureline VPN,Security,_section_total,Overall,,6.10,calculated
Avast Secureline VPN,Security,Anonymous payment,Overall,none,0.00,editorial_default
Avast Secureline VPN,Security,Authentication strength,Overall,weaker,0.00,manual_admin
Avast Secureline VPN,Security,Dns leak pass rate,Overall,tier_pass,0.80,editorial_default
Avast Secureline VPN,Security,Encryption strength,Overall,aes_128_or_higher,0.60,manual_admin
Avast Secureline VPN,Security,Hq jurisdiction,Overall,outside_14_eyes,0.50,calculated
Avast Secureline VPN,Security,Independent audit,Overall,none,0.00,editorial_default
Avast Secureline VPN,Security,Ipv4 leak pass rate,Overall,tier_pass,0.30,editorial_default
Avast Secureline VPN,Security,Ipv6 leak pass rate,Overall,tier_pass,0.80,editorial_default
Avast Secureline VPN,Security,Kill switch effectiveness,Overall,effective,0.60,editorial_default
Avast Secureline VPN,Security,Modern protocols,Overall,has_modern,0.70,manual_admin
Avast Secureline VPN,Security,No logs policy status,Overall,logs_kept,0.00,editorial_default
Avast Secureline VPN,Security,Obfuscation available,Overall,yes,0.50,calculated
Avast Secureline VPN,Security,Perfect forward secrecy,Overall,yes,0.30,manual_admin
Avast Secureline VPN,Security,Restrictive region access,Overall,no,0.00,editorial_default
Avast Secureline VPN,Security,Rsa key length,Overall,4096_plus,0.20,manual_admin
Avast Secureline VPN,Security,Webrtc leak pass rate,Overall,tier_pass,0.80,editorial_default
Avast Secureline VPN,Speed,_section_total,Overall,,7.80,calculated
Avast Secureline VPN,Speed,_section_total_v3_global,Overall,,5.00,editorial_default
Avast Secureline VPN,Speed,_section_total_v3_uk,Overall,,5.00,editorial_default
Avast Secureline VPN,Speed,Connection time,Overall,tier_okay,0.05,editorial_default
Avast Secureline VPN,Speed,Download tier,Overall,tier_good,2.65,editorial_default
Avast Secureline VPN,Speed,Jitter tier,Overall,tier_good,0.20,editorial_default
Avast Secureline VPN,Speed,Latency tier,Overall,tier_good,1.50,editorial_default
Avast Secureline VPN,Speed,Long distance speed,Overall,tier_consistent,1.00,editorial_default
Avast Secureline VPN,Speed,Packet loss tier,Overall,tier_good,0.40,editorial_default
Avast Secureline VPN,Speed,Speed consistency,Overall,tier_consistent,1.00,editorial_default
Avast Secureline VPN,Speed,Upload tier,Overall,tier_good,1.00,editorial_default
Avast Secureline VPN,Streaming,_section_total,Overall,,0.60,calculated
Avast Secureline VPN,Streaming,Android tv app,Overall,,0.00,comparitech_api
Avast Secureline VPN,Streaming,Browser extensions,Overall,no,,editorial_default
Avast Secureline VPN,Streaming,Includes ad blocker,Overall,,0.00,comparitech_api
Avast Secureline VPN,Streaming,Number of locations in relevant country,Overall,<5,1.20,comparitech_api
Avast Secureline VPN,Streaming,Offers a smart dns service,Overall,,0.00,comparitech_api
Avast Secureline VPN,Streaming,Simultaneous stream capacity,Overall,4_plus,0.30,editorial_default
Avast Secureline VPN,Streaming,Streaming device apps,Overall,none,0.00,calculated
Avast Secureline VPN,Streaming,Streaming unblock toolkit,Overall,yes,0.30,editorial_default
Avast Secureline VPN,Streaming,Tier1 streaming,Overall,most_3_or_4,,editorial_default
Avast Secureline VPN,Streaming,Tier2 streaming,Overall,most_3_or_4,,editorial_default
Avast Secureline VPN,Streaming,Tier3 streaming,Overall,most_3_or_4,,editorial_default
Avast Secureline VPN,Streaming,Works in high censorship countries,Overall,,0.00,comparitech_api
Avast Secureline VPN,SystemPerformance,_section_total,Overall,,4.00,calculated
Avast Secureline VPN,SystemPerformance,Cpu tier,Overall,tier_okay,1.20,editorial_default
Avast Secureline VPN,SystemPerformance,Idle delta cpu tier,Overall,tier_okay,0.00,editorial_default
Avast Secureline VPN,SystemPerformance,Load efficiency tier,Overall,tier_okay,4.00,editorial_default
Avast Secureline VPN,SystemPerformance,Network overhead tier,Overall,tier_okay,1.00,editorial_default
Avast Secureline VPN,SystemPerformance,Ram delta tier,Overall,tier_okay,0.00,editorial_default
Avast Secureline VPN,SystemPerformance,Ram tier,Overall,tier_okay,1.20,editorial_default
Avast Secureline VPN,ValueForMoney,_section_total,Overall,,6.36,calculated
Avast Secureline VPN,ValueForMoney,Anonymous payments vfm,Overall,none,0.00,editorial_default
Avast Secureline VPN,ValueForMoney,Clear cancellation,Overall,yes,0.50,editorial_default
Avast Secureline VPN,ValueForMoney,Connection limit tier,Overall,10_plus,1.36,editorial_default
Avast Secureline VPN,ValueForMoney,Country count,Overall,under_30,,manual_admin
Avast Secureline VPN,ValueForMoney,Free trial available,Overall,yes,0.40,manual_admin
Avast Secureline VPN,ValueForMoney,Includes av,Overall,no,0.00,manual_admin
Avast Secureline VPN,ValueForMoney,Includes dark web monitor,Overall,no,0.00,editorial_default
Avast Secureline VPN,ValueForMoney,Includes password manager,Overall,no,0.00,editorial_default
Avast Secureline VPN,ValueForMoney,Intro lowest price tier,Overall,3_to_5,0.70,editorial_default
Avast Secureline VPN,ValueForMoney,Money back duration,Overall,30_to_44,0.90,editorial_default
Avast Secureline VPN,ValueForMoney,Monthly price tier,Overall,under_10,1.00,editorial_default
Avast Secureline VPN,ValueForMoney,Pricing consistency,Overall,moderate,0.50,editorial_default
Avast Secureline VPN,ValueForMoney,Renewal lowest price tier,Overall,7_to_10,0.20,editorial_default
Avast Secureline VPN,ValueForMoney,Static ip included,Overall,no,0.00,editorial_default
Avast Secureline VPN,ValueForMoney,Student discount,Overall,no,0.00,manual_admin
Avast Secureline VPN,ValueForMoney,Subscription term count,Overall,three_plus,0.50,manual_admin
Avast Secureline VPN,ValueForMoney,Traditional payments,Overall,multiple,0.30,editorial_default
AVG Secure VPN,EaseOfUse,_section_total,Overall,,4.10,calculated
AVG Secure VPN,EaseOfUse,Apps for major platforms,Overall,all_4,1.00,manual_admin
AVG Secure VPN,EaseOfUse,Browser extensions,Overall,none,0.00,editorial_default
AVG Secure VPN,EaseOfUse,Country count,Overall,60_plus,0.80,manual_admin
AVG Secure VPN,EaseOfUse,Linux support,Overall,none,0.00,editorial_default
AVG Secure VPN,EaseOfUse,Live chat quality,Overall,24_7,0.80,editorial_default
AVG Secure VPN,EaseOfUse,Quick connect,Overall,yes,0.80,manual_admin
AVG Secure VPN,EaseOfUse,Quick pick purpose,Overall,yes,0.30,manual_admin
AVG Secure VPN,EaseOfUse,Router support,Overall,none,0.00,editorial_default
AVG Secure VPN,EaseOfUse,Streaming device apps eou,Overall,none,0.00,editorial_default
AVG Secure VPN,EaseOfUse,Task specific servers,Overall,yes,0.40,manual_admin
AVG Secure VPN,Security,_section_total,Overall,,4.00,calculated
AVG Secure VPN,Security,Anonymous payment,Overall,none,0.00,editorial_default
AVG Secure VPN,Security,Dns leak pass rate,Overall,tier_pass,0.80,editorial_default
AVG Secure VPN,Security,Hq jurisdiction,Overall,inside_14_eyes,0.00,calculated
AVG Secure VPN,Security,Ipv4 leak pass rate,Overall,tier_pass,0.30,editorial_default
AVG Secure VPN,Security,Ipv6 leak pass rate,Overall,tier_pass,0.80,editorial_default
AVG Secure VPN,Security,Kill switch effectiveness,Overall,effective,0.60,editorial_default
AVG Secure VPN,Security,Modern protocols,Overall,has_modern,0.70,manual_admin
AVG Secure VPN,Security,Webrtc leak pass rate,Overall,tier_pass,0.80,editorial_default
AVG Secure VPN,Speed,_section_total,Overall,,7.80,calculated
AVG Secure VPN,Speed,_section_total_v3_global,Overall,,5.00,editorial_default
AVG Secure VPN,Speed,_section_total_v3_uk,Overall,,5.00,editorial_default
AVG Secure VPN,Speed,Connection time,Overall,tier_okay,0.05,editorial_default
AVG Secure VPN,Speed,Download tier,Overall,tier_good,2.65,editorial_default
AVG Secure VPN,Speed,Jitter tier,Overall,tier_good,0.20,editorial_default
AVG Secure VPN,Speed,Latency tier,Overall,tier_good,1.50,editorial_default
AVG Secure VPN,Speed,Long distance speed,Overall,tier_consistent,1.00,editorial_default
AVG Secure VPN,Speed,Packet loss tier,Overall,tier_good,0.40,editorial_default
AVG Secure VPN,Speed,Speed consistency,Overall,tier_consistent,1.00,editorial_default
AVG Secure VPN,Speed,Upload tier,Overall,tier_good,1.00,editorial_default
AVG Secure VPN,Streaming,_section_total,Overall,,0.30,calculated
AVG Secure VPN,Streaming,Android tv app,Overall,,0.00,comparitech_api
AVG Secure VPN,Streaming,Browser extensions,Overall,no,,editorial_default
AVG Secure VPN,Streaming,Includes ad blocker,Overall,,0.00,comparitech_api
AVG Secure VPN,Streaming,Number of locations in relevant country,Overall,<5,1.20,comparitech_api
AVG Secure VPN,Streaming,Offers a smart dns service,Overall,,0.00,comparitech_api
AVG Secure VPN,Streaming,Simultaneous stream capacity,Overall,4_plus,0.30,editorial_default
AVG Secure VPN,Streaming,Streaming device apps,Overall,none,0.00,calculated
AVG Secure VPN,Streaming,Streaming unblock toolkit,Overall,no,0.00,editorial_default
AVG Secure VPN,Streaming,Tier1 streaming,Overall,most_3_or_4,,editorial_default
AVG Secure VPN,Streaming,Tier2 streaming,Overall,most_3_or_4,,editorial_default
AVG Secure VPN,Streaming,Tier3 streaming,Overall,most_3_or_4,,editorial_default
AVG Secure VPN,Streaming,Works in high censorship countries,Overall,,0.00,comparitech_api
AVG Secure VPN,SystemPerformance,_section_total,Overall,,4.00,calculated
AVG Secure VPN,SystemPerformance,Cpu tier,Overall,tier_okay,1.20,editorial_default
AVG Secure VPN,SystemPerformance,Idle delta cpu tier,Overall,tier_okay,0.00,editorial_default
AVG Secure VPN,SystemPerformance,Load efficiency tier,Overall,tier_okay,4.00,editorial_default
AVG Secure VPN,SystemPerformance,Network overhead tier,Overall,tier_okay,1.00,editorial_default
AVG Secure VPN,SystemPerformance,Ram delta tier,Overall,tier_okay,0.00,editorial_default
AVG Secure VPN,SystemPerformance,Ram tier,Overall,tier_okay,1.20,editorial_default
AVG Secure VPN,ValueForMoney,_section_total,Overall,,3.96,calculated
AVG Secure VPN,ValueForMoney,Anonymous payments vfm,Overall,none,0.00,editorial_default
AVG Secure VPN,ValueForMoney,Connection limit tier,Overall,10_plus,1.36,editorial_default
AVG Secure VPN,ValueForMoney,Country count,Overall,60_plus,,manual_admin
AVG Secure VPN,ValueForMoney,Intro lowest price tier,Overall,3_to_5,0.70,editorial_default
AVG Secure VPN,ValueForMoney,Money back duration,Overall,30_to_44,0.90,editorial_default
AVG Secure VPN,ValueForMoney,Pricing consistency,Overall,moderate,0.50,editorial_default
AVG Secure VPN,ValueForMoney,Renewal lowest price tier,Overall,7_to_10,0.20,editorial_default
AVG Secure VPN,ValueForMoney,Traditional payments,Overall,multiple,0.30,editorial_default
Bitdefender VPN,EaseOfUse,_section_total,Overall,,3.00,calculated
Bitdefender VPN,EaseOfUse,Apps for major platforms,Overall,all_4,1.00,manual_admin
Bitdefender VPN,EaseOfUse,Browser extensions,Overall,none,0.00,editorial_default
Bitdefender VPN,EaseOfUse,Ease of cancellation,Overall,very_easy,0.40,editorial_default
Bitdefender VPN,EaseOfUse,Linux support,Overall,none,0.00,editorial_default
Bitdefender VPN,EaseOfUse,Live chat quality,Overall,24_7,0.80,editorial_default
Bitdefender VPN,EaseOfUse,Quick connect,Overall,yes,0.80,manual_admin
Bitdefender VPN,EaseOfUse,Quick pick purpose,Overall,no,0.00,manual_admin
Bitdefender VPN,EaseOfUse,Router support,Overall,none,0.00,editorial_default
Bitdefender VPN,EaseOfUse,Streaming device apps eou,Overall,none,0.00,editorial_default
Bitdefender VPN,EaseOfUse,Task specific servers,Overall,no,0.00,manual_admin
Bitdefender VPN,Security,_section_total,Overall,,8.30,calculated
Bitdefender VPN,Security,Anonymous payment,Overall,none,0.00,editorial_default
Bitdefender VPN,Security,Authentication strength,Overall,sha384_or_higher,0.30,manual_admin
Bitdefender VPN,Security,Dns leak pass rate,Overall,tier_pass,0.80,editorial_default
Bitdefender VPN,Security,Encryption strength,Overall,aes_128_or_higher,0.60,manual_admin
Bitdefender VPN,Security,Hq jurisdiction,Overall,outside_14_eyes,0.50,calculated
Bitdefender VPN,Security,Independent audit,Overall,within_24mo,1.00,editorial_default
Bitdefender VPN,Security,Ipv4 leak pass rate,Overall,tier_pass,0.30,editorial_default
Bitdefender VPN,Security,Ipv6 leak pass rate,Overall,tier_pass,0.80,editorial_default
Bitdefender VPN,Security,Kill switch effectiveness,Overall,effective,0.60,editorial_default
Bitdefender VPN,Security,Modern protocols,Overall,has_modern,0.70,calculated
Bitdefender VPN,Security,No logs policy status,Overall,audited,1.00,editorial_default
Bitdefender VPN,Security,Obfuscation available,Overall,yes,0.50,manual_admin
Bitdefender VPN,Security,Perfect forward secrecy,Overall,yes,0.30,calculated
Bitdefender VPN,Security,Restrictive region access,Overall,no,0.00,editorial_default
Bitdefender VPN,Security,Rsa key length,Overall,2048,0.10,manual_admin
Bitdefender VPN,Security,Webrtc leak pass rate,Overall,tier_pass,0.80,editorial_default
Bitdefender VPN,Speed,_section_total,Overall,,7.80,calculated
Bitdefender VPN,Speed,_section_total_v3_global,Overall,,5.00,editorial_default
Bitdefender VPN,Speed,_section_total_v3_uk,Overall,,5.00,editorial_default
Bitdefender VPN,Speed,Connection time,Overall,tier_okay,0.05,editorial_default
Bitdefender VPN,Speed,Download tier,Overall,tier_good,2.65,editorial_default
Bitdefender VPN,Speed,Jitter tier,Overall,tier_good,0.20,editorial_default
Bitdefender VPN,Speed,Latency tier,Overall,tier_good,1.50,editorial_default
Bitdefender VPN,Speed,Long distance speed,Overall,tier_consistent,1.00,editorial_default
Bitdefender VPN,Speed,Packet loss tier,Overall,tier_good,0.40,editorial_default
Bitdefender VPN,Speed,Speed consistency,Overall,tier_consistent,1.00,editorial_default
Bitdefender VPN,Speed,Upload tier,Overall,tier_good,1.00,editorial_default
Bitdefender VPN,Streaming,_section_total,Overall,,0.30,calculated
Bitdefender VPN,Streaming,Android tv app,Overall,,0.00,comparitech_api
Bitdefender VPN,Streaming,Browser extensions,Overall,no,,editorial_default
Bitdefender VPN,Streaming,Includes ad blocker,Overall,,0.00,comparitech_api
Bitdefender VPN,Streaming,Number of locations in relevant country,Overall,<5,1.20,comparitech_api
Bitdefender VPN,Streaming,Offers a smart dns service,Overall,,0.00,comparitech_api
Bitdefender VPN,Streaming,Simultaneous stream capacity,Overall,4_plus,0.30,editorial_default
Bitdefender VPN,Streaming,Streaming device apps,Overall,none,0.00,calculated
Bitdefender VPN,Streaming,Streaming unblock toolkit,Overall,no,0.00,editorial_default
Bitdefender VPN,Streaming,Tier1 streaming,Overall,most_3_or_4,,editorial_default
Bitdefender VPN,Streaming,Tier2 streaming,Overall,most_3_or_4,,editorial_default
Bitdefender VPN,Streaming,Tier3 streaming,Overall,most_3_or_4,,editorial_default
Bitdefender VPN,Streaming,Works in high censorship countries,Overall,,0.00,comparitech_api
Bitdefender VPN,SystemPerformance,_section_total,Overall,,4.00,calculated
Bitdefender VPN,SystemPerformance,Cpu tier,Overall,tier_okay,1.20,editorial_default
Bitdefender VPN,SystemPerformance,Idle delta cpu tier,Overall,tier_okay,0.00,editorial_default
Bitdefender VPN,SystemPerformance,Load efficiency tier,Overall,tier_okay,4.00,editorial_default
Bitdefender VPN,SystemPerformance,Network overhead tier,Overall,tier_okay,1.00,editorial_default
Bitdefender VPN,SystemPerformance,Ram delta tier,Overall,tier_okay,0.00,editorial_default
Bitdefender VPN,SystemPerformance,Ram tier,Overall,tier_okay,1.20,editorial_default
Bitdefender VPN,ValueForMoney,_section_total,Overall,,6.76,calculated
Bitdefender VPN,ValueForMoney,Anonymous payments vfm,Overall,none,0.00,editorial_default
Bitdefender VPN,ValueForMoney,Clear cancellation,Overall,yes,0.50,editorial_default
Bitdefender VPN,ValueForMoney,Connection limit tier,Overall,10_plus,1.36,editorial_default
Bitdefender VPN,ValueForMoney,Country count,Overall,30_to_59,,manual_admin
Bitdefender VPN,ValueForMoney,Free trial available,Overall,yes,0.40,manual_admin
Bitdefender VPN,ValueForMoney,Includes av,Overall,no,0.00,manual_admin
Bitdefender VPN,ValueForMoney,Includes dark web monitor,Overall,no,0.00,editorial_default
Bitdefender VPN,ValueForMoney,Includes password manager,Overall,no,0.00,editorial_default
Bitdefender VPN,ValueForMoney,Intro lowest price tier,Overall,under_3_usd,1.00,editorial_default
Bitdefender VPN,ValueForMoney,Money back duration,Overall,30_to_44,0.90,editorial_default
Bitdefender VPN,ValueForMoney,Monthly price tier,Overall,under_10,1.00,editorial_default
Bitdefender VPN,ValueForMoney,Pricing consistency,Overall,moderate,0.50,editorial_default
Bitdefender VPN,ValueForMoney,Renewal lowest price tier,Overall,5_to_7,0.50,editorial_default
Bitdefender VPN,ValueForMoney,Static ip included,Overall,no,0.00,editorial_default
Bitdefender VPN,ValueForMoney,Student discount,Overall,yes,0.20,manual_admin
Bitdefender VPN,ValueForMoney,Subscription term count,Overall,one,0.10,manual_admin
Bitdefender VPN,ValueForMoney,Traditional payments,Overall,multiple,0.30,editorial_default
BolehVPN,EaseOfUse,_section_total,Overall,,4.60,calculated
BolehVPN,EaseOfUse,Apps for major platforms,Overall,all_4,1.00,manual_admin
BolehVPN,EaseOfUse,Browser extensions,Overall,none,0.00,editorial_default
BolehVPN,EaseOfUse,Ease of cancellation,Overall,moderate,0.20,editorial_default
BolehVPN,EaseOfUse,Ease of signup,Overall,very_easy,0.70,manual_admin
BolehVPN,EaseOfUse,Knowledge base,Overall,basic,0.20,manual_admin
BolehVPN,EaseOfUse,Linux support,Overall,app_with_gui,0.50,editorial_default
BolehVPN,EaseOfUse,Live chat quality,Overall,business_hours,0.40,editorial_default
BolehVPN,EaseOfUse,Quick connect,Overall,no,0.00,manual_admin
BolehVPN,EaseOfUse,Quick pick purpose,Overall,yes,0.30,manual_admin
BolehVPN,EaseOfUse,Router support,Overall,app_or_firmware,0.50,editorial_default
BolehVPN,EaseOfUse,Setup guides,Overall,comprehensive,0.40,manual_admin
BolehVPN,EaseOfUse,Streaming device apps eou,Overall,none,0.00,editorial_default
BolehVPN,EaseOfUse,Task specific servers,Overall,yes,0.40,manual_admin
BolehVPN,Security,_section_total,Overall,,7.10,calculated
BolehVPN,Security,Anonymous payment,Overall,multiple,0.40,editorial_default
BolehVPN,Security,Authentication strength,Overall,sha384_or_higher,0.30,manual_admin
BolehVPN,Security,Dns leak pass rate,Overall,tier_pass,0.80,editorial_default
BolehVPN,Security,Encryption strength,Overall,aes_128_or_higher,0.60,manual_admin
BolehVPN,Security,Hq jurisdiction,Overall,outside_14_eyes,0.50,manual_admin
BolehVPN,Security,Independent audit,Overall,none,0.00,editorial_default
BolehVPN,Security,Ipv4 leak pass rate,Overall,tier_pass,0.30,editorial_default
BolehVPN,Security,Ipv6 leak pass rate,Overall,tier_pass,0.80,editorial_default
BolehVPN,Security,Kill switch effectiveness,Overall,effective,0.60,editorial_default
BolehVPN,Security,Modern protocols,Overall,has_modern,0.70,manual_admin
BolehVPN,Security,No logs policy status,Overall,logs_kept,0.00,editorial_default
BolehVPN,Security,Obfuscation available,Overall,yes,0.50,manual_admin
BolehVPN,Security,Perfect forward secrecy,Overall,yes,0.30,manual_admin
BolehVPN,Security,Restrictive region access,Overall,yes,0.30,editorial_default
BolehVPN,Security,Rsa key length,Overall,4096_plus,0.20,manual_admin
BolehVPN,Security,Webrtc leak pass rate,Overall,tier_pass,0.80,editorial_default
BolehVPN,Speed,_section_total,Overall,,7.80,calculated
BolehVPN,Speed,_section_total_v3_global,Overall,,5.00,editorial_default
BolehVPN,Speed,_section_total_v3_uk,Overall,,5.00,editorial_default
BolehVPN,Speed,Connection time,Overall,tier_okay,0.05,editorial_default
BolehVPN,Speed,Download tier,Overall,tier_good,2.65,editorial_default
BolehVPN,Speed,Jitter tier,Overall,tier_good,0.20,editorial_default
BolehVPN,Speed,Latency tier,Overall,tier_good,1.50,editorial_default
BolehVPN,Speed,Long distance speed,Overall,tier_consistent,1.00,editorial_default
BolehVPN,Speed,Packet loss tier,Overall,tier_good,0.40,editorial_default
BolehVPN,Speed,Speed consistency,Overall,tier_consistent,1.00,editorial_default
BolehVPN,Speed,Upload tier,Overall,tier_good,1.00,editorial_default
BolehVPN,Streaming,_section_total,Overall,,0.45,calculated
BolehVPN,Streaming,Android tv app,Overall,,0.00,comparitech_api
BolehVPN,Streaming,Browser extensions,Overall,no,,editorial_default
BolehVPN,Streaming,Includes ad blocker,Overall,,0.00,comparitech_api
BolehVPN,Streaming,Number of locations in relevant country,Overall,<5,1.20,comparitech_api
BolehVPN,Streaming,Offers a smart dns service,Overall,,0.00,comparitech_api
BolehVPN,Streaming,Simultaneous stream capacity,Overall,under_4,0.15,editorial_default
BolehVPN,Streaming,Streaming device apps,Overall,none,0.00,calculated
BolehVPN,Streaming,Streaming unblock toolkit,Overall,yes,0.30,editorial_default
BolehVPN,Streaming,Tier1 streaming,Overall,most_3_or_4,,editorial_default
BolehVPN,Streaming,Tier2 streaming,Overall,most_3_or_4,,editorial_default
BolehVPN,Streaming,Tier3 streaming,Overall,most_3_or_4,,editorial_default
BolehVPN,Streaming,Works in high censorship countries,Overall,,0.00,comparitech_api
BolehVPN,SystemPerformance,_section_total,Overall,,4.00,calculated
BolehVPN,SystemPerformance,Cpu tier,Overall,tier_okay,1.20,editorial_default
BolehVPN,SystemPerformance,Idle delta cpu tier,Overall,tier_okay,0.00,editorial_default
BolehVPN,SystemPerformance,Load efficiency tier,Overall,tier_okay,4.00,editorial_default
BolehVPN,SystemPerformance,Network overhead tier,Overall,tier_okay,1.00,editorial_default
BolehVPN,SystemPerformance,Ram delta tier,Overall,tier_okay,0.00,editorial_default
BolehVPN,SystemPerformance,Ram tier,Overall,tier_okay,1.20,editorial_default
BolehVPN,ValueForMoney,_section_total,Overall,,6.25,calculated
BolehVPN,ValueForMoney,Anonymous payments vfm,Overall,multiple,0.50,editorial_default
BolehVPN,ValueForMoney,Clear cancellation,Overall,yes,0.50,editorial_default
BolehVPN,ValueForMoney,Connection limit tier,Overall,under_6,0.45,editorial_default
BolehVPN,ValueForMoney,Country count,Overall,30_to_59,,manual_admin
BolehVPN,ValueForMoney,Free trial available,Overall,yes,0.40,manual_admin
BolehVPN,ValueForMoney,Includes av,Overall,no,0.00,manual_admin
BolehVPN,ValueForMoney,Includes dark web monitor,Overall,no,0.00,editorial_default
BolehVPN,ValueForMoney,Includes password manager,Overall,no,0.00,editorial_default
BolehVPN,ValueForMoney,Intro lowest price tier,Overall,5_to_7,0.50,editorial_default
BolehVPN,ValueForMoney,Money back duration,Overall,14_to_29,0.70,editorial_default
BolehVPN,ValueForMoney,Monthly price tier,Overall,under_10,1.00,editorial_default
BolehVPN,ValueForMoney,Pricing consistency,Overall,consistent,0.60,editorial_default
BolehVPN,ValueForMoney,Renewal lowest price tier,Overall,5_to_7,0.50,editorial_default
BolehVPN,ValueForMoney,Static ip included,Overall,yes,0.30,editorial_default
BolehVPN,ValueForMoney,Student discount,Overall,no,0.00,manual_admin
BolehVPN,ValueForMoney,Subscription term count,Overall,three_plus,0.50,manual_admin
BolehVPN,ValueForMoney,Traditional payments,Overall,multiple,0.30,editorial_default
BulletVPN,EaseOfUse,_section_total,Overall,,2.10,calculated
BulletVPN,EaseOfUse,Knowledge base,Overall,none,0.00,manual_admin
BulletVPN,EaseOfUse,Linux support,Overall,app_cli_only,0.30,manual_admin
BulletVPN,EaseOfUse,Live chat quality,Overall,email_only,0.10,manual_admin
BulletVPN,EaseOfUse,Quick connect,Overall,yes,0.80,manual_admin
BulletVPN,EaseOfUse,Quick pick purpose,Overall,yes,0.30,manual_admin
BulletVPN,EaseOfUse,Router support,Overall,manual_config_only,0.20,manual_admin
BulletVPN,EaseOfUse,Setup guides,Overall,minimal,0.00,manual_admin
BulletVPN,EaseOfUse,Task specific servers,Overall,yes,0.40,manual_admin
BulletVPN,Security,_section_total,Overall,,5.40,calculated
BulletVPN,Security,Anonymous payment,Overall,single,0.20,editorial_default
BulletVPN,Security,Authentication strength,Overall,sha384_or_higher,0.30,calculated
BulletVPN,Security,Dns leak pass rate,Overall,tier_pass,0.80,editorial_default
BulletVPN,Security,Encryption strength,Overall,aes_128_or_higher,0.60,calculated
BulletVPN,Security,Hq jurisdiction,Overall,outside_14_eyes,0.50,calculated
BulletVPN,Security,Ipv4 leak pass rate,Overall,tier_pass,0.30,editorial_default
BulletVPN,Security,Ipv6 leak pass rate,Overall,tier_pass,0.80,editorial_default
BulletVPN,Security,Kill switch effectiveness,Overall,effective,0.60,editorial_default
BulletVPN,Security,Modern protocols,Overall,openvpn_only,0.30,calculated
BulletVPN,Security,Obfuscation available,Overall,no,0.00,calculated
BulletVPN,Security,Rsa key length,Overall,4096_plus,0.20,calculated
BulletVPN,Security,Webrtc leak pass rate,Overall,tier_pass,0.80,editorial_default
BulletVPN,Speed,_section_total,Overall,,7.80,calculated
BulletVPN,Speed,_section_total_v3_global,Overall,,5.00,editorial_default
BulletVPN,Speed,_section_total_v3_uk,Overall,,5.00,editorial_default
BulletVPN,Speed,Connection time,Overall,tier_okay,0.05,editorial_default
BulletVPN,Speed,Download tier,Overall,tier_good,2.65,editorial_default
BulletVPN,Speed,Jitter tier,Overall,tier_good,0.20,editorial_default
BulletVPN,Speed,Latency tier,Overall,tier_good,1.50,editorial_default
BulletVPN,Speed,Long distance speed,Overall,tier_consistent,1.00,editorial_default
BulletVPN,Speed,Packet loss tier,Overall,tier_good,0.40,editorial_default
BulletVPN,Speed,Speed consistency,Overall,tier_consistent,1.00,editorial_default
BulletVPN,Speed,Upload tier,Overall,tier_good,1.00,editorial_default
BulletVPN,Streaming,_section_total,Overall,,0.30,calculated
BulletVPN,Streaming,Android tv app,Overall,,0.00,comparitech_api
BulletVPN,Streaming,Includes ad blocker,Overall,,0.00,comparitech_api
BulletVPN,Streaming,Number of locations in relevant country,Overall,<5,1.20,comparitech_api
BulletVPN,Streaming,Offers a smart dns service,Overall,,0.00,comparitech_api
BulletVPN,Streaming,Simultaneous stream capacity,Overall,4_plus,0.30,editorial_default
BulletVPN,Streaming,Streaming device apps,Overall,none,0.00,calculated
BulletVPN,Streaming,Streaming unblock toolkit,Overall,no,0.00,editorial_default
BulletVPN,Streaming,Tier1 streaming,Overall,most_3_or_4,,editorial_default
BulletVPN,Streaming,Tier2 streaming,Overall,most_3_or_4,,editorial_default
BulletVPN,Streaming,Tier3 streaming,Overall,most_3_or_4,,editorial_default
BulletVPN,Streaming,Works in high censorship countries,Overall,,0.00,comparitech_api
BulletVPN,SystemPerformance,_section_total,Overall,,4.00,calculated
BulletVPN,SystemPerformance,Cpu tier,Overall,tier_okay,1.20,editorial_default
BulletVPN,SystemPerformance,Idle delta cpu tier,Overall,tier_okay,0.00,editorial_default
BulletVPN,SystemPerformance,Load efficiency tier,Overall,tier_okay,4.00,editorial_default
BulletVPN,SystemPerformance,Network overhead tier,Overall,tier_okay,1.00,editorial_default
BulletVPN,SystemPerformance,Ram delta tier,Overall,tier_okay,0.00,editorial_default
BulletVPN,SystemPerformance,Ram tier,Overall,tier_okay,1.20,editorial_default
BulletVPN,ValueForMoney,_section_total,Overall,,2.11,calculated
BulletVPN,ValueForMoney,Anonymous payments vfm,Overall,single,0.30,editorial_default
BulletVPN,ValueForMoney,Connection limit tier,Overall,6_to_10,0.91,editorial_default
BulletVPN,ValueForMoney,Country count,Overall,under_30,,manual_admin
BulletVPN,ValueForMoney,Free trial available,Overall,yes,0.40,manual_admin
BulletVPN,ValueForMoney,Includes av,Overall,no,0.00,manual_admin
BulletVPN,ValueForMoney,Student discount,Overall,no,0.00,manual_admin
BulletVPN,ValueForMoney,Subscription term count,Overall,three_plus,0.50,manual_admin
bVPN,EaseOfUse,_section_total,Overall,,3.80,calculated
bVPN,EaseOfUse,Apps for major platforms,Overall,all_4,1.00,manual_admin
bVPN,EaseOfUse,Browser extensions,Overall,none,0.00,editorial_default
bVPN,EaseOfUse,Ease of cancellation,Overall,very_easy,0.40,editorial_default
bVPN,EaseOfUse,Linux support,Overall,app_with_gui,0.50,editorial_default
bVPN,EaseOfUse,Live chat quality,Overall,24_7,0.80,editorial_default
bVPN,EaseOfUse,Quick connect,Overall,yes,0.80,manual_admin
bVPN,EaseOfUse,Router support,Overall,none,0.00,editorial_default
bVPN,EaseOfUse,Streaming device apps eou,Overall,1,0.30,editorial_default
bVPN,EaseOfUse,Task specific servers,Overall,no,0.00,manual_admin
bVPN,Security,_section_total,Overall,,6.20,calculated
bVPN,Security,Anonymous payment,Overall,multiple,0.40,editorial_default
bVPN,Security,Authentication strength,Overall,weaker,0.00,calculated
bVPN,Security,Dns leak pass rate,Overall,tier_pass,0.80,editorial_default
bVPN,Security,Encryption strength,Overall,aes_128_or_higher,0.60,calculated
bVPN,Security,Hq jurisdiction,Overall,inside_14_eyes,0.00,calculated
bVPN,Security,Independent audit,Overall,none,0.00,editorial_default
bVPN,Security,Ipv4 leak pass rate,Overall,tier_pass,0.30,editorial_default
bVPN,Security,Ipv6 leak pass rate,Overall,tier_pass,0.80,editorial_default
bVPN,Security,Kill switch effectiveness,Overall,effective,0.60,editorial_default
bVPN,Security,Modern protocols,Overall,has_modern,0.70,calculated
bVPN,Security,No logs policy status,Overall,logs_kept,0.00,editorial_default
bVPN,Security,Obfuscation available,Overall,yes,0.50,calculated
bVPN,Security,Perfect forward secrecy,Overall,yes,0.30,calculated
bVPN,Security,Restrictive region access,Overall,yes,0.30,editorial_default
bVPN,Security,Rsa key length,Overall,2048,0.10,calculated
bVPN,Security,Webrtc leak pass rate,Overall,tier_pass,0.80,editorial_default
bVPN,Speed,_section_total,Overall,,7.80,calculated
bVPN,Speed,_section_total_v3_global,Overall,,5.00,editorial_default
bVPN,Speed,_section_total_v3_uk,Overall,,5.00,editorial_default
bVPN,Speed,Connection time,Overall,tier_okay,0.05,editorial_default
bVPN,Speed,Download tier,Overall,tier_good,2.65,editorial_default
bVPN,Speed,Jitter tier,Overall,tier_good,0.20,editorial_default
bVPN,Speed,Latency tier,Overall,tier_good,1.50,editorial_default
bVPN,Speed,Long distance speed,Overall,tier_consistent,1.00,editorial_default
bVPN,Speed,Packet loss tier,Overall,tier_good,0.40,editorial_default
bVPN,Speed,Speed consistency,Overall,tier_consistent,1.00,editorial_default
bVPN,Speed,Upload tier,Overall,tier_good,1.00,editorial_default
bVPN,Streaming,_section_total,Overall,,0.60,calculated
bVPN,Streaming,Android tv app,Overall,,0.00,comparitech_api
bVPN,Streaming,Browser extensions,Overall,no,,editorial_default
bVPN,Streaming,Includes ad blocker,Overall,,0.00,comparitech_api
bVPN,Streaming,Number of locations in relevant country,Overall,<5,1.20,comparitech_api
bVPN,Streaming,Offers a smart dns service,Overall,,0.00,comparitech_api
bVPN,Streaming,Simultaneous stream capacity,Overall,4_plus,0.30,editorial_default
bVPN,Streaming,Streaming device apps,Overall,none,0.00,calculated
bVPN,Streaming,Streaming unblock toolkit,Overall,yes,0.30,editorial_default
bVPN,Streaming,Tier1 streaming,Overall,most_3_or_4,,editorial_default
bVPN,Streaming,Tier2 streaming,Overall,most_3_or_4,,editorial_default
bVPN,Streaming,Tier3 streaming,Overall,most_3_or_4,,editorial_default
bVPN,Streaming,Works in high censorship countries,Overall,,0.00,comparitech_api
bVPN,SystemPerformance,_section_total,Overall,,4.00,calculated
bVPN,SystemPerformance,Cpu tier,Overall,tier_okay,1.20,editorial_default
bVPN,SystemPerformance,Idle delta cpu tier,Overall,tier_okay,0.00,editorial_default
bVPN,SystemPerformance,Load efficiency tier,Overall,tier_okay,4.00,editorial_default
bVPN,SystemPerformance,Network overhead tier,Overall,tier_okay,1.00,editorial_default
bVPN,SystemPerformance,Ram delta tier,Overall,tier_okay,0.00,editorial_default
bVPN,SystemPerformance,Ram tier,Overall,tier_okay,1.20,editorial_default
bVPN,ValueForMoney,_section_total,Overall,,5.61,calculated
bVPN,ValueForMoney,Anonymous payments vfm,Overall,multiple,0.50,editorial_default
bVPN,ValueForMoney,Clear cancellation,Overall,yes,0.50,editorial_default
bVPN,ValueForMoney,Connection limit tier,Overall,6_to_10,0.91,editorial_default
bVPN,ValueForMoney,Country count,Overall,60_plus,,manual_admin
bVPN,ValueForMoney,Free trial available,Overall,yes,0.40,manual_admin
bVPN,ValueForMoney,Includes av,Overall,no,0.00,manual_admin
bVPN,ValueForMoney,Includes dark web monitor,Overall,no,0.00,editorial_default
bVPN,ValueForMoney,Includes password manager,Overall,no,0.00,editorial_default
bVPN,ValueForMoney,Intro lowest price tier,Overall,7_to_10,0.20,editorial_default
bVPN,ValueForMoney,Money back duration,Overall,under_7,0.00,editorial_default
bVPN,ValueForMoney,Monthly price tier,Overall,under_10,1.00,editorial_default
bVPN,ValueForMoney,Pricing consistency,Overall,consistent,0.60,editorial_default
bVPN,ValueForMoney,Renewal lowest price tier,Overall,7_to_10,0.20,editorial_default
bVPN,ValueForMoney,Static ip included,Overall,yes,0.30,editorial_default
bVPN,ValueForMoney,Student discount,Overall,yes,0.20,manual_admin
bVPN,ValueForMoney,Subscription term count,Overall,three_plus,0.50,manual_admin
bVPN,ValueForMoney,Traditional payments,Overall,multiple,0.30,editorial_default
CactusVPN,EaseOfUse,_section_total,Overall,,3.80,calculated
CactusVPN,EaseOfUse,Apps for major platforms,Overall,all_4,1.00,manual_admin
CactusVPN,EaseOfUse,Browser extensions,Overall,none,0.00,editorial_default
CactusVPN,EaseOfUse,Ease of cancellation,Overall,very_easy,0.40,editorial_default
CactusVPN,EaseOfUse,Linux support,Overall,app_with_gui,0.50,editorial_default
CactusVPN,EaseOfUse,Live chat quality,Overall,email_only,0.10,editorial_default
CactusVPN,EaseOfUse,Quick connect,Overall,yes,0.80,manual_admin
CactusVPN,EaseOfUse,Router support,Overall,app_or_firmware,0.50,editorial_default
CactusVPN,EaseOfUse,Streaming device apps eou,Overall,2_plus,0.50,editorial_default
CactusVPN,EaseOfUse,Task specific servers,Overall,no,0.00,manual_admin
CactusVPN,Security,_section_total,Overall,,9.00,calculated
CactusVPN,Security,Anonymous payment,Overall,multiple,0.40,editorial_default
CactusVPN,Security,Authentication strength,Overall,sha384_or_higher,0.30,manual_admin
CactusVPN,Security,Dns leak pass rate,Overall,tier_pass,0.80,editorial_default
CactusVPN,Security,Encryption strength,Overall,aes_128_or_higher,0.60,calculated
CactusVPN,Security,Hq jurisdiction,Overall,outside_14_eyes,0.50,calculated
CactusVPN,Security,Independent audit,Overall,within_24mo,1.00,editorial_default
CactusVPN,Security,Ipv4 leak pass rate,Overall,tier_pass,0.30,editorial_default
CactusVPN,Security,Ipv6 leak pass rate,Overall,tier_pass,0.80,editorial_default
CactusVPN,Security,Kill switch effectiveness,Overall,effective,0.60,editorial_default
CactusVPN,Security,Modern protocols,Overall,has_modern,0.70,manual_admin
CactusVPN,Security,No logs policy status,Overall,audited,1.00,editorial_default
CactusVPN,Security,Obfuscation available,Overall,yes,0.50,calculated
CactusVPN,Security,Perfect forward secrecy,Overall,yes,0.30,manual_admin
CactusVPN,Security,Restrictive region access,Overall,yes,0.30,editorial_default
CactusVPN,Security,Rsa key length,Overall,2048,0.10,manual_admin
CactusVPN,Security,Webrtc leak pass rate,Overall,tier_pass,0.80,editorial_default
CactusVPN,Speed,_section_total,Overall,,7.80,calculated
CactusVPN,Speed,_section_total_v3_global,Overall,,5.00,editorial_default
CactusVPN,Speed,_section_total_v3_uk,Overall,,5.00,editorial_default
CactusVPN,Speed,Connection time,Overall,tier_okay,0.05,editorial_default
CactusVPN,Speed,Download tier,Overall,tier_good,2.65,editorial_default
CactusVPN,Speed,Jitter tier,Overall,tier_good,0.20,editorial_default
CactusVPN,Speed,Latency tier,Overall,tier_good,1.50,editorial_default
CactusVPN,Speed,Long distance speed,Overall,tier_consistent,1.00,editorial_default
CactusVPN,Speed,Packet loss tier,Overall,tier_good,0.40,editorial_default
CactusVPN,Speed,Speed consistency,Overall,tier_consistent,1.00,editorial_default
CactusVPN,Speed,Upload tier,Overall,tier_good,1.00,editorial_default
CactusVPN,Streaming,_section_total,Overall,,0.60,calculated
CactusVPN,Streaming,Android tv app,Overall,,0.00,comparitech_api
CactusVPN,Streaming,Browser extensions,Overall,no,,editorial_default
CactusVPN,Streaming,Includes ad blocker,Overall,,0.00,comparitech_api
CactusVPN,Streaming,Number of locations in relevant country,Overall,<5,1.20,comparitech_api
CactusVPN,Streaming,Offers a smart dns service,Overall,,0.00,comparitech_api
CactusVPN,Streaming,Simultaneous stream capacity,Overall,4_plus,0.30,editorial_default
CactusVPN,Streaming,Streaming device apps,Overall,none,0.00,calculated
CactusVPN,Streaming,Streaming unblock toolkit,Overall,yes,0.30,editorial_default
CactusVPN,Streaming,Tier1 streaming,Overall,most_3_or_4,,editorial_default
CactusVPN,Streaming,Tier2 streaming,Overall,most_3_or_4,,editorial_default
CactusVPN,Streaming,Tier3 streaming,Overall,most_3_or_4,,editorial_default
CactusVPN,Streaming,Works in high censorship countries,Overall,,0.00,comparitech_api
CactusVPN,SystemPerformance,_section_total,Overall,,4.00,calculated
CactusVPN,SystemPerformance,Cpu tier,Overall,tier_okay,1.20,editorial_default
CactusVPN,SystemPerformance,Idle delta cpu tier,Overall,tier_okay,0.00,editorial_default
CactusVPN,SystemPerformance,Load efficiency tier,Overall,tier_okay,4.00,editorial_default
CactusVPN,SystemPerformance,Network overhead tier,Overall,tier_okay,1.00,editorial_default
CactusVPN,SystemPerformance,Ram delta tier,Overall,tier_okay,0.00,editorial_default
CactusVPN,SystemPerformance,Ram tier,Overall,tier_okay,1.20,editorial_default
CactusVPN,ValueForMoney,_section_total,Overall,,6.70,calculated
CactusVPN,ValueForMoney,Anonymous payments vfm,Overall,multiple,0.50,editorial_default
CactusVPN,ValueForMoney,Clear cancellation,Overall,yes,0.50,editorial_default
CactusVPN,ValueForMoney,Connection limit tier,Overall,unlimited,1.70,editorial_default
CactusVPN,ValueForMoney,Country count,Overall,30_to_59,,manual_admin
CactusVPN,ValueForMoney,Free trial available,Overall,no,0.00,manual_admin
CactusVPN,ValueForMoney,Includes av,Overall,no,0.00,manual_admin
CactusVPN,ValueForMoney,Includes dark web monitor,Overall,no,0.00,editorial_default
CactusVPN,ValueForMoney,Includes password manager,Overall,no,0.00,editorial_default
CactusVPN,ValueForMoney,Intro lowest price tier,Overall,3_to_5,0.70,editorial_default
CactusVPN,ValueForMoney,Money back duration,Overall,30_to_44,0.90,editorial_default
CactusVPN,ValueForMoney,Monthly price tier,Overall,over_14,0.00,editorial_default
CactusVPN,ValueForMoney,Pricing consistency,Overall,consistent,0.60,editorial_default
CactusVPN,ValueForMoney,Renewal lowest price tier,Overall,3_to_5,0.70,editorial_default
CactusVPN,ValueForMoney,Static ip included,Overall,yes,0.30,editorial_default
CactusVPN,ValueForMoney,Student discount,Overall,no,0.00,manual_admin
CactusVPN,ValueForMoney,Subscription term count,Overall,three_plus,0.50,manual_admin
CactusVPN,ValueForMoney,Traditional payments,Overall,multiple,0.30,editorial_default
ClearVPN Review,EaseOfUse,_section_total,Overall,,3.20,calculated
ClearVPN Review,EaseOfUse,Apps for major platforms,Overall,all_4,1.00,manual_admin
ClearVPN Review,EaseOfUse,Browser extensions,Overall,1_plus,0.50,editorial_default
ClearVPN Review,EaseOfUse,Ease of cancellation,Overall,moderate,0.20,editorial_default
ClearVPN Review,EaseOfUse,Linux support,Overall,none,0.00,editorial_default
ClearVPN Review,EaseOfUse,Quick connect,Overall,yes,0.80,manual_admin
ClearVPN Review,EaseOfUse,Quick pick purpose,Overall,yes,0.30,manual_admin
ClearVPN Review,EaseOfUse,Router support,Overall,none,0.00,editorial_default
ClearVPN Review,EaseOfUse,Streaming device apps eou,Overall,none,0.00,editorial_default
ClearVPN Review,EaseOfUse,Task specific servers,Overall,yes,0.40,manual_admin
ClearVPN Review,Security,_section_total,Overall,,5.60,calculated
ClearVPN Review,Security,Anonymous payment,Overall,none,0.00,editorial_default
ClearVPN Review,Security,Authentication strength,Overall,weaker,0.00,manual_admin
ClearVPN Review,Security,Dns leak pass rate,Overall,tier_pass,0.80,editorial_default
ClearVPN Review,Security,Encryption strength,Overall,aes_128_or_higher,0.60,calculated
ClearVPN Review,Security,Hq jurisdiction,Overall,outside_14_eyes,0.50,calculated
ClearVPN Review,Security,Independent audit,Overall,none,0.00,editorial_default
ClearVPN Review,Security,Ipv4 leak pass rate,Overall,tier_pass,0.30,editorial_default
ClearVPN Review,Security,Ipv6 leak pass rate,Overall,tier_pass,0.80,editorial_default
ClearVPN Review,Security,Kill switch effectiveness,Overall,effective,0.60,editorial_default
ClearVPN Review,Security,Modern protocols,Overall,has_modern,0.70,manual_admin
ClearVPN Review,Security,No logs policy status,Overall,logs_kept,0.00,editorial_default
ClearVPN Review,Security,Obfuscation available,Overall,no,0.00,calculated
ClearVPN Review,Security,Perfect forward secrecy,Overall,yes,0.30,manual_admin
ClearVPN Review,Security,Restrictive region access,Overall,no,0.00,editorial_default
ClearVPN Review,Security,Rsa key length,Overall,4096_plus,0.20,manual_admin
ClearVPN Review,Security,Webrtc leak pass rate,Overall,tier_pass,0.80,editorial_default
ClearVPN Review,Speed,_section_total,Overall,,7.80,calculated
ClearVPN Review,Speed,_section_total_v3_global,Overall,,5.00,editorial_default
ClearVPN Review,Speed,_section_total_v3_uk,Overall,,5.00,editorial_default
ClearVPN Review,Speed,Connection time,Overall,tier_okay,0.05,editorial_default
ClearVPN Review,Speed,Download tier,Overall,tier_good,2.65,editorial_default
ClearVPN Review,Speed,Jitter tier,Overall,tier_good,0.20,editorial_default
ClearVPN Review,Speed,Latency tier,Overall,tier_good,1.50,editorial_default
ClearVPN Review,Speed,Long distance speed,Overall,tier_consistent,1.00,editorial_default
ClearVPN Review,Speed,Packet loss tier,Overall,tier_good,0.40,editorial_default
ClearVPN Review,Speed,Speed consistency,Overall,tier_consistent,1.00,editorial_default
ClearVPN Review,Speed,Upload tier,Overall,tier_good,1.00,editorial_default
ClearVPN Review,Streaming,_section_total,Overall,,0.60,calculated
ClearVPN Review,Streaming,Android tv app,Overall,,0.00,comparitech_api
ClearVPN Review,Streaming,Browser extensions,Overall,yes,,editorial_default
ClearVPN Review,Streaming,Includes ad blocker,Overall,,0.00,comparitech_api
ClearVPN Review,Streaming,Number of locations in relevant country,Overall,<5,1.20,comparitech_api
ClearVPN Review,Streaming,Offers a smart dns service,Overall,,0.00,comparitech_api
ClearVPN Review,Streaming,Simultaneous stream capacity,Overall,4_plus,0.30,editorial_default
ClearVPN Review,Streaming,Streaming device apps,Overall,none,0.00,calculated
ClearVPN Review,Streaming,Streaming unblock toolkit,Overall,yes,0.30,editorial_default
ClearVPN Review,Streaming,Tier1 streaming,Overall,most_3_or_4,,editorial_default
ClearVPN Review,Streaming,Tier2 streaming,Overall,most_3_or_4,,editorial_default
ClearVPN Review,Streaming,Tier3 streaming,Overall,most_3_or_4,,editorial_default
ClearVPN Review,Streaming,Works in high censorship countries,Overall,,0.00,comparitech_api
ClearVPN Review,SystemPerformance,_section_total,Overall,,4.00,calculated
ClearVPN Review,SystemPerformance,Cpu tier,Overall,tier_okay,1.20,editorial_default
ClearVPN Review,SystemPerformance,Idle delta cpu tier,Overall,tier_okay,0.00,editorial_default
ClearVPN Review,SystemPerformance,Load efficiency tier,Overall,tier_okay,4.00,editorial_default
ClearVPN Review,SystemPerformance,Network overhead tier,Overall,tier_okay,1.00,editorial_default
ClearVPN Review,SystemPerformance,Ram delta tier,Overall,tier_okay,0.00,editorial_default
ClearVPN Review,SystemPerformance,Ram tier,Overall,tier_okay,1.20,editorial_default
ClearVPN Review,ValueForMoney,_section_total,Overall,,6.51,calculated
ClearVPN Review,ValueForMoney,Anonymous payments vfm,Overall,none,0.00,editorial_default
ClearVPN Review,ValueForMoney,Clear cancellation,Overall,yes,0.50,editorial_default
ClearVPN Review,ValueForMoney,Connection limit tier,Overall,6_to_10,0.91,editorial_default
ClearVPN Review,ValueForMoney,Country count,Overall,under_30,,manual_admin
ClearVPN Review,ValueForMoney,Free trial available,Overall,yes,0.40,manual_admin
ClearVPN Review,ValueForMoney,Includes av,Overall,no,0.00,manual_admin
ClearVPN Review,ValueForMoney,Includes dark web monitor,Overall,no,0.00,editorial_default
ClearVPN Review,ValueForMoney,Includes password manager,Overall,no,0.00,editorial_default
ClearVPN Review,ValueForMoney,Intro lowest price tier,Overall,3_to_5,0.70,editorial_default
ClearVPN Review,ValueForMoney,Money back duration,Overall,30_to_44,0.90,editorial_default
ClearVPN Review,ValueForMoney,Monthly price tier,Overall,under_10,1.00,editorial_default
ClearVPN Review,ValueForMoney,Pricing consistency,Overall,consistent,0.60,editorial_default
ClearVPN Review,ValueForMoney,Renewal lowest price tier,Overall,3_to_5,0.70,editorial_default
ClearVPN Review,ValueForMoney,Static ip included,Overall,no,0.00,editorial_default
ClearVPN Review,ValueForMoney,Student discount,Overall,yes,0.20,manual_admin
ClearVPN Review,ValueForMoney,Subscription term count,Overall,two,0.30,manual_admin
ClearVPN Review,ValueForMoney,Traditional payments,Overall,multiple,0.30,editorial_default
CloudVPN,EaseOfUse,_section_total,Overall,,1.90,calculated
CloudVPN,EaseOfUse,Apps for major platforms,Overall,all_4,1.00,manual_admin
CloudVPN,EaseOfUse,Browser extensions,Overall,none,0.00,editorial_default
CloudVPN,EaseOfUse,Linux support,Overall,none,0.00,editorial_default
CloudVPN,EaseOfUse,Live chat quality,Overall,email_only,0.10,editorial_default
CloudVPN,EaseOfUse,Quick connect,Overall,yes,0.80,manual_admin
CloudVPN,EaseOfUse,Quick pick purpose,Overall,no,0.00,manual_admin
CloudVPN,EaseOfUse,Router support,Overall,none,0.00,editorial_default
CloudVPN,EaseOfUse,Streaming device apps eou,Overall,none,0.00,editorial_default
CloudVPN,EaseOfUse,Task specific servers,Overall,no,0.00,manual_admin
CloudVPN,Security,_section_total,Overall,,5.20,calculated
CloudVPN,Security,Anonymous payment,Overall,multiple,0.40,editorial_default
CloudVPN,Security,Dns leak pass rate,Overall,tier_pass,0.80,editorial_default
CloudVPN,Security,Encryption strength,Overall,aes_128_or_higher,0.60,calculated
CloudVPN,Security,Hq jurisdiction,Overall,outside_14_eyes,0.50,manual_admin
CloudVPN,Security,Ipv4 leak pass rate,Overall,tier_pass,0.30,editorial_default
CloudVPN,Security,Ipv6 leak pass rate,Overall,tier_pass,0.80,editorial_default
CloudVPN,Security,Kill switch effectiveness,Overall,effective,0.60,editorial_default
CloudVPN,Security,Modern protocols,Overall,openvpn_only,0.30,calculated
CloudVPN,Security,Obfuscation available,Overall,no,0.00,calculated
CloudVPN,Security,Perfect forward secrecy,Overall,no,0.00,calculated
CloudVPN,Security,Rsa key length,Overall,2048,0.10,calculated
CloudVPN,Security,Webrtc leak pass rate,Overall,tier_pass,0.80,editorial_default
CloudVPN,Speed,_section_total,Overall,,7.80,calculated
CloudVPN,Speed,_section_total_v3_global,Overall,,5.00,editorial_default
CloudVPN,Speed,_section_total_v3_uk,Overall,,5.00,editorial_default
CloudVPN,Speed,Connection time,Overall,tier_okay,0.05,editorial_default
CloudVPN,Speed,Download tier,Overall,tier_good,2.65,editorial_default
CloudVPN,Speed,Jitter tier,Overall,tier_good,0.20,editorial_default
CloudVPN,Speed,Latency tier,Overall,tier_good,1.50,editorial_default
CloudVPN,Speed,Long distance speed,Overall,tier_consistent,1.00,editorial_default
CloudVPN,Speed,Packet loss tier,Overall,tier_good,0.40,editorial_default
CloudVPN,Speed,Speed consistency,Overall,tier_consistent,1.00,editorial_default
CloudVPN,Speed,Upload tier,Overall,tier_good,1.00,editorial_default
CloudVPN,Streaming,_section_total,Overall,,0.30,calculated
CloudVPN,Streaming,Android tv app,Overall,,0.00,comparitech_api
CloudVPN,Streaming,Browser extensions,Overall,no,,editorial_default
CloudVPN,Streaming,Includes ad blocker,Overall,,0.00,comparitech_api
CloudVPN,Streaming,Number of locations in relevant country,Overall,<5,1.20,comparitech_api
CloudVPN,Streaming,Offers a smart dns service,Overall,,0.00,comparitech_api
CloudVPN,Streaming,Simultaneous stream capacity,Overall,4_plus,0.30,editorial_default
CloudVPN,Streaming,Streaming device apps,Overall,none,0.00,calculated
CloudVPN,Streaming,Streaming unblock toolkit,Overall,no,0.00,editorial_default
CloudVPN,Streaming,Tier1 streaming,Overall,most_3_or_4,,editorial_default
CloudVPN,Streaming,Tier2 streaming,Overall,most_3_or_4,,editorial_default
CloudVPN,Streaming,Tier3 streaming,Overall,most_3_or_4,,editorial_default
CloudVPN,Streaming,Works in high censorship countries,Overall,,0.00,comparitech_api
CloudVPN,SystemPerformance,_section_total,Overall,,4.00,calculated
CloudVPN,SystemPerformance,Cpu tier,Overall,tier_okay,1.20,editorial_default
CloudVPN,SystemPerformance,Idle delta cpu tier,Overall,tier_okay,0.00,editorial_default
CloudVPN,SystemPerformance,Load efficiency tier,Overall,tier_okay,4.00,editorial_default
CloudVPN,SystemPerformance,Network overhead tier,Overall,tier_okay,1.00,editorial_default
CloudVPN,SystemPerformance,Ram delta tier,Overall,tier_okay,0.00,editorial_default
CloudVPN,SystemPerformance,Ram tier,Overall,tier_okay,1.20,editorial_default
CloudVPN,ValueForMoney,_section_total,Overall,,5.61,calculated
CloudVPN,ValueForMoney,Anonymous payments vfm,Overall,multiple,0.50,editorial_default
CloudVPN,ValueForMoney,Connection limit tier,Overall,6_to_10,0.91,editorial_default
CloudVPN,ValueForMoney,Country count,Overall,under_30,,manual_admin
CloudVPN,ValueForMoney,Free trial available,Overall,yes,0.40,manual_admin
CloudVPN,ValueForMoney,Includes av,Overall,no,0.00,manual_admin
CloudVPN,ValueForMoney,Intro lowest price tier,Overall,3_to_5,0.70,editorial_default
CloudVPN,ValueForMoney,Monthly price tier,Overall,under_10,1.00,editorial_default
CloudVPN,ValueForMoney,Pricing consistency,Overall,consistent,0.60,editorial_default
CloudVPN,ValueForMoney,Renewal lowest price tier,Overall,3_to_5,0.70,editorial_default
CloudVPN,ValueForMoney,Student discount,Overall,no,0.00,manual_admin
CloudVPN,ValueForMoney,Subscription term count,Overall,three_plus,0.50,manual_admin
CloudVPN,ValueForMoney,Traditional payments,Overall,multiple,0.30,editorial_default
CyberGhost,EaseOfUse,_section_total,Overall,,8.72,calculated
CyberGhost,EaseOfUse,Apps for major platforms,Overall,all_4,1.00,calculated
CyberGhost,EaseOfUse,Browser extensions,Overall,1_plus,0.50,editorial_default
CyberGhost,EaseOfUse,Country count,Overall,60_plus,0.80,calculated
CyberGhost,EaseOfUse,Ease of cancellation,Overall,moderate,0.20,editorial_default
CyberGhost,EaseOfUse,Ease of signup,Overall,moderate,0.42,editorial_default
CyberGhost,EaseOfUse,Feature parity,Overall,varies_by_platform,0.10,editorial_default
CyberGhost,EaseOfUse,Knowledge base,Overall,comprehensive,0.40,editorial_default
CyberGhost,EaseOfUse,Linux support,Overall,app_with_gui,0.50,editorial_default
CyberGhost,EaseOfUse,Live chat quality,Overall,24_7,0.80,editorial_default
CyberGhost,EaseOfUse,Novice friendly design,Overall,high,0.60,editorial_default
CyberGhost,EaseOfUse,Quick connect,Overall,yes,0.80,manual_admin
CyberGhost,EaseOfUse,Quick pick purpose,Overall,yes,0.30,manual_admin
CyberGhost,EaseOfUse,Router support,Overall,app_or_firmware,0.50,editorial_default
CyberGhost,EaseOfUse,Server picker quality,Overall,7_to_9,0.50,editorial_default
CyberGhost,EaseOfUse,Setup guides,Overall,comprehensive,0.40,editorial_default
CyberGhost,EaseOfUse,Streaming device apps eou,Overall,2_plus,0.50,editorial_default
CyberGhost,EaseOfUse,Task specific servers,Overall,yes,0.40,manual_admin
CyberGhost,EaseOfUse,Unblocking consistency,Overall,generally_works,0.50,comparitech_api
CyberGhost,Security,_section_total,Overall,,9.05,calculated
CyberGhost,Security,Additional security features,Overall,No,0.00,comparitech_api
CyberGhost,Security,Anonymous payment,Overall,multiple,0.40,editorial_default
CyberGhost,Security,Audit cadence,Overall,stale,0.15,editorial_default
CyberGhost,Security,Authentication strength,Overall,weaker,0.00,calculated
CyberGhost,Security,Dns leak pass rate,Overall,tier_pass,0.80,benchmark_run
CyberGhost,Security,Encryption strength,Overall,aes_128_or_higher,0.60,calculated
CyberGhost,Security,Hq jurisdiction,Overall,outside_14_eyes,0.50,editorial_default
CyberGhost,Security,Hq outside 9 eyes,Overall,Yes,0.10,comparitech_api
CyberGhost,Security,Independent audit,Overall,within_24mo,1.00,editorial_default
CyberGhost,Security,Ip logs,Overall,No,0.60,comparitech_api
CyberGhost,Security,Ipv4 leak pass rate,Overall,tier_pass,0.30,benchmark_run
CyberGhost,Security,Ipv6 leak pass rate,Overall,tier_pass,0.80,benchmark_run
CyberGhost,Security,Kill switch effectiveness,Overall,effective,0.60,editorial_default
CyberGhost,Security,Modern protocols,Overall,has_modern,0.70,calculated
CyberGhost,Security,No logs policy status,Overall,audited,1.00,editorial_default
CyberGhost,Security,Obfuscation available,Overall,yes,0.50,calculated
CyberGhost,Security,Perfect forward secrecy,Overall,Yes,0.30,calculated
CyberGhost,Security,Private dns,Overall,Yes,0.40,comparitech_api
CyberGhost,Security,Ram only servers,Overall,full,0.40,editorial_default
CyberGhost,Security,Restrictive region access,Overall,no,0.00,editorial_default
CyberGhost,Security,Rsa key length,Overall,4096_plus,0.20,calculated
CyberGhost,Security,Torrenting allowed,Overall,Yes,0.50,comparitech_api
CyberGhost,Security,Webrtc leak pass rate,Overall,tier_pass,0.80,benchmark_run
CyberGhost,Speed,_coverage,Overall,"{""status"": ""partial"", ""count"": 6, ""expected"": 7, ""countries"": [""AU"", ""DE"", ""GB"", ""JP"", ""US"", ""ZA""], ""has_core"": true, ""has_far"": true, ""panel"": [""AU"", ""BR"", ""DE"", ""GB"", ""JP"", ""US"", ""ZA""]}",8.57,calculated
CyberGhost,Speed,_section_total,Overall,,7.80,calculated
CyberGhost,Speed,_section_total,WireGuard,,7.10,calculated
CyberGhost,Speed,_section_total,OpenVPN (UDP),,7.80,calculated
CyberGhost,Speed,_section_total,OpenVPN (TCP),,7.80,calculated
CyberGhost,Speed,_section_total,IKEv2/IPsec,,7.95,calculated
CyberGhost,Speed,_section_total_v3_global,Overall,withheld: insufficient coverage (see _coverage row),7.16,calculated
CyberGhost,Speed,_section_total_v3_protocol,WireGuard,,8.25,calculated
CyberGhost,Speed,_section_total_v3_protocol,OpenVPN (UDP),,6.26,calculated
CyberGhost,Speed,_section_total_v3_protocol,OpenVPN (TCP),,5.85,calculated
CyberGhost,Speed,_section_total_v3_protocol,IKEv2/IPsec,,6.76,calculated
CyberGhost,Speed,_section_total_v3_uk,Overall,withheld: insufficient coverage (see _coverage row),6.71,calculated
CyberGhost,Speed,_speed_v3_dl,Overall,,0.47,calculated
CyberGhost,Speed,_speed_v3_lat,Overall,,0.09,calculated
CyberGhost,Speed,_speed_v3_raw,Overall,"{""raw"": 0.587023, ""dl"": 0.468056, ""ul"": 0.025773, ""lat"": 0.093195, ""curve_score"": 6.71, ""curve_flavor"": ""uk_weighted"", ""curve_field_size"": 7, ""curve_score_min"": 5.0, ""curve_score_max"": 8.5}",0.59,calculated
CyberGhost,Speed,_speed_v3_ul,Overall,,0.03,calculated
CyberGhost,Speed,Connection time,Overall,tier_okay,0.05,editorial_default
CyberGhost,Speed,Connection time,WireGuard,tier_okay,0.05,benchmark_run
CyberGhost,Speed,Connection time,OpenVPN (UDP),tier_okay,0.05,benchmark_run
CyberGhost,Speed,Connection time,OpenVPN (TCP),tier_okay,0.05,benchmark_run
CyberGhost,Speed,Connection time,IKEv2/IPsec,tier_okay,0.05,benchmark_run
CyberGhost,Speed,Download tier,Overall,tier_good,2.65,editorial_default
CyberGhost,Speed,Download tier,WireGuard,tier_good,2.65,benchmark_run
CyberGhost,Speed,Download tier,OpenVPN (UDP),tier_good,2.65,benchmark_run
CyberGhost,Speed,Download tier,OpenVPN (TCP),tier_good,2.65,benchmark_run
CyberGhost,Speed,Download tier,IKEv2/IPsec,tier_excellent,3.30,benchmark_run
CyberGhost,Speed,Jitter tier,Overall,tier_good,0.20,editorial_default
CyberGhost,Speed,Jitter tier,WireGuard,tier_excellent,0.40,benchmark_run
CyberGhost,Speed,Jitter tier,OpenVPN (UDP),tier_excellent,0.40,benchmark_run
CyberGhost,Speed,Jitter tier,OpenVPN (TCP),tier_excellent,0.40,benchmark_run
CyberGhost,Speed,Jitter tier,IKEv2/IPsec,tier_excellent,0.40,benchmark_run
CyberGhost,Speed,Latency tier,Overall,tier_good,1.50,editorial_default
CyberGhost,Speed,Latency tier,WireGuard,tier_good,1.50,benchmark_run
CyberGhost,Speed,Latency tier,OpenVPN (UDP),tier_good,1.50,benchmark_run
CyberGhost,Speed,Latency tier,OpenVPN (TCP),tier_good,1.50,benchmark_run
CyberGhost,Speed,Latency tier,IKEv2/IPsec,tier_good,1.50,benchmark_run
CyberGhost,Speed,Long distance speed,Overall,tier_consistent,1.00,editorial_default
CyberGhost,Speed,Long distance speed,WireGuard,tier_consistent,1.00,benchmark_run
CyberGhost,Speed,Long distance speed,OpenVPN (UDP),tier_consistent,1.00,benchmark_run
CyberGhost,Speed,Long distance speed,OpenVPN (TCP),tier_consistent,1.00,benchmark_run
CyberGhost,Speed,Long distance speed,IKEv2/IPsec,tier_consistent,1.00,benchmark_run
CyberGhost,Speed,Packet loss tier,Overall,tier_good,0.40,editorial_default
CyberGhost,Speed,Packet loss tier,WireGuard,tier_excellent,0.70,benchmark_run
CyberGhost,Speed,Packet loss tier,OpenVPN (UDP),tier_excellent,0.70,benchmark_run
CyberGhost,Speed,Packet loss tier,OpenVPN (TCP),tier_excellent,0.70,benchmark_run
CyberGhost,Speed,Packet loss tier,IKEv2/IPsec,tier_excellent,0.70,benchmark_run
CyberGhost,Speed,Speed consistency,Overall,tier_consistent,1.00,editorial_default
CyberGhost,Speed,Speed consistency,WireGuard,tier_variable,0.30,benchmark_run
CyberGhost,Speed,Speed consistency,OpenVPN (UDP),tier_consistent,1.00,benchmark_run
CyberGhost,Speed,Speed consistency,OpenVPN (TCP),tier_consistent,1.00,benchmark_run
CyberGhost,Speed,Speed consistency,IKEv2/IPsec,tier_consistent,1.00,benchmark_run
CyberGhost,Speed,Upload tier,Overall,tier_good,1.00,editorial_default
CyberGhost,Speed,Upload tier,WireGuard,tier_okay,0.50,benchmark_run
CyberGhost,Speed,Upload tier,OpenVPN (UDP),tier_okay,0.50,benchmark_run
CyberGhost,Speed,Upload tier,OpenVPN (TCP),tier_okay,0.50,benchmark_run
CyberGhost,Speed,Upload tier,IKEv2/IPsec,tier_poor,0.00,benchmark_run
CyberGhost,Streaming,_section_total,Overall,,1.50,calculated
CyberGhost,Streaming,_section_total_v3_streaming,Overall,T1=100% T2=100% T3=100%,8.30,calculated
CyberGhost,Streaming,Android tv app,Overall,,0.00,comparitech_api
CyberGhost,Streaming,Browser extensions,Overall,yes,,editorial_default
CyberGhost,Streaming,Four k capable speed,Overall,yes,0.50,benchmark_run
CyberGhost,Streaming,Includes ad blocker,Overall,Yes,1.00,comparitech_api
CyberGhost,Streaming,Number of locations in relevant country,Overall,5+,1.50,comparitech_api
CyberGhost,Streaming,Simultaneous stream capacity,Overall,4_plus,0.30,editorial_default
CyberGhost,Streaming,Streaming device apps,Overall,2_or_3,0.40,calculated
CyberGhost,Streaming,Streaming hub coverage,Overall,3_plus_hubs,,benchmark_run
CyberGhost,Streaming,Streaming unblock toolkit,Overall,yes,0.30,editorial_default
CyberGhost,Streaming,Streaming v3 coverage,Overall,"2 services scored, 2 excluded (noise/unconfirmed) in 14d window",,calculated
CyberGhost,Streaming,Streaming v3 tier1 pct,Overall,100.0% (1 svc scored),,calculated
CyberGhost,Streaming,Streaming v3 tier2 pct,Overall,100.0% (1 svc scored),,calculated
CyberGhost,Streaming,Streaming v3 tier3 pct,Overall,100.0% (assumed from T2 — T3 not yet benchmarked),,calculated
CyberGhost,Streaming,Tier1 streaming,Overall,some_1_or_2,2.40,benchmark_run
CyberGhost,Streaming,Tier2 streaming,Overall,most_3_or_4,1.00,benchmark_run
CyberGhost,Streaming,Tier3 streaming,Overall,most_3_or_4,0.30,benchmark_run
CyberGhost,Streaming,Works in high censorship countries,Overall,0,0.00,comparitech_api
CyberGhost,SystemPerformance,_section_total,Overall,,4.00,calculated
CyberGhost,SystemPerformance,_section_total_v3_sysperf,Overall,0.06319,6.59,calculated
CyberGhost,SystemPerformance,_section_total_v3_sysperf_protocol,WireGuard,0.06319,6.59,calculated
CyberGhost,SystemPerformance,_section_total_v3_sysperf_protocol,OpenVPN (UDP),0.10882,6.59,calculated
CyberGhost,SystemPerformance,Idle delta cpu pct,Overall,-0.2427,,calculated
CyberGhost,SystemPerformance,Idle delta cpu pct,WireGuard,-0.2427,,calculated
CyberGhost,SystemPerformance,Idle delta cpu pct,OpenVPN (UDP),-4.1653,,calculated
CyberGhost,SystemPerformance,Idle delta cpu tier,Overall,tier_okay,0.00,editorial_default
CyberGhost,SystemPerformance,Load efficiency per mbps,Overall,0.06319,,calculated
CyberGhost,SystemPerformance,Load efficiency per mbps,WireGuard,0.06319,,calculated
CyberGhost,SystemPerformance,Load efficiency per mbps,OpenVPN (UDP),0.10882,,calculated
CyberGhost,SystemPerformance,Load efficiency tier,Overall,tier_okay,4.00,editorial_default
CyberGhost,SystemPerformance,Ram delta mb,Overall,141.5,,calculated
CyberGhost,SystemPerformance,Ram delta mb,WireGuard,141.5,,calculated
CyberGhost,SystemPerformance,Ram delta mb,OpenVPN (UDP),149.3,,calculated
CyberGhost,SystemPerformance,Ram delta tier,Overall,tier_okay,0.00,editorial_default
CyberGhost,ValueForMoney,_section_total,Overall,,7.21,calculated
CyberGhost,ValueForMoney,Anonymous payments vfm,Overall,multiple,0.50,editorial_default
CyberGhost,ValueForMoney,Clear cancellation,Overall,yes,0.50,editorial_default
CyberGhost,ValueForMoney,Connection limit tier,Overall,6_to_10,0.91,editorial_default
CyberGhost,ValueForMoney,Country count,Overall,60_plus,,manual_admin
CyberGhost,ValueForMoney,Free trial available,Overall,yes,0.40,manual_admin
CyberGhost,ValueForMoney,Includes av,Overall,no,0.00,calculated
CyberGhost,ValueForMoney,Includes dark web monitor,Overall,no,0.00,editorial_default
CyberGhost,ValueForMoney,Includes password manager,Overall,no,0.00,editorial_default
CyberGhost,ValueForMoney,Intro lowest price tier,Overall,under_3_usd,1.00,editorial_default
CyberGhost,ValueForMoney,Lowest price,Overall,<$5,1.20,comparitech_api
CyberGhost,ValueForMoney,Money back duration,Overall,45_plus_days,1.00,editorial_default
CyberGhost,ValueForMoney,Money back guarantee,Overall,Yes,1.00,comparitech_api
CyberGhost,ValueForMoney,Monthly price tier,Overall,12_to_14,0.40,editorial_default
CyberGhost,ValueForMoney,Monthly pricing,Overall,<$13,1.10,comparitech_api
CyberGhost,ValueForMoney,Pricing consistency,Overall,moderate,0.50,editorial_default
CyberGhost,ValueForMoney,Renewal lowest price tier,Overall,3_to_5,0.70,editorial_default
CyberGhost,ValueForMoney,Sale frequency,Overall,few,0.50,comparitech_api
CyberGhost,ValueForMoney,Static ip included,Overall,yes,0.30,editorial_default
CyberGhost,ValueForMoney,Student discount,Overall,Yes,0.20,calculated
CyberGhost,ValueForMoney,Subscription term count,Overall,three_plus,0.50,calculated
CyberGhost,ValueForMoney,Traditional payments,Overall,multiple,0.30,editorial_default
ExpressVPN,EaseOfUse,_section_total,Overall,,8.12,calculated
ExpressVPN,EaseOfUse,Apps for major platforms,Overall,all_4,1.00,calculated
ExpressVPN,EaseOfUse,Browser extensions,Overall,1_plus,0.50,editorial_default
ExpressVPN,EaseOfUse,Country count,Overall,60_plus,0.80,calculated
ExpressVPN,EaseOfUse,Ease of cancellation,Overall,moderate,0.20,editorial_default
ExpressVPN,EaseOfUse,Ease of signup,Overall,moderate,0.42,editorial_default
ExpressVPN,EaseOfUse,Feature parity,Overall,most_features,0.40,editorial_default
ExpressVPN,EaseOfUse,Knowledge base,Overall,comprehensive,0.40,editorial_default
ExpressVPN,EaseOfUse,Linux support,Overall,app_with_gui,0.50,editorial_default
ExpressVPN,EaseOfUse,Live chat quality,Overall,24_7,0.80,editorial_default
ExpressVPN,EaseOfUse,Novice friendly design,Overall,high,0.60,editorial_default
ExpressVPN,EaseOfUse,Quick connect,Overall,yes,0.80,manual_admin
ExpressVPN,EaseOfUse,Quick pick purpose,Overall,no,0.00,manual_admin
ExpressVPN,EaseOfUse,Router support,Overall,app_or_firmware,0.50,editorial_default
ExpressVPN,EaseOfUse,Server picker quality,Overall,4_to_6,0.30,editorial_default
ExpressVPN,EaseOfUse,Setup guides,Overall,comprehensive,0.40,editorial_default
ExpressVPN,EaseOfUse,Streaming device apps eou,Overall,2_plus,0.50,editorial_default
ExpressVPN,EaseOfUse,Task specific servers,Overall,no,0.00,manual_admin
ExpressVPN,EaseOfUse,Unblocking consistency,Overall,generally_works,0.50,comparitech_api
ExpressVPN,Security,_section_total,Overall,,10.00,calculated
ExpressVPN,Security,Additional security features,Overall,No,0.00,comparitech_api
ExpressVPN,Security,Anonymous payment,Overall,multiple,0.40,editorial_default
ExpressVPN,Security,Audit cadence,Overall,continuous,0.50,editorial_default
ExpressVPN,Security,Authentication strength,Overall,sha384_or_higher,0.30,calculated
ExpressVPN,Security,Dns leak pass rate,Overall,tier_pass,0.80,benchmark_run
ExpressVPN,Security,Encryption strength,Overall,aes_128_or_higher,0.60,calculated
ExpressVPN,Security,Hq jurisdiction,Overall,outside_14_eyes,0.50,editorial_default
ExpressVPN,Security,Hq outside 9 eyes,Overall,Yes,0.10,comparitech_api
ExpressVPN,Security,Independent audit,Overall,within_24mo,1.00,editorial_default
ExpressVPN,Security,Ip logs,Overall,No,0.60,comparitech_api
ExpressVPN,Security,Ipv4 leak pass rate,Overall,tier_pass,0.30,benchmark_run
ExpressVPN,Security,Ipv6 leak pass rate,Overall,tier_pass,0.80,benchmark_run
ExpressVPN,Security,Kill switch effectiveness,Overall,effective,0.60,editorial_default
ExpressVPN,Security,Modern protocols,Overall,has_modern,0.70,calculated
ExpressVPN,Security,No logs policy status,Overall,audited,1.00,editorial_default
ExpressVPN,Security,Obfuscation available,Overall,yes,0.50,calculated
ExpressVPN,Security,Perfect forward secrecy,Overall,yes,0.30,calculated
ExpressVPN,Security,Private dns,Overall,Yes,0.40,comparitech_api
ExpressVPN,Security,Ram only servers,Overall,full,0.40,editorial_default
ExpressVPN,Security,Restrictive region access,Overall,yes,0.30,editorial_default
ExpressVPN,Security,Rsa key length,Overall,4096_plus,0.20,calculated
ExpressVPN,Security,Torrenting allowed,Overall,Yes,0.50,comparitech_api
ExpressVPN,Security,Webrtc leak pass rate,Overall,tier_pass,0.80,benchmark_run
ExpressVPN,Speed,_coverage,Overall,"{""status"": ""full"", ""count"": 7, ""expected"": 7, ""countries"": [""AU"", ""BR"", ""DE"", ""GB"", ""JP"", ""US"", ""ZA""], ""has_core"": true, ""has_far"": true, ""panel"": [""AU"", ""BR"", ""DE"", ""GB"", ""JP"", ""US"", ""ZA""]}",10.00,calculated
ExpressVPN,Speed,_section_total,Overall,,7.80,calculated
ExpressVPN,Speed,_section_total,WireGuard,,7.05,calculated
ExpressVPN,Speed,_section_total,OpenVPN (UDP),,7.70,calculated
ExpressVPN,Speed,_section_total,OpenVPN (TCP),,3.10,calculated
ExpressVPN,Speed,_section_total,Lightway (UDP),,8.40,calculated
ExpressVPN,Speed,_section_total_v3_global,Overall,,8.10,calculated
ExpressVPN,Speed,_section_total_v3_protocol,WireGuard,,8.79,calculated
ExpressVPN,Speed,_section_total_v3_protocol,OpenVPN (UDP),,7.17,calculated
ExpressVPN,Speed,_section_total_v3_protocol,OpenVPN (TCP),,4.76,calculated
ExpressVPN,Speed,_section_total_v3_protocol,Lightway (UDP),,7.88,calculated
ExpressVPN,Speed,_section_total_v3_uk,Overall,,7.99,calculated
ExpressVPN,Speed,_speed_v3_dl,Overall,,0.48,calculated
ExpressVPN,Speed,_speed_v3_lat,Overall,,0.08,calculated
ExpressVPN,Speed,_speed_v3_raw,Overall,"{""raw"": 0.633903, ""dl"": 0.483898, ""ul"": 0.069717, ""lat"": 0.080289, ""curve_score"": 7.99, ""curve_flavor"": ""uk_weighted"", ""curve_field_size"": 7, ""curve_score_min"": 5.0, ""curve_score_max"": 8.5}",0.63,calculated
ExpressVPN,Speed,_speed_v3_ul,Overall,,0.07,calculated
ExpressVPN,Speed,Connection time,Overall,tier_okay,0.05,editorial_default
ExpressVPN,Speed,Connection time,WireGuard,tier_slow,0.00,benchmark_run
ExpressVPN,Speed,Connection time,OpenVPN (UDP),tier_slow,0.00,benchmark_run
ExpressVPN,Speed,Connection time,OpenVPN (TCP),tier_slow,0.00,benchmark_run
ExpressVPN,Speed,Connection time,Lightway (UDP),tier_slow,0.00,benchmark_run
ExpressVPN,Speed,Download tier,Overall,tier_good,2.65,editorial_default
ExpressVPN,Speed,Download tier,WireGuard,tier_good,2.65,benchmark_run
ExpressVPN,Speed,Download tier,OpenVPN (UDP),tier_excellent,3.30,benchmark_run
ExpressVPN,Speed,Download tier,OpenVPN (TCP),tier_poor,0.00,benchmark_run
ExpressVPN,Speed,Download tier,Lightway (UDP),tier_excellent,3.30,benchmark_run
ExpressVPN,Speed,Jitter tier,Overall,tier_good,0.20,editorial_default
ExpressVPN,Speed,Jitter tier,WireGuard,tier_excellent,0.40,benchmark_run
ExpressVPN,Speed,Jitter tier,OpenVPN (UDP),tier_excellent,0.40,benchmark_run
ExpressVPN,Speed,Jitter tier,OpenVPN (TCP),tier_excellent,0.40,benchmark_run
ExpressVPN,Speed,Jitter tier,Lightway (UDP),tier_excellent,0.40,benchmark_run
ExpressVPN,Speed,Latency tier,Overall,tier_good,1.50,editorial_default
ExpressVPN,Speed,Latency tier,WireGuard,tier_okay,1.00,benchmark_run
ExpressVPN,Speed,Latency tier,OpenVPN (UDP),tier_okay,1.00,benchmark_run
ExpressVPN,Speed,Latency tier,OpenVPN (TCP),tier_okay,1.00,benchmark_run
ExpressVPN,Speed,Latency tier,Lightway (UDP),tier_okay,1.00,benchmark_run
ExpressVPN,Speed,Long distance speed,Overall,tier_consistent,1.00,editorial_default
ExpressVPN,Speed,Long distance speed,WireGuard,tier_consistent,1.00,benchmark_run
ExpressVPN,Speed,Long distance speed,OpenVPN (UDP),tier_consistent,1.00,benchmark_run
ExpressVPN,Speed,Long distance speed,OpenVPN (TCP),tier_inconsistent,0.00,benchmark_run
ExpressVPN,Speed,Long distance speed,Lightway (UDP),tier_consistent,1.00,benchmark_run
ExpressVPN,Speed,Packet loss tier,Overall,tier_good,0.40,editorial_default
ExpressVPN,Speed,Packet loss tier,WireGuard,tier_excellent,0.70,benchmark_run
ExpressVPN,Speed,Packet loss tier,OpenVPN (UDP),tier_excellent,0.70,benchmark_run
ExpressVPN,Speed,Packet loss tier,OpenVPN (TCP),tier_excellent,0.70,benchmark_run
ExpressVPN,Speed,Packet loss tier,Lightway (UDP),tier_excellent,0.70,benchmark_run
ExpressVPN,Speed,Speed consistency,Overall,tier_consistent,1.00,editorial_default
ExpressVPN,Speed,Speed consistency,WireGuard,tier_variable,0.30,benchmark_run
ExpressVPN,Speed,Speed consistency,OpenVPN (UDP),tier_variable,0.30,benchmark_run
ExpressVPN,Speed,Speed consistency,OpenVPN (TCP),tier_consistent,1.00,benchmark_run
ExpressVPN,Speed,Speed consistency,Lightway (UDP),tier_consistent,1.00,benchmark_run
ExpressVPN,Speed,Upload tier,Overall,tier_good,1.00,editorial_default
ExpressVPN,Speed,Upload tier,WireGuard,tier_good,1.00,benchmark_run
ExpressVPN,Speed,Upload tier,OpenVPN (UDP),tier_good,1.00,benchmark_run
ExpressVPN,Speed,Upload tier,OpenVPN (TCP),tier_poor,0.00,benchmark_run
ExpressVPN,Speed,Upload tier,Lightway (UDP),tier_good,1.00,benchmark_run
ExpressVPN,Streaming,_section_total,Overall,,1.50,calculated
ExpressVPN,Streaming,_section_total_v3_streaming,Overall,T1=100% T2=100% T3=100%,8.30,calculated
ExpressVPN,Streaming,Android tv app,Overall,,0.00,comparitech_api
ExpressVPN,Streaming,Browser extensions,Overall,yes,,editorial_default
ExpressVPN,Streaming,Four k capable speed,Overall,yes,0.50,benchmark_run
ExpressVPN,Streaming,Includes ad blocker,Overall,Yes,1.00,comparitech_api
ExpressVPN,Streaming,Number of locations in relevant country,Overall,5+,1.50,comparitech_api
ExpressVPN,Streaming,Simultaneous stream capacity,Overall,4_plus,0.30,editorial_default
ExpressVPN,Streaming,Streaming device apps,Overall,2_or_3,0.40,calculated
ExpressVPN,Streaming,Streaming hub coverage,Overall,3_plus_hubs,,benchmark_run
ExpressVPN,Streaming,Streaming unblock toolkit,Overall,yes,0.30,editorial_default
ExpressVPN,Streaming,Streaming v3 coverage,Overall,"4 services scored, 0 excluded (noise/unconfirmed) in 14d window",,calculated
ExpressVPN,Streaming,Streaming v3 tier1 pct,Overall,100.0% (2 svc scored),,calculated
ExpressVPN,Streaming,Streaming v3 tier2 pct,Overall,100.0% (2 svc scored),,calculated
ExpressVPN,Streaming,Streaming v3 tier3 pct,Overall,100.0% (assumed from T2 — T3 not yet benchmarked),,calculated
ExpressVPN,Streaming,Tier1 streaming,Overall,most_3_or_4,2.40,benchmark_run
ExpressVPN,Streaming,Tier2 streaming,Overall,most_3_or_4,1.00,benchmark_run
ExpressVPN,Streaming,Tier3 streaming,Overall,most_3_or_4,0.30,benchmark_run
ExpressVPN,Streaming,Works in high censorship countries,Overall,1,1.00,comparitech_api
ExpressVPN,SystemPerformance,_section_total,Overall,,4.00,calculated
ExpressVPN,SystemPerformance,_section_total_v3_sysperf,Overall,0.05892,6.59,calculated
ExpressVPN,SystemPerformance,_section_total_v3_sysperf_protocol,OpenVPN (UDP),0.04614,6.72,calculated
ExpressVPN,SystemPerformance,_section_total_v3_sysperf_protocol,Lightway (UDP),0.05892,6.59,calculated
ExpressVPN,SystemPerformance,Idle delta cpu pct,Overall,-3.3473,,calculated
ExpressVPN,SystemPerformance,Idle delta cpu pct,OpenVPN (UDP),-3.2153,,calculated
ExpressVPN,SystemPerformance,Idle delta cpu pct,Lightway (UDP),-3.3473,,calculated
ExpressVPN,SystemPerformance,Idle delta cpu tier,Overall,tier_okay,0.00,editorial_default
ExpressVPN,SystemPerformance,Load efficiency per mbps,Overall,0.05892,,calculated
ExpressVPN,SystemPerformance,Load efficiency per mbps,OpenVPN (UDP),0.04614,,calculated
ExpressVPN,SystemPerformance,Load efficiency per mbps,Lightway (UDP),0.05892,,calculated
ExpressVPN,SystemPerformance,Load efficiency tier,Overall,tier_okay,4.00,editorial_default
ExpressVPN,SystemPerformance,Ram delta mb,Overall,208.3,,calculated
ExpressVPN,SystemPerformance,Ram delta mb,OpenVPN (UDP),203.3,,calculated
ExpressVPN,SystemPerformance,Ram delta mb,Lightway (UDP),208.3,,calculated
ExpressVPN,SystemPerformance,Ram delta tier,Overall,tier_okay,0.00,editorial_default
ExpressVPN,ValueForMoney,_section_total,Overall,,6.71,calculated
ExpressVPN,ValueForMoney,Anonymous payments vfm,Overall,multiple,0.50,editorial_default
ExpressVPN,ValueForMoney,Clear cancellation,Overall,yes,0.50,editorial_default
ExpressVPN,ValueForMoney,Connection limit tier,Overall,6_to_10,0.91,editorial_default
ExpressVPN,ValueForMoney,Country count,Overall,60_plus,,manual_admin
ExpressVPN,ValueForMoney,Free trial available,Overall,no,0.00,manual_admin
ExpressVPN,ValueForMoney,Includes av,Overall,no,0.00,manual_admin
ExpressVPN,ValueForMoney,Includes dark web monitor,Overall,yes,0.30,editorial_default
ExpressVPN,ValueForMoney,Includes password manager,Overall,yes,0.30,editorial_default
ExpressVPN,ValueForMoney,Intro lowest price tier,Overall,under_3_usd,1.00,editorial_default
ExpressVPN,ValueForMoney,Lowest price,Overall,<$5,1.20,comparitech_api
ExpressVPN,ValueForMoney,Money back duration,Overall,30_to_44,0.90,editorial_default
ExpressVPN,ValueForMoney,Money back guarantee,Overall,Yes,1.00,comparitech_api
ExpressVPN,ValueForMoney,Monthly price tier,Overall,12_to_14,0.40,editorial_default
ExpressVPN,ValueForMoney,Monthly pricing,Overall,$15+,0.90,comparitech_api
ExpressVPN,ValueForMoney,Pricing consistency,Overall,steep,0.40,editorial_default
ExpressVPN,ValueForMoney,Renewal lowest price tier,Overall,7_to_10,0.20,editorial_default
ExpressVPN,ValueForMoney,Sale frequency,Overall,frequently,1.20,comparitech_api
ExpressVPN,ValueForMoney,Static ip included,Overall,yes,0.30,editorial_default
ExpressVPN,ValueForMoney,Student discount,Overall,yes,0.20,manual_admin
ExpressVPN,ValueForMoney,Subscription term count,Overall,three_plus,0.50,manual_admin
ExpressVPN,ValueForMoney,Traditional payments,Overall,multiple,0.30,editorial_default
F-Secure Freedome VPN,EaseOfUse,_section_total,Overall,,1.80,calculated
F-Secure Freedome VPN,EaseOfUse,Browser extensions,Overall,none,0.00,editorial_default
F-Secure Freedome VPN,EaseOfUse,Country count,Overall,under_30,0.20,manual_admin
F-Secure Freedome VPN,EaseOfUse,Linux support,Overall,none,0.00,editorial_default
F-Secure Freedome VPN,EaseOfUse,Live chat quality,Overall,24_7,0.80,editorial_default
F-Secure Freedome VPN,EaseOfUse,Quick connect,Overall,yes,0.80,manual_admin
F-Secure Freedome VPN,EaseOfUse,Quick pick purpose,Overall,no,0.00,manual_admin
F-Secure Freedome VPN,EaseOfUse,Router support,Overall,none,0.00,editorial_default
F-Secure Freedome VPN,EaseOfUse,Streaming device apps eou,Overall,none,0.00,editorial_default
F-Secure Freedome VPN,EaseOfUse,Task specific servers,Overall,no,0.00,manual_admin
F-Secure Freedome VPN,Security,_section_total,Overall,,3.80,calculated
F-Secure Freedome VPN,Security,Anonymous payment,Overall,none,0.00,editorial_default
F-Secure Freedome VPN,Security,Dns leak pass rate,Overall,tier_pass,0.80,editorial_default
F-Secure Freedome VPN,Security,Hq jurisdiction,Overall,outside_14_eyes,0.50,calculated
F-Secure Freedome VPN,Security,Ipv4 leak pass rate,Overall,tier_pass,0.30,editorial_default
F-Secure Freedome VPN,Security,Ipv6 leak pass rate,Overall,tier_pass,0.80,editorial_default
F-Secure Freedome VPN,Security,Kill switch effectiveness,Overall,effective,0.60,editorial_default
F-Secure Freedome VPN,Security,Webrtc leak pass rate,Overall,tier_pass,0.80,editorial_default
F-Secure Freedome VPN,Speed,_section_total,Overall,,7.80,calculated
F-Secure Freedome VPN,Speed,_section_total_v3_global,Overall,,5.00,editorial_default
F-Secure Freedome VPN,Speed,_section_total_v3_uk,Overall,,5.00,editorial_default
F-Secure Freedome VPN,Speed,Connection time,Overall,tier_okay,0.05,editorial_default
F-Secure Freedome VPN,Speed,Download tier,Overall,tier_good,2.65,editorial_default
F-Secure Freedome VPN,Speed,Jitter tier,Overall,tier_good,0.20,editorial_default
F-Secure Freedome VPN,Speed,Latency tier,Overall,tier_good,1.50,editorial_default
F-Secure Freedome VPN,Speed,Long distance speed,Overall,tier_consistent,1.00,editorial_default
F-Secure Freedome VPN,Speed,Packet loss tier,Overall,tier_good,0.40,editorial_default
F-Secure Freedome VPN,Speed,Speed consistency,Overall,tier_consistent,1.00,editorial_default
F-Secure Freedome VPN,Speed,Upload tier,Overall,tier_good,1.00,editorial_default
F-Secure Freedome VPN,Streaming,_section_total,Overall,,0.15,calculated
F-Secure Freedome VPN,Streaming,Android tv app,Overall,,0.00,comparitech_api
F-Secure Freedome VPN,Streaming,Browser extensions,Overall,no,,editorial_default
F-Secure Freedome VPN,Streaming,Includes ad blocker,Overall,,0.00,comparitech_api
F-Secure Freedome VPN,Streaming,Number of locations in relevant country,Overall,<5,1.20,comparitech_api
F-Secure Freedome VPN,Streaming,Offers a smart dns service,Overall,,0.00,comparitech_api
F-Secure Freedome VPN,Streaming,Simultaneous stream capacity,Overall,under_4,0.15,editorial_default
F-Secure Freedome VPN,Streaming,Streaming device apps,Overall,none,0.00,calculated
F-Secure Freedome VPN,Streaming,Streaming unblock toolkit,Overall,no,0.00,editorial_default
F-Secure Freedome VPN,Streaming,Tier1 streaming,Overall,most_3_or_4,,editorial_default
F-Secure Freedome VPN,Streaming,Tier2 streaming,Overall,most_3_or_4,,editorial_default
F-Secure Freedome VPN,Streaming,Tier3 streaming,Overall,most_3_or_4,,editorial_default
F-Secure Freedome VPN,Streaming,Works in high censorship countries,Overall,,0.00,comparitech_api
F-Secure Freedome VPN,SystemPerformance,_section_total,Overall,,4.00,calculated
F-Secure Freedome VPN,SystemPerformance,Cpu tier,Overall,tier_okay,1.20,editorial_default
F-Secure Freedome VPN,SystemPerformance,Idle delta cpu tier,Overall,tier_okay,0.00,editorial_default
F-Secure Freedome VPN,SystemPerformance,Load efficiency tier,Overall,tier_okay,4.00,editorial_default
F-Secure Freedome VPN,SystemPerformance,Network overhead tier,Overall,tier_okay,1.00,editorial_default
F-Secure Freedome VPN,SystemPerformance,Ram delta tier,Overall,tier_okay,0.00,editorial_default
F-Secure Freedome VPN,SystemPerformance,Ram tier,Overall,tier_okay,1.20,editorial_default
F-Secure Freedome VPN,ValueForMoney,_section_total,Overall,,4.05,calculated
F-Secure Freedome VPN,ValueForMoney,Anonymous payments vfm,Overall,none,0.00,editorial_default
F-Secure Freedome VPN,ValueForMoney,Connection limit tier,Overall,under_6,0.45,editorial_default
F-Secure Freedome VPN,ValueForMoney,Country count,Overall,under_30,,manual_admin
F-Secure Freedome VPN,ValueForMoney,Free trial available,Overall,yes,0.40,manual_admin
F-Secure Freedome VPN,ValueForMoney,Includes av,Overall,no,0.00,manual_admin
F-Secure Freedome VPN,ValueForMoney,Intro lowest price tier,Overall,3_to_5,0.70,editorial_default
F-Secure Freedome VPN,ValueForMoney,Money back duration,Overall,30_to_44,0.90,editorial_default
F-Secure Freedome VPN,ValueForMoney,Pricing consistency,Overall,consistent,0.60,editorial_default
F-Secure Freedome VPN,ValueForMoney,Renewal lowest price tier,Overall,3_to_5,0.70,editorial_default
F-Secure Freedome VPN,ValueForMoney,Student discount,Overall,no,0.00,manual_admin
F-Secure Freedome VPN,ValueForMoney,Subscription term count,Overall,two,0.30,manual_admin
FastestVPN,EaseOfUse,_section_total,Overall,,6.10,calculated
FastestVPN,EaseOfUse,Apps for major platforms,Overall,all_4,1.00,manual_admin
FastestVPN,EaseOfUse,Browser extensions,Overall,1_plus,0.50,editorial_default
FastestVPN,EaseOfUse,Ease of cancellation,Overall,very_easy,0.40,editorial_default
FastestVPN,EaseOfUse,Ease of signup,Overall,very_easy,0.70,manual_admin
FastestVPN,EaseOfUse,Knowledge base,Overall,comprehensive,0.40,manual_admin
FastestVPN,EaseOfUse,Linux support,Overall,app_with_gui,0.50,editorial_default
FastestVPN,EaseOfUse,Live chat quality,Overall,24_7,0.80,editorial_default
FastestVPN,EaseOfUse,Quick connect,Overall,no,0.00,manual_admin
FastestVPN,EaseOfUse,Router support,Overall,app_or_firmware,0.50,editorial_default
FastestVPN,EaseOfUse,Setup guides,Overall,comprehensive,0.40,manual_admin
FastestVPN,EaseOfUse,Streaming device apps eou,Overall,2_plus,0.50,editorial_default
FastestVPN,EaseOfUse,Task specific servers,Overall,yes,0.40,manual_admin
FastestVPN,Security,_section_total,Overall,,7.80,calculated
FastestVPN,Security,Anonymous payment,Overall,multiple,0.40,editorial_default
FastestVPN,Security,Authentication strength,Overall,sha384_or_higher,0.30,manual_admin
FastestVPN,Security,Dns leak pass rate,Overall,tier_pass,0.80,editorial_default
FastestVPN,Security,Encryption strength,Overall,aes_128_or_higher,0.60,manual_admin
FastestVPN,Security,Hq jurisdiction,Overall,outside_14_eyes,0.50,calculated
FastestVPN,Security,Independent audit,Overall,older,0.40,editorial_default
FastestVPN,Security,Ipv4 leak pass rate,Overall,tier_pass,0.30,editorial_default
FastestVPN,Security,Ipv6 leak pass rate,Overall,tier_pass,0.80,editorial_default
FastestVPN,Security,Kill switch effectiveness,Overall,effective,0.60,editorial_default
FastestVPN,Security,Modern protocols,Overall,has_modern,0.70,manual_admin
FastestVPN,Security,No logs policy status,Overall,claimed,0.50,editorial_default
FastestVPN,Security,Obfuscation available,Overall,yes,0.50,manual_admin
FastestVPN,Security,Perfect forward secrecy,Overall,yes,0.30,manual_admin
FastestVPN,Security,Restrictive region access,Overall,yes,0.30,editorial_default
FastestVPN,Security,Rsa key length,Overall,weaker,0.00,manual_admin
FastestVPN,Security,Webrtc leak pass rate,Overall,tier_pass,0.80,editorial_default
FastestVPN,Speed,_section_total,Overall,,7.80,calculated
FastestVPN,Speed,_section_total_v3_global,Overall,,5.00,editorial_default
FastestVPN,Speed,_section_total_v3_uk,Overall,,5.00,editorial_default
FastestVPN,Speed,Connection time,Overall,tier_okay,0.05,editorial_default
FastestVPN,Speed,Download tier,Overall,tier_good,2.65,editorial_default
FastestVPN,Speed,Jitter tier,Overall,tier_good,0.20,editorial_default
FastestVPN,Speed,Latency tier,Overall,tier_good,1.50,editorial_default
FastestVPN,Speed,Long distance speed,Overall,tier_consistent,1.00,editorial_default
FastestVPN,Speed,Packet loss tier,Overall,tier_good,0.40,editorial_default
FastestVPN,Speed,Speed consistency,Overall,tier_consistent,1.00,editorial_default
FastestVPN,Speed,Upload tier,Overall,tier_good,1.00,editorial_default
FastestVPN,Streaming,_section_total,Overall,,0.60,calculated
FastestVPN,Streaming,Android tv app,Overall,,0.00,comparitech_api
FastestVPN,Streaming,Browser extensions,Overall,yes,,editorial_default
FastestVPN,Streaming,Includes ad blocker,Overall,,0.00,comparitech_api
FastestVPN,Streaming,Number of locations in relevant country,Overall,<5,1.20,comparitech_api
FastestVPN,Streaming,Offers a smart dns service,Overall,,0.00,comparitech_api
FastestVPN,Streaming,Simultaneous stream capacity,Overall,4_plus,0.30,editorial_default
FastestVPN,Streaming,Streaming device apps,Overall,none,0.00,calculated
FastestVPN,Streaming,Streaming unblock toolkit,Overall,yes,0.30,editorial_default
FastestVPN,Streaming,Tier1 streaming,Overall,most_3_or_4,,editorial_default
FastestVPN,Streaming,Tier2 streaming,Overall,most_3_or_4,,editorial_default
FastestVPN,Streaming,Tier3 streaming,Overall,most_3_or_4,,editorial_default
FastestVPN,Streaming,Works in high censorship countries,Overall,,0.00,comparitech_api
FastestVPN,SystemPerformance,_section_total,Overall,,4.00,calculated
FastestVPN,SystemPerformance,Cpu tier,Overall,tier_okay,1.20,editorial_default
FastestVPN,SystemPerformance,Idle delta cpu tier,Overall,tier_okay,0.00,editorial_default
FastestVPN,SystemPerformance,Load efficiency tier,Overall,tier_okay,4.00,editorial_default
FastestVPN,SystemPerformance,Network overhead tier,Overall,tier_okay,1.00,editorial_default
FastestVPN,SystemPerformance,Ram delta tier,Overall,tier_okay,0.00,editorial_default
FastestVPN,SystemPerformance,Ram tier,Overall,tier_okay,1.20,editorial_default
FastestVPN,ValueForMoney,_section_total,Overall,,5.86,calculated
FastestVPN,ValueForMoney,Anonymous payments vfm,Overall,multiple,0.50,editorial_default
FastestVPN,ValueForMoney,Clear cancellation,Overall,yes,0.50,editorial_default
FastestVPN,ValueForMoney,Connection limit tier,Overall,10_plus,1.36,editorial_default
FastestVPN,ValueForMoney,Country count,Overall,under_30,,manual_admin
FastestVPN,ValueForMoney,Free trial available,Overall,no,0.00,manual_admin
FastestVPN,ValueForMoney,Includes av,Overall,no,0.00,manual_admin
FastestVPN,ValueForMoney,Includes dark web monitor,Overall,no,0.00,editorial_default
FastestVPN,ValueForMoney,Includes password manager,Overall,yes,0.30,editorial_default
FastestVPN,ValueForMoney,Money back duration,Overall,30_to_44,0.90,editorial_default
FastestVPN,ValueForMoney,Monthly price tier,Overall,under_10,1.00,editorial_default
FastestVPN,ValueForMoney,Static ip included,Overall,yes,0.30,editorial_default
FastestVPN,ValueForMoney,Student discount,Overall,yes,0.20,manual_admin
FastestVPN,ValueForMoney,Subscription term count,Overall,three_plus,0.50,manual_admin
FastestVPN,ValueForMoney,Traditional payments,Overall,multiple,0.30,editorial_default
FrootVPN,EaseOfUse,_section_total,Overall,,3.10,calculated
FrootVPN,EaseOfUse,Apps for major platforms,Overall,all_4,1.00,manual_admin
FrootVPN,EaseOfUse,Browser extensions,Overall,none,0.00,editorial_default
FrootVPN,EaseOfUse,Ease of cancellation,Overall,very_easy,0.40,editorial_default
FrootVPN,EaseOfUse,Linux support,Overall,app_with_gui,0.50,editorial_default
FrootVPN,EaseOfUse,Live chat quality,Overall,business_hours,0.40,editorial_default
FrootVPN,EaseOfUse,Quick connect,Overall,yes,0.80,manual_admin
FrootVPN,EaseOfUse,Router support,Overall,none,0.00,editorial_default
FrootVPN,EaseOfUse,Streaming device apps eou,Overall,none,0.00,editorial_default
FrootVPN,EaseOfUse,Task specific servers,Overall,no,0.00,manual_admin
FrootVPN,Security,_section_total,Overall,,5.60,calculated
FrootVPN,Security,Anonymous payment,Overall,multiple,0.40,editorial_default
FrootVPN,Security,Authentication strength,Overall,sha384_or_higher,0.30,manual_admin
FrootVPN,Security,Dns leak pass rate,Overall,tier_pass,0.80,editorial_default
FrootVPN,Security,Encryption strength,Overall,aes_128_or_higher,0.60,manual_admin
FrootVPN,Security,Hq jurisdiction,Overall,,0.50,manual_admin
FrootVPN,Security,Independent audit,Overall,none,0.00,editorial_default
FrootVPN,Security,Ipv4 leak pass rate,Overall,tier_pass,0.30,editorial_default
FrootVPN,Security,Ipv6 leak pass rate,Overall,tier_pass,0.80,editorial_default
FrootVPN,Security,Kill switch effectiveness,Overall,effective,0.60,editorial_default
FrootVPN,Security,Modern protocols,Overall,openvpn_only,0.30,calculated
FrootVPN,Security,No logs policy status,Overall,logs_kept,0.00,editorial_default
FrootVPN,Security,Obfuscation available,Overall,no,0.00,calculated
FrootVPN,Security,Perfect forward secrecy,Overall,yes,0.30,calculated
FrootVPN,Security,Restrictive region access,Overall,yes,0.30,editorial_default
FrootVPN,Security,Rsa key length,Overall,2048,0.10,calculated
FrootVPN,Security,Webrtc leak pass rate,Overall,tier_pass,0.80,editorial_default
FrootVPN,Speed,_section_total,Overall,,7.80,calculated
FrootVPN,Speed,_section_total_v3_global,Overall,,5.00,editorial_default
FrootVPN,Speed,_section_total_v3_uk,Overall,,5.00,editorial_default
FrootVPN,Speed,Connection time,Overall,tier_okay,0.05,editorial_default
FrootVPN,Speed,Download tier,Overall,tier_good,2.65,editorial_default
FrootVPN,Speed,Jitter tier,Overall,tier_good,0.20,editorial_default
FrootVPN,Speed,Latency tier,Overall,tier_good,1.50,editorial_default
FrootVPN,Speed,Long distance speed,Overall,tier_consistent,1.00,editorial_default
FrootVPN,Speed,Packet loss tier,Overall,tier_good,0.40,editorial_default
FrootVPN,Speed,Speed consistency,Overall,tier_consistent,1.00,editorial_default
FrootVPN,Speed,Upload tier,Overall,tier_good,1.00,editorial_default
FrootVPN,Streaming,_section_total,Overall,,0.30,calculated
FrootVPN,Streaming,Android tv app,Overall,,0.00,comparitech_api
FrootVPN,Streaming,Browser extensions,Overall,no,,editorial_default
FrootVPN,Streaming,Includes ad blocker,Overall,,0.00,comparitech_api
FrootVPN,Streaming,Number of locations in relevant country,Overall,<5,1.20,comparitech_api
FrootVPN,Streaming,Offers a smart dns service,Overall,,0.00,comparitech_api
FrootVPN,Streaming,Simultaneous stream capacity,Overall,4_plus,0.30,editorial_default
FrootVPN,Streaming,Streaming device apps,Overall,none,0.00,calculated
FrootVPN,Streaming,Streaming unblock toolkit,Overall,no,0.00,editorial_default
FrootVPN,Streaming,Tier1 streaming,Overall,most_3_or_4,,editorial_default
FrootVPN,Streaming,Tier2 streaming,Overall,most_3_or_4,,editorial_default
FrootVPN,Streaming,Tier3 streaming,Overall,most_3_or_4,,editorial_default
FrootVPN,Streaming,Works in high censorship countries,Overall,,0.00,comparitech_api
FrootVPN,SystemPerformance,_section_total,Overall,,4.00,calculated
FrootVPN,SystemPerformance,Cpu tier,Overall,tier_okay,1.20,editorial_default
FrootVPN,SystemPerformance,Idle delta cpu tier,Overall,tier_okay,0.00,editorial_default
FrootVPN,SystemPerformance,Load efficiency tier,Overall,tier_okay,4.00,editorial_default
FrootVPN,SystemPerformance,Network overhead tier,Overall,tier_okay,1.00,editorial_default
FrootVPN,SystemPerformance,Ram delta tier,Overall,tier_okay,0.00,editorial_default
FrootVPN,SystemPerformance,Ram tier,Overall,tier_okay,1.20,editorial_default
FrootVPN,ValueForMoney,_section_total,Overall,,4.75,calculated
FrootVPN,ValueForMoney,Anonymous payments vfm,Overall,multiple,0.50,editorial_default
FrootVPN,ValueForMoney,Clear cancellation,Overall,yes,0.50,editorial_default
FrootVPN,ValueForMoney,Connection limit tier,Overall,under_6,0.45,editorial_default
FrootVPN,ValueForMoney,Country count,Overall,30_to_59,,manual_admin
FrootVPN,ValueForMoney,Free trial available,Overall,no,0.00,manual_admin
FrootVPN,ValueForMoney,Includes av,Overall,no,0.00,manual_admin
FrootVPN,ValueForMoney,Includes dark web monitor,Overall,no,0.00,editorial_default
FrootVPN,ValueForMoney,Includes password manager,Overall,no,0.00,editorial_default
FrootVPN,ValueForMoney,Intro lowest price tier,Overall,5_to_7,0.50,editorial_default
FrootVPN,ValueForMoney,Money back duration,Overall,30_to_44,0.90,editorial_default
FrootVPN,ValueForMoney,Monthly price tier,Overall,over_14,0.00,editorial_default
FrootVPN,ValueForMoney,Pricing consistency,Overall,consistent,0.60,editorial_default
FrootVPN,ValueForMoney,Renewal lowest price tier,Overall,5_to_7,0.50,editorial_default
FrootVPN,ValueForMoney,Static ip included,Overall,no,0.00,editorial_default
FrootVPN,ValueForMoney,Student discount,Overall,no,0.00,manual_admin
FrootVPN,ValueForMoney,Subscription term count,Overall,three_plus,0.50,manual_admin
FrootVPN,ValueForMoney,Traditional payments,Overall,multiple,0.30,editorial_default
Goose VPN,EaseOfUse,_section_total,Overall,,5.60,calculated
Goose VPN,EaseOfUse,Apps for major platforms,Overall,all_4,1.00,manual_admin
Goose VPN,EaseOfUse,Browser extensions,Overall,none,0.00,editorial_default
Goose VPN,EaseOfUse,Ease of cancellation,Overall,very_easy,0.40,editorial_default
Goose VPN,EaseOfUse,Ease of signup,Overall,very_easy,0.70,manual_admin
Goose VPN,EaseOfUse,Knowledge base,Overall,basic,0.20,manual_admin
Goose VPN,EaseOfUse,Linux support,Overall,app_with_gui,0.50,editorial_default
Goose VPN,EaseOfUse,Live chat quality,Overall,email_only,0.10,editorial_default
Goose VPN,EaseOfUse,Quick connect,Overall,yes,0.80,manual_admin
Goose VPN,EaseOfUse,Quick pick purpose,Overall,yes,0.30,manual_admin
Goose VPN,EaseOfUse,Router support,Overall,app_or_firmware,0.50,editorial_default
Goose VPN,EaseOfUse,Setup guides,Overall,comprehensive,0.40,manual_admin
Goose VPN,EaseOfUse,Streaming device apps eou,Overall,1,0.30,editorial_default
Goose VPN,EaseOfUse,Task specific servers,Overall,yes,0.40,manual_admin
Goose VPN,Security,_section_total,Overall,,4.30,calculated
Goose VPN,Security,Anonymous payment,Overall,none,0.00,editorial_default
Goose VPN,Security,Authentication strength,Overall,weaker,0.00,manual_admin
Goose VPN,Security,Dns leak pass rate,Overall,tier_pass,0.80,editorial_default
Goose VPN,Security,Encryption strength,Overall,aes_128_or_higher,0.60,manual_admin
Goose VPN,Security,Hq jurisdiction,Overall,inside_14_eyes,0.00,calculated
Goose VPN,Security,Independent audit,Overall,none,0.00,editorial_default
Goose VPN,Security,Ipv4 leak pass rate,Overall,tier_pass,0.30,editorial_default
Goose VPN,Security,Ipv6 leak pass rate,Overall,tier_pass,0.80,editorial_default
Goose VPN,Security,Kill switch effectiveness,Overall,effective,0.60,editorial_default
Goose VPN,Security,Modern protocols,Overall,openvpn_only,0.30,manual_admin
Goose VPN,Security,No logs policy status,Overall,logs_kept,0.00,editorial_default
Goose VPN,Security,Obfuscation available,Overall,no,0.00,calculated
Goose VPN,Security,Perfect forward secrecy,Overall,no,0.00,calculated
Goose VPN,Security,Restrictive region access,Overall,no,0.00,editorial_default
Goose VPN,Security,Rsa key length,Overall,2048,0.10,manual_admin
Goose VPN,Security,Webrtc leak pass rate,Overall,tier_pass,0.80,editorial_default
Goose VPN,Speed,_section_total,Overall,,7.80,calculated
Goose VPN,Speed,_section_total_v3_global,Overall,,5.00,editorial_default
Goose VPN,Speed,_section_total_v3_uk,Overall,,5.00,editorial_default
Goose VPN,Speed,Connection time,Overall,tier_okay,0.05,editorial_default
Goose VPN,Speed,Download tier,Overall,tier_good,2.65,editorial_default
Goose VPN,Speed,Jitter tier,Overall,tier_good,0.20,editorial_default
Goose VPN,Speed,Latency tier,Overall,tier_good,1.50,editorial_default
Goose VPN,Speed,Long distance speed,Overall,tier_consistent,1.00,editorial_default
Goose VPN,Speed,Packet loss tier,Overall,tier_good,0.40,editorial_default
Goose VPN,Speed,Speed consistency,Overall,tier_consistent,1.00,editorial_default
Goose VPN,Speed,Upload tier,Overall,tier_good,1.00,editorial_default
Goose VPN,Streaming,_section_total,Overall,,0.45,calculated
Goose VPN,Streaming,Android tv app,Overall,,0.00,comparitech_api
Goose VPN,Streaming,Browser extensions,Overall,no,,editorial_default
Goose VPN,Streaming,Includes ad blocker,Overall,,0.00,comparitech_api
Goose VPN,Streaming,Number of locations in relevant country,Overall,<5,1.20,comparitech_api
Goose VPN,Streaming,Offers a smart dns service,Overall,,0.00,comparitech_api
Goose VPN,Streaming,Simultaneous stream capacity,Overall,under_4,0.15,editorial_default
Goose VPN,Streaming,Streaming device apps,Overall,none,0.00,calculated
Goose VPN,Streaming,Streaming unblock toolkit,Overall,yes,0.30,editorial_default
Goose VPN,Streaming,Tier1 streaming,Overall,most_3_or_4,,editorial_default
Goose VPN,Streaming,Tier2 streaming,Overall,most_3_or_4,,editorial_default
Goose VPN,Streaming,Tier3 streaming,Overall,most_3_or_4,,editorial_default
Goose VPN,Streaming,Works in high censorship countries,Overall,,0.00,comparitech_api
Goose VPN,SystemPerformance,_section_total,Overall,,4.00,calculated
Goose VPN,SystemPerformance,Cpu tier,Overall,tier_okay,1.20,editorial_default
Goose VPN,SystemPerformance,Idle delta cpu tier,Overall,tier_okay,0.00,editorial_default
Goose VPN,SystemPerformance,Load efficiency tier,Overall,tier_okay,4.00,editorial_default
Goose VPN,SystemPerformance,Network overhead tier,Overall,tier_okay,1.00,editorial_default
Goose VPN,SystemPerformance,Ram delta tier,Overall,tier_okay,0.00,editorial_default
Goose VPN,SystemPerformance,Ram tier,Overall,tier_okay,1.20,editorial_default
Goose VPN,ValueForMoney,_section_total,Overall,,3.70,calculated
Goose VPN,ValueForMoney,Anonymous payments vfm,Overall,none,0.00,editorial_default
Goose VPN,ValueForMoney,Clear cancellation,Overall,yes,0.50,editorial_default
Goose VPN,ValueForMoney,Connection limit tier,Overall,,,editorial_default
Goose VPN,ValueForMoney,Country count,Overall,30_to_59,,manual_admin
Goose VPN,ValueForMoney,Free trial available,Overall,no,0.00,manual_admin
Goose VPN,ValueForMoney,Includes av,Overall,no,0.00,manual_admin
Goose VPN,ValueForMoney,Includes dark web monitor,Overall,no,0.00,editorial_default
Goose VPN,ValueForMoney,Includes password manager,Overall,no,0.00,editorial_default
Goose VPN,ValueForMoney,Money back duration,Overall,30_to_44,0.90,editorial_default
Goose VPN,ValueForMoney,Monthly price tier,Overall,under_10,1.00,editorial_default
Goose VPN,ValueForMoney,Renewal lowest price tier,Overall,7_to_10,0.20,editorial_default
Goose VPN,ValueForMoney,Static ip included,Overall,yes,0.30,editorial_default
Goose VPN,ValueForMoney,Student discount,Overall,no,0.00,manual_admin
Goose VPN,ValueForMoney,Subscription term count,Overall,three_plus,0.50,manual_admin
Goose VPN,ValueForMoney,Traditional payments,Overall,multiple,0.30,editorial_default
Hide My Ass!,EaseOfUse,_section_total,Overall,,3.00,calculated
Hide My Ass!,EaseOfUse,Apps for major platforms,Overall,all_4,1.00,manual_admin
Hide My Ass!,EaseOfUse,Browser extensions,Overall,none,0.00,editorial_default
Hide My Ass!,EaseOfUse,Ease of cancellation,Overall,very_easy,0.40,editorial_default
Hide My Ass!,EaseOfUse,Linux support,Overall,none,0.00,editorial_default
Hide My Ass!,EaseOfUse,Live chat quality,Overall,email_only,0.10,editorial_default
Hide My Ass!,EaseOfUse,Quick connect,Overall,yes,0.80,manual_admin
Hide My Ass!,EaseOfUse,Quick pick purpose,Overall,no,0.00,manual_admin
Hide My Ass!,EaseOfUse,Router support,Overall,none,0.00,editorial_default
Hide My Ass!,EaseOfUse,Streaming device apps eou,Overall,1,0.30,editorial_default
Hide My Ass!,EaseOfUse,Task specific servers,Overall,yes,0.40,manual_admin
Hide My Ass!,Security,_section_total,Overall,,6.50,calculated
Hide My Ass!,Security,Anonymous payment,Overall,none,0.00,editorial_default
Hide My Ass!,Security,Authentication strength,Overall,weaker,0.00,manual_admin
Hide My Ass!,Security,Dns leak pass rate,Overall,tier_pass,0.80,editorial_default
Hide My Ass!,Security,Encryption strength,Overall,aes_128_or_higher,0.60,manual_admin
Hide My Ass!,Security,Hq jurisdiction,Overall,inside_14_eyes,0.00,calculated
Hide My Ass!,Security,Independent audit,Overall,older,0.40,editorial_default
Hide My Ass!,Security,Ipv4 leak pass rate,Overall,tier_pass,0.30,editorial_default
Hide My Ass!,Security,Ipv6 leak pass rate,Overall,tier_pass,0.80,editorial_default
Hide My Ass!,Security,Kill switch effectiveness,Overall,effective,0.60,editorial_default
Hide My Ass!,Security,Modern protocols,Overall,has_modern,0.70,manual_admin
Hide My Ass!,Security,No logs policy status,Overall,claimed,0.50,editorial_default
Hide My Ass!,Security,Obfuscation available,Overall,yes,0.50,manual_admin
Hide My Ass!,Security,Perfect forward secrecy,Overall,yes,0.30,manual_admin
Hide My Ass!,Security,Restrictive region access,Overall,no,0.00,editorial_default
Hide My Ass!,Security,Rsa key length,Overall,4096_plus,0.20,manual_admin
Hide My Ass!,Security,Webrtc leak pass rate,Overall,tier_pass,0.80,editorial_default
Hide My Ass!,Speed,_section_total,Overall,,7.80,calculated
Hide My Ass!,Speed,_section_total_v3_global,Overall,,5.00,editorial_default
Hide My Ass!,Speed,_section_total_v3_uk,Overall,,5.00,editorial_default
Hide My Ass!,Speed,Connection time,Overall,tier_okay,0.05,editorial_default
Hide My Ass!,Speed,Download tier,Overall,tier_good,2.65,editorial_default
Hide My Ass!,Speed,Jitter tier,Overall,tier_good,0.20,editorial_default
Hide My Ass!,Speed,Latency tier,Overall,tier_good,1.50,editorial_default
Hide My Ass!,Speed,Long distance speed,Overall,tier_consistent,1.00,editorial_default
Hide My Ass!,Speed,Packet loss tier,Overall,tier_good,0.40,editorial_default
Hide My Ass!,Speed,Speed consistency,Overall,tier_consistent,1.00,editorial_default
Hide My Ass!,Speed,Upload tier,Overall,tier_good,1.00,editorial_default
Hide My Ass!,Streaming,_section_total,Overall,,0.45,calculated
Hide My Ass!,Streaming,Android tv app,Overall,,0.00,comparitech_api
Hide My Ass!,Streaming,Browser extensions,Overall,no,,editorial_default
Hide My Ass!,Streaming,Includes ad blocker,Overall,,0.00,comparitech_api
Hide My Ass!,Streaming,Number of locations in relevant country,Overall,<5,1.20,comparitech_api
Hide My Ass!,Streaming,Offers a smart dns service,Overall,,0.00,comparitech_api
Hide My Ass!,Streaming,Simultaneous stream capacity,Overall,under_4,0.15,editorial_default
Hide My Ass!,Streaming,Streaming device apps,Overall,none,0.00,calculated
Hide My Ass!,Streaming,Streaming unblock toolkit,Overall,yes,0.30,editorial_default
Hide My Ass!,Streaming,Tier1 streaming,Overall,most_3_or_4,,editorial_default
Hide My Ass!,Streaming,Tier2 streaming,Overall,most_3_or_4,,editorial_default
Hide My Ass!,Streaming,Tier3 streaming,Overall,most_3_or_4,,editorial_default
Hide My Ass!,Streaming,Works in high censorship countries,Overall,,0.00,comparitech_api
Hide My Ass!,SystemPerformance,_section_total,Overall,,4.00,calculated
Hide My Ass!,SystemPerformance,Cpu tier,Overall,tier_okay,1.20,editorial_default
Hide My Ass!,SystemPerformance,Idle delta cpu tier,Overall,tier_okay,0.00,editorial_default
Hide My Ass!,SystemPerformance,Load efficiency tier,Overall,tier_okay,4.00,editorial_default
Hide My Ass!,SystemPerformance,Network overhead tier,Overall,tier_okay,1.00,editorial_default
Hide My Ass!,SystemPerformance,Ram delta tier,Overall,tier_okay,0.00,editorial_default
Hide My Ass!,SystemPerformance,Ram tier,Overall,tier_okay,1.20,editorial_default
Hide My Ass!,ValueForMoney,_section_total,Overall,,4.10,calculated
Hide My Ass!,ValueForMoney,Anonymous payments vfm,Overall,none,0.00,editorial_default
Hide My Ass!,ValueForMoney,Clear cancellation,Overall,yes,0.50,editorial_default
Hide My Ass!,ValueForMoney,Connection limit tier,Overall,,,editorial_default
Hide My Ass!,ValueForMoney,Country count,Overall,60_plus,,manual_admin
Hide My Ass!,ValueForMoney,Free trial available,Overall,yes,0.40,manual_admin
Hide My Ass!,ValueForMoney,Includes av,Overall,no,0.00,manual_admin
Hide My Ass!,ValueForMoney,Includes dark web monitor,Overall,no,0.00,editorial_default
Hide My Ass!,ValueForMoney,Includes password manager,Overall,no,0.00,editorial_default
Hide My Ass!,ValueForMoney,Intro lowest price tier,Overall,under_3_usd,1.00,editorial_default
Hide My Ass!,ValueForMoney,Money back duration,Overall,30_to_44,0.90,editorial_default
Hide My Ass!,ValueForMoney,Pricing consistency,Overall,extreme,0.30,editorial_default
Hide My Ass!,ValueForMoney,Renewal lowest price tier,Overall,over_10,0.00,editorial_default
Hide My Ass!,ValueForMoney,Static ip included,Overall,no,0.00,editorial_default
Hide My Ass!,ValueForMoney,Student discount,Overall,yes,0.20,manual_admin
Hide My Ass!,ValueForMoney,Subscription term count,Overall,three_plus,0.50,manual_admin
Hide My Ass!,ValueForMoney,Traditional payments,Overall,multiple,0.30,editorial_default
Hide.me,EaseOfUse,_section_total,Overall,,6.50,calculated
Hide.me,EaseOfUse,Apps for major platforms,Overall,all_4,1.00,manual_admin
Hide.me,EaseOfUse,Browser extensions,Overall,1_plus,0.50,editorial_default
Hide.me,EaseOfUse,Ease of cancellation,Overall,very_easy,0.40,editorial_default
Hide.me,EaseOfUse,Ease of signup,Overall,very_easy,0.70,manual_admin
Hide.me,EaseOfUse,Knowledge base,Overall,comprehensive,0.40,manual_admin
Hide.me,EaseOfUse,Linux support,Overall,app_with_gui,0.50,editorial_default
Hide.me,EaseOfUse,Live chat quality,Overall,24_7,0.80,editorial_default
Hide.me,EaseOfUse,Quick connect,Overall,yes,0.80,manual_admin
Hide.me,EaseOfUse,Quick pick purpose,Overall,no,0.00,manual_admin
Hide.me,EaseOfUse,Router support,Overall,app_or_firmware,0.50,editorial_default
Hide.me,EaseOfUse,Setup guides,Overall,comprehensive,0.40,manual_admin
Hide.me,EaseOfUse,Streaming device apps eou,Overall,2_plus,0.50,editorial_default
Hide.me,EaseOfUse,Task specific servers,Overall,no,0.00,manual_admin
Hide.me,Security,_section_total,Overall,,7.70,calculated
Hide.me,Security,Anonymous payment,Overall,multiple,0.40,editorial_default
Hide.me,Security,Authentication strength,Overall,sha384_or_higher,0.30,manual_admin
Hide.me,Security,Dns leak pass rate,Overall,tier_pass,0.80,editorial_default
Hide.me,Security,Encryption strength,Overall,aes_128_or_higher,0.60,manual_admin
Hide.me,Security,Hq jurisdiction,Overall,outside_14_eyes,0.50,calculated
Hide.me,Security,Independent audit,Overall,older,0.40,editorial_default
Hide.me,Security,Ipv4 leak pass rate,Overall,tier_pass,0.30,editorial_default
Hide.me,Security,Ipv6 leak pass rate,Overall,tier_pass,0.80,editorial_default
Hide.me,Security,Kill switch effectiveness,Overall,effective,0.60,editorial_default
Hide.me,Security,Modern protocols,Overall,has_modern,0.70,manual_admin
Hide.me,Security,No logs policy status,Overall,claimed,0.50,editorial_default
Hide.me,Security,Obfuscation available,Overall,yes,0.50,manual_admin
Hide.me,Security,Perfect forward secrecy,Overall,yes,0.30,manual_admin
Hide.me,Security,Rsa key length,Overall,4096_plus,0.20,manual_admin
Hide.me,Security,Webrtc leak pass rate,Overall,tier_pass,0.80,editorial_default
Hide.me,Speed,_section_total,Overall,,7.80,calculated
Hide.me,Speed,_section_total_v3_global,Overall,,5.00,editorial_default
Hide.me,Speed,_section_total_v3_uk,Overall,,5.00,editorial_default
Hide.me,Speed,Connection time,Overall,tier_okay,0.05,editorial_default
Hide.me,Speed,Download tier,Overall,tier_good,2.65,editorial_default
Hide.me,Speed,Jitter tier,Overall,tier_good,0.20,editorial_default
Hide.me,Speed,Latency tier,Overall,tier_good,1.50,editorial_default
Hide.me,Speed,Long distance speed,Overall,tier_consistent,1.00,editorial_default
Hide.me,Speed,Packet loss tier,Overall,tier_good,0.40,editorial_default
Hide.me,Speed,Speed consistency,Overall,tier_consistent,1.00,editorial_default
Hide.me,Speed,Upload tier,Overall,tier_good,1.00,editorial_default
Hide.me,Streaming,_section_total,Overall,,0.60,calculated
Hide.me,Streaming,Android tv app,Overall,,0.00,comparitech_api
Hide.me,Streaming,Browser extensions,Overall,yes,,editorial_default
Hide.me,Streaming,Includes ad blocker,Overall,,0.00,comparitech_api
Hide.me,Streaming,Number of locations in relevant country,Overall,<5,1.20,comparitech_api
Hide.me,Streaming,Offers a smart dns service,Overall,,0.00,comparitech_api
Hide.me,Streaming,Simultaneous stream capacity,Overall,4_plus,0.30,editorial_default
Hide.me,Streaming,Streaming device apps,Overall,none,0.00,calculated
Hide.me,Streaming,Streaming unblock toolkit,Overall,yes,0.30,editorial_default
Hide.me,Streaming,Tier1 streaming,Overall,most_3_or_4,,editorial_default
Hide.me,Streaming,Tier2 streaming,Overall,most_3_or_4,,editorial_default
Hide.me,Streaming,Tier3 streaming,Overall,most_3_or_4,,editorial_default
Hide.me,Streaming,Works in high censorship countries,Overall,,0.00,comparitech_api
Hide.me,SystemPerformance,_section_total,Overall,,4.00,calculated
Hide.me,SystemPerformance,Cpu tier,Overall,tier_okay,1.20,editorial_default
Hide.me,SystemPerformance,Idle delta cpu tier,Overall,tier_okay,0.00,editorial_default
Hide.me,SystemPerformance,Load efficiency tier,Overall,tier_okay,4.00,editorial_default
Hide.me,SystemPerformance,Network overhead tier,Overall,tier_okay,1.00,editorial_default
Hide.me,SystemPerformance,Ram delta tier,Overall,tier_okay,0.00,editorial_default
Hide.me,SystemPerformance,Ram tier,Overall,tier_okay,1.20,editorial_default
Hide.me,ValueForMoney,_section_total,Overall,,7.96,calculated
Hide.me,ValueForMoney,Anonymous payments vfm,Overall,multiple,0.50,editorial_default
Hide.me,ValueForMoney,Clear cancellation,Overall,yes,0.50,editorial_default
Hide.me,ValueForMoney,Connection limit tier,Overall,10_plus,1.36,editorial_default
Hide.me,ValueForMoney,Country count,Overall,60_plus,,manual_admin
Hide.me,ValueForMoney,Free trial available,Overall,yes,0.40,manual_admin
Hide.me,ValueForMoney,Includes av,Overall,no,0.00,manual_admin
Hide.me,ValueForMoney,Includes dark web monitor,Overall,no,0.00,editorial_default
Hide.me,ValueForMoney,Includes password manager,Overall,no,0.00,editorial_default
Hide.me,ValueForMoney,Intro lowest price tier,Overall,under_3_usd,1.00,editorial_default
Hide.me,ValueForMoney,Money back duration,Overall,30_to_44,0.90,editorial_default
Hide.me,ValueForMoney,Monthly price tier,Overall,10_to_12,0.70,editorial_default
Hide.me,ValueForMoney,Pricing consistency,Overall,consistent,0.60,editorial_default
Hide.me,ValueForMoney,Renewal lowest price tier,Overall,under_3_usd,1.00,editorial_default
Hide.me,ValueForMoney,Static ip included,Overall,no,0.00,editorial_default
Hide.me,ValueForMoney,Student discount,Overall,yes,0.20,manual_admin
Hide.me,ValueForMoney,Subscription term count,Overall,three_plus,0.50,manual_admin
Hide.me,ValueForMoney,Traditional payments,Overall,multiple,0.30,editorial_default
HotVPN,Security,_section_total,Overall,,4.30,calculated
HotVPN,Security,Dns leak pass rate,Overall,tier_pass,0.80,editorial_default
HotVPN,Security,Encryption strength,Overall,aes_128_or_higher,0.60,calculated
HotVPN,Security,Ipv4 leak pass rate,Overall,tier_pass,0.30,editorial_default
HotVPN,Security,Ipv6 leak pass rate,Overall,tier_pass,0.80,editorial_default
HotVPN,Security,Kill switch effectiveness,Overall,effective,0.60,editorial_default
HotVPN,Security,Modern protocols,Overall,openvpn_only,0.30,calculated
HotVPN,Security,Obfuscation available,Overall,no,0.00,calculated
HotVPN,Security,Perfect forward secrecy,Overall,no,0.00,calculated
HotVPN,Security,Rsa key length,Overall,2048,0.10,calculated
HotVPN,Security,Webrtc leak pass rate,Overall,tier_pass,0.80,editorial_default
HotVPN,Speed,_section_total,Overall,,7.80,calculated
HotVPN,Speed,_section_total_v3_global,Overall,,5.00,editorial_default
HotVPN,Speed,_section_total_v3_uk,Overall,,5.00,editorial_default
HotVPN,Speed,Connection time,Overall,tier_okay,0.05,editorial_default
HotVPN,Speed,Download tier,Overall,tier_good,2.65,editorial_default
HotVPN,Speed,Jitter tier,Overall,tier_good,0.20,editorial_default
HotVPN,Speed,Latency tier,Overall,tier_good,1.50,editorial_default
HotVPN,Speed,Long distance speed,Overall,tier_consistent,1.00,editorial_default
HotVPN,Speed,Packet loss tier,Overall,tier_good,0.40,editorial_default
HotVPN,Speed,Speed consistency,Overall,tier_consistent,1.00,editorial_default
HotVPN,Speed,Upload tier,Overall,tier_good,1.00,editorial_default
HotVPN,Streaming,_section_total,Overall,,0.30,calculated
HotVPN,Streaming,Android tv app,Overall,,0.00,comparitech_api
HotVPN,Streaming,Includes ad blocker,Overall,,0.00,comparitech_api
HotVPN,Streaming,Number of locations in relevant country,Overall,<5,1.20,comparitech_api
HotVPN,Streaming,Offers a smart dns service,Overall,,0.00,comparitech_api
HotVPN,Streaming,Simultaneous stream capacity,Overall,4_plus,0.30,editorial_default
HotVPN,Streaming,Streaming device apps,Overall,none,0.00,calculated
HotVPN,Streaming,Streaming unblock toolkit,Overall,no,0.00,editorial_default
HotVPN,Streaming,Tier1 streaming,Overall,most_3_or_4,,editorial_default
HotVPN,Streaming,Tier2 streaming,Overall,most_3_or_4,,editorial_default
HotVPN,Streaming,Tier3 streaming,Overall,most_3_or_4,,editorial_default
HotVPN,Streaming,Works in high censorship countries,Overall,,0.00,comparitech_api
HotVPN,SystemPerformance,_section_total,Overall,,4.00,calculated
HotVPN,SystemPerformance,Cpu tier,Overall,tier_okay,1.20,editorial_default
HotVPN,SystemPerformance,Idle delta cpu tier,Overall,tier_okay,0.00,editorial_default
HotVPN,SystemPerformance,Load efficiency tier,Overall,tier_okay,4.00,editorial_default
HotVPN,SystemPerformance,Network overhead tier,Overall,tier_okay,1.00,editorial_default
HotVPN,SystemPerformance,Ram delta tier,Overall,tier_okay,0.00,editorial_default
HotVPN,SystemPerformance,Ram tier,Overall,tier_okay,1.20,editorial_default
HotVPN,ValueForMoney,_section_total,Overall,,0.45,calculated
HotVPN,ValueForMoney,Connection limit tier,Overall,under_6,0.45,editorial_default
HotVPN,ValueForMoney,Country count,Overall,30_to_59,,manual_admin
IPVanish,EaseOfUse,_section_total,Overall,,8.72,calculated
IPVanish,EaseOfUse,Apps for major platforms,Overall,all_4,1.00,calculated
IPVanish,EaseOfUse,Browser extensions,Overall,1_plus,0.50,editorial_default
IPVanish,EaseOfUse,Country count,Overall,60_plus,0.80,calculated
IPVanish,EaseOfUse,Ease of cancellation,Overall,very_easy,0.40,editorial_default
IPVanish,EaseOfUse,Ease of signup,Overall,moderate,0.42,editorial_default
IPVanish,EaseOfUse,Feature parity,Overall,most_features,0.40,editorial_default
IPVanish,EaseOfUse,Knowledge base,Overall,comprehensive,0.40,editorial_default
IPVanish,EaseOfUse,Linux support,Overall,app_with_gui,0.50,editorial_default
IPVanish,EaseOfUse,Live chat quality,Overall,24_7,0.80,editorial_default
IPVanish,EaseOfUse,Novice friendly design,Overall,high,0.60,editorial_default
IPVanish,EaseOfUse,Quick connect,Overall,yes,0.80,manual_admin
IPVanish,EaseOfUse,Router support,Overall,app_or_firmware,0.50,editorial_default
IPVanish,EaseOfUse,Server picker quality,Overall,10_plus,0.70,editorial_default
IPVanish,EaseOfUse,Setup guides,Overall,comprehensive,0.40,editorial_default
IPVanish,EaseOfUse,Streaming device apps eou,Overall,2_plus,0.50,editorial_default
IPVanish,EaseOfUse,Task specific servers,Overall,no,0.00,manual_admin
IPVanish,EaseOfUse,Unblocking consistency,Overall,great,1.00,comparitech_api
IPVanish,Security,_section_total,Overall,,8.00,calculated
IPVanish,Security,Additional security features,Overall,Yes,0.40,comparitech_api
IPVanish,Security,Anonymous payment,Overall,none,0.00,editorial_default
IPVanish,Security,Audit cadence,Overall,regular,0.30,editorial_default
IPVanish,Security,Authentication strength,Overall,weaker,0.00,manual_admin
IPVanish,Security,Dns leak pass rate,Overall,tier_pass,0.80,benchmark_run
IPVanish,Security,Encryption strength,Overall,aes_128_or_higher,0.60,calculated
IPVanish,Security,Hq jurisdiction,Overall,inside_14_eyes,0.00,editorial_default
IPVanish,Security,Hq outside 9 eyes,Overall,Yes,0.10,comparitech_api
IPVanish,Security,Independent audit,Overall,within_24mo,1.00,editorial_default
IPVanish,Security,Ip logs,Overall,No,0.60,comparitech_api
IPVanish,Security,Ipv4 leak pass rate,Overall,tier_pass,0.30,benchmark_run
IPVanish,Security,Ipv6 leak pass rate,Overall,tier_pass,0.80,benchmark_run
IPVanish,Security,Kill switch effectiveness,Overall,effective,0.60,editorial_default
IPVanish,Security,Modern protocols,Overall,has_modern,0.70,calculated
IPVanish,Security,No logs policy status,Overall,audited,1.00,editorial_default
IPVanish,Security,Obfuscation available,Overall,yes,0.50,calculated
IPVanish,Security,Perfect forward secrecy,Overall,Yes,0.30,calculated
IPVanish,Security,Private dns,Overall,Yes,0.40,comparitech_api
IPVanish,Security,Ram only servers,Overall,partial,0.20,editorial_default
IPVanish,Security,Restrictive region access,Overall,no,0.00,editorial_default
IPVanish,Security,Rsa key length,Overall,2048,0.10,manual_admin
IPVanish,Security,Torrenting allowed,Overall,Yes,0.50,comparitech_api
IPVanish,Security,Webrtc leak pass rate,Overall,tier_pass,0.80,benchmark_run
IPVanish,Speed,_coverage,Overall,"{""status"": ""full"", ""count"": 7, ""expected"": 7, ""countries"": [""AU"", ""BR"", ""DE"", ""GB"", ""JP"", ""US"", ""ZA""], ""has_core"": true, ""has_far"": true, ""panel"": [""AU"", ""BR"", ""DE"", ""GB"", ""JP"", ""US"", ""ZA""]}",10.00,calculated
IPVanish,Speed,_section_total,Overall,,7.80,calculated
IPVanish,Speed,_section_total,WireGuard,,3.45,calculated
IPVanish,Speed,_section_total,OpenVPN (UDP),,4.65,calculated
IPVanish,Speed,_section_total,OpenVPN (TCP),,6.65,calculated
IPVanish,Speed,_section_total,IKEv2/IPsec,,6.15,calculated
IPVanish,Speed,_section_total_v3_global,Overall,withheld: insufficient coverage (see _coverage row),5.25,calculated
IPVanish,Speed,_section_total_v3_protocol,WireGuard,,7.19,calculated
IPVanish,Speed,_section_total_v3_protocol,OpenVPN (UDP),,5.39,calculated
IPVanish,Speed,_section_total_v3_protocol,OpenVPN (TCP),,5.45,calculated
IPVanish,Speed,_section_total_v3_protocol,IKEv2/IPsec,,5.91,calculated
IPVanish,Speed,_section_total_v3_uk,Overall,withheld: insufficient coverage (see _coverage row),5.25,calculated
IPVanish,Speed,_speed_v3_dl,Overall,,0.39,calculated
IPVanish,Speed,_speed_v3_lat,Overall,,0.09,calculated
IPVanish,Speed,_speed_v3_raw,Overall,"{""raw"": 0.490342, ""dl"": 0.385804, ""ul"": 0.01847, ""lat"": 0.086068, ""curve_score"": 5.25, ""curve_flavor"": ""uk_weighted"", ""curve_field_size"": 7, ""curve_score_min"": 5.0, ""curve_score_max"": 8.5}",0.49,calculated
IPVanish,Speed,_speed_v3_ul,Overall,,0.02,calculated
IPVanish,Speed,Connection time,Overall,tier_okay,0.05,editorial_default
IPVanish,Speed,Connection time,WireGuard,tier_okay,0.05,benchmark_run
IPVanish,Speed,Connection time,OpenVPN (UDP),tier_okay,0.05,benchmark_run
IPVanish,Speed,Connection time,OpenVPN (TCP),tier_okay,0.05,benchmark_run
IPVanish,Speed,Connection time,IKEv2/IPsec,tier_okay,0.05,benchmark_run
IPVanish,Speed,Download tier,Overall,tier_good,2.65,editorial_default
IPVanish,Speed,Download tier,WireGuard,tier_poor,0.00,benchmark_run
IPVanish,Speed,Download tier,OpenVPN (UDP),tier_poor,0.00,benchmark_run
IPVanish,Speed,Download tier,OpenVPN (TCP),tier_okay,2.00,benchmark_run
IPVanish,Speed,Download tier,IKEv2/IPsec,tier_okay,2.00,benchmark_run
IPVanish,Speed,Jitter tier,Overall,tier_good,0.20,editorial_default
IPVanish,Speed,Jitter tier,WireGuard,tier_excellent,0.40,benchmark_run
IPVanish,Speed,Jitter tier,OpenVPN (UDP),tier_excellent,0.40,benchmark_run
IPVanish,Speed,Jitter tier,OpenVPN (TCP),tier_excellent,0.40,benchmark_run
IPVanish,Speed,Jitter tier,IKEv2/IPsec,tier_excellent,0.40,benchmark_run
IPVanish,Speed,Latency tier,Overall,tier_good,1.50,editorial_default
IPVanish,Speed,Latency tier,WireGuard,tier_okay,1.00,benchmark_run
IPVanish,Speed,Latency tier,OpenVPN (UDP),tier_okay,1.00,benchmark_run
IPVanish,Speed,Latency tier,OpenVPN (TCP),tier_okay,1.00,benchmark_run
IPVanish,Speed,Latency tier,IKEv2/IPsec,tier_okay,1.00,benchmark_run
IPVanish,Speed,Long distance speed,Overall,tier_consistent,1.00,editorial_default
IPVanish,Speed,Long distance speed,WireGuard,tier_consistent,1.00,benchmark_run
IPVanish,Speed,Long distance speed,OpenVPN (UDP),tier_consistent,1.00,benchmark_run
IPVanish,Speed,Long distance speed,OpenVPN (TCP),tier_consistent,1.00,benchmark_run
IPVanish,Speed,Long distance speed,IKEv2/IPsec,tier_consistent,1.00,benchmark_run
IPVanish,Speed,Packet loss tier,Overall,tier_good,0.40,editorial_default
IPVanish,Speed,Packet loss tier,WireGuard,tier_excellent,0.70,benchmark_run
IPVanish,Speed,Packet loss tier,OpenVPN (UDP),tier_excellent,0.70,benchmark_run
IPVanish,Speed,Packet loss tier,OpenVPN (TCP),tier_excellent,0.70,benchmark_run
IPVanish,Speed,Packet loss tier,IKEv2/IPsec,tier_excellent,0.70,benchmark_run
IPVanish,Speed,Speed consistency,Overall,tier_consistent,1.00,editorial_default
IPVanish,Speed,Speed consistency,WireGuard,tier_variable,0.30,benchmark_run
IPVanish,Speed,Speed consistency,OpenVPN (UDP),tier_consistent,1.00,benchmark_run
IPVanish,Speed,Speed consistency,OpenVPN (TCP),tier_consistent,1.00,benchmark_run
IPVanish,Speed,Speed consistency,IKEv2/IPsec,tier_consistent,1.00,benchmark_run
IPVanish,Speed,Upload tier,Overall,tier_good,1.00,editorial_default
IPVanish,Speed,Upload tier,WireGuard,tier_poor,0.00,benchmark_run
IPVanish,Speed,Upload tier,OpenVPN (UDP),tier_okay,0.50,benchmark_run
IPVanish,Speed,Upload tier,OpenVPN (TCP),tier_okay,0.50,benchmark_run
IPVanish,Speed,Upload tier,IKEv2/IPsec,tier_poor,0.00,benchmark_run
IPVanish,Streaming,_section_total,Overall,,1.00,calculated
IPVanish,Streaming,_section_total_v3_streaming,Overall,T1=100% T2=— T3=—,4.30,calculated
IPVanish,Streaming,Android tv app,Overall,,0.00,comparitech_api
IPVanish,Streaming,Browser extensions,Overall,yes,,editorial_default
IPVanish,Streaming,Four k capable speed,Overall,yes,0.50,benchmark_run
IPVanish,Streaming,Includes ad blocker,Overall,Yes,1.00,comparitech_api
IPVanish,Streaming,Number of locations in relevant country,Overall,5+,1.50,comparitech_api
IPVanish,Streaming,Simultaneous stream capacity,Overall,4_plus,0.30,editorial_default
IPVanish,Streaming,Streaming device apps,Overall,1,0.20,calculated
IPVanish,Streaming,Streaming hub coverage,Overall,1_or_2_hubs,,benchmark_run
IPVanish,Streaming,Streaming unblock toolkit,Overall,no,0.00,editorial_default
IPVanish,Streaming,Streaming v3 coverage,Overall,"2 services scored, 0 excluded (noise/unconfirmed) in 14d window",,calculated
IPVanish,Streaming,Streaming v3 tier1 pct,Overall,100.0% (2 svc scored),,calculated
IPVanish,Streaming,Streaming v3 tier2 pct,Overall,—,,calculated
IPVanish,Streaming,Streaming v3 tier3 pct,Overall,—,,calculated
IPVanish,Streaming,Tier1 streaming,Overall,most_3_or_4,1.40,benchmark_run
IPVanish,Streaming,Tier2 streaming,Overall,none,0.00,benchmark_run
IPVanish,Streaming,Tier3 streaming,Overall,some_1_or_2,0.10,benchmark_run
IPVanish,Streaming,Works in high censorship countries,Overall,0,0.00,comparitech_api
IPVanish,SystemPerformance,_section_total,Overall,,4.00,calculated
IPVanish,SystemPerformance,_section_total_v3_sysperf,Overall,0.04013,6.86,calculated
IPVanish,SystemPerformance,_section_total_v3_sysperf_protocol,WireGuard,0.04013,6.86,calculated
IPVanish,SystemPerformance,_section_total_v3_sysperf_protocol,OpenVPN (UDP),0.07047,6.59,calculated
IPVanish,SystemPerformance,Idle delta cpu pct,Overall,-0.9293,,calculated
IPVanish,SystemPerformance,Idle delta cpu pct,WireGuard,-0.9293,,calculated
IPVanish,SystemPerformance,Idle delta cpu pct,OpenVPN (UDP),-1.3773,,calculated
IPVanish,SystemPerformance,Idle delta cpu tier,Overall,tier_okay,0.00,editorial_default
IPVanish,SystemPerformance,Load efficiency per mbps,Overall,0.04013,,calculated
IPVanish,SystemPerformance,Load efficiency per mbps,WireGuard,0.04013,,calculated
IPVanish,SystemPerformance,Load efficiency per mbps,OpenVPN (UDP),0.07047,,calculated
IPVanish,SystemPerformance,Load efficiency tier,Overall,tier_okay,4.00,editorial_default
IPVanish,SystemPerformance,Ram delta mb,Overall,297.3,,calculated
IPVanish,SystemPerformance,Ram delta mb,WireGuard,297.3,,calculated
IPVanish,SystemPerformance,Ram delta mb,OpenVPN (UDP),280.6,,calculated
IPVanish,SystemPerformance,Ram delta tier,Overall,tier_okay,0.00,editorial_default
IPVanish,ValueForMoney,_section_total,Overall,,6.50,calculated
IPVanish,ValueForMoney,Anonymous payments vfm,Overall,none,0.00,editorial_default
IPVanish,ValueForMoney,Clear cancellation,Overall,yes,0.50,editorial_default
IPVanish,ValueForMoney,Connection limit tier,Overall,unlimited,1.70,editorial_default
IPVanish,ValueForMoney,Country count,Overall,60_plus,,manual_admin
IPVanish,ValueForMoney,Free trial available,Overall,yes,0.40,manual_admin
IPVanish,ValueForMoney,Includes av,Overall,no,0.00,manual_admin
IPVanish,ValueForMoney,Includes dark web monitor,Overall,no,0.00,editorial_default
IPVanish,ValueForMoney,Includes password manager,Overall,no,0.00,editorial_default
IPVanish,ValueForMoney,Intro lowest price tier,Overall,under_3_usd,1.00,editorial_default
IPVanish,ValueForMoney,Lowest price,Overall,<$5,1.20,comparitech_api
IPVanish,ValueForMoney,Money back duration,Overall,30_to_44,0.90,editorial_default
IPVanish,ValueForMoney,Money back guarantee,Overall,Yes,1.00,comparitech_api
IPVanish,ValueForMoney,Monthly price tier,Overall,12_to_14,0.40,editorial_default
IPVanish,ValueForMoney,Monthly pricing,Overall,<$10,1.20,comparitech_api
IPVanish,ValueForMoney,Pricing consistency,Overall,steep,0.40,editorial_default
IPVanish,ValueForMoney,Renewal lowest price tier,Overall,7_to_10,0.20,editorial_default
IPVanish,ValueForMoney,Sale frequency,Overall,few,0.50,comparitech_api
IPVanish,ValueForMoney,Static ip included,Overall,no,0.00,editorial_default
IPVanish,ValueForMoney,Student discount,Overall,yes,0.20,manual_admin
IPVanish,ValueForMoney,Subscription term count,Overall,three_plus,0.50,manual_admin
IPVanish,ValueForMoney,Traditional payments,Overall,multiple,0.30,editorial_default
Ironsocket (DNS),EaseOfUse,_section_total,Overall,,0.60,calculated
Ironsocket (DNS),EaseOfUse,Linux support,Overall,none,0.00,manual_admin
Ironsocket (DNS),EaseOfUse,Quick connect,Overall,no,0.00,manual_admin
Ironsocket (DNS),EaseOfUse,Quick pick purpose,Overall,no,0.00,manual_admin
Ironsocket (DNS),EaseOfUse,Router support,Overall,manual_config_only,0.20,manual_admin
Ironsocket (DNS),EaseOfUse,Task specific servers,Overall,yes,0.40,manual_admin
Ironsocket (DNS),Security,_section_total,Overall,,4.90,calculated
Ironsocket (DNS),Security,Authentication strength,Overall,weaker,0.00,calculated
Ironsocket (DNS),Security,Dns leak pass rate,Overall,tier_pass,0.80,editorial_default
Ironsocket (DNS),Security,Encryption strength,Overall,aes_128_or_higher,0.60,calculated
Ironsocket (DNS),Security,Hq jurisdiction,Overall,outside_14_eyes,0.50,calculated
Ironsocket (DNS),Security,Ipv4 leak pass rate,Overall,tier_pass,0.30,editorial_default
Ironsocket (DNS),Security,Ipv6 leak pass rate,Overall,tier_pass,0.80,editorial_default
Ironsocket (DNS),Security,Kill switch effectiveness,Overall,effective,0.60,editorial_default
Ironsocket (DNS),Security,Modern protocols,Overall,openvpn_only,0.30,calculated
Ironsocket (DNS),Security,Obfuscation available,Overall,no,0.00,calculated
Ironsocket (DNS),Security,Perfect forward secrecy,Overall,no,0.00,calculated
Ironsocket (DNS),Security,Rsa key length,Overall,4096_plus,0.20,calculated
Ironsocket (DNS),Security,Webrtc leak pass rate,Overall,tier_pass,0.80,editorial_default
Ironsocket (DNS),Speed,_section_total,Overall,,7.80,calculated
Ironsocket (DNS),Speed,_section_total_v3_global,Overall,,5.00,editorial_default
Ironsocket (DNS),Speed,_section_total_v3_uk,Overall,,5.00,editorial_default
Ironsocket (DNS),Speed,Connection time,Overall,tier_okay,0.05,editorial_default
Ironsocket (DNS),Speed,Download tier,Overall,tier_good,2.65,editorial_default
Ironsocket (DNS),Speed,Jitter tier,Overall,tier_good,0.20,editorial_default
Ironsocket (DNS),Speed,Latency tier,Overall,tier_good,1.50,editorial_default
Ironsocket (DNS),Speed,Long distance speed,Overall,tier_consistent,1.00,editorial_default
Ironsocket (DNS),Speed,Packet loss tier,Overall,tier_good,0.40,editorial_default
Ironsocket (DNS),Speed,Speed consistency,Overall,tier_consistent,1.00,editorial_default
Ironsocket (DNS),Speed,Upload tier,Overall,tier_good,1.00,editorial_default
Ironsocket (DNS),Streaming,_section_total,Overall,,0.30,calculated
Ironsocket (DNS),Streaming,Android tv app,Overall,,0.00,comparitech_api
Ironsocket (DNS),Streaming,Includes ad blocker,Overall,,0.00,comparitech_api
Ironsocket (DNS),Streaming,Number of locations in relevant country,Overall,<5,1.20,comparitech_api
Ironsocket (DNS),Streaming,Offers a smart dns service,Overall,,0.00,comparitech_api
Ironsocket (DNS),Streaming,Simultaneous stream capacity,Overall,4_plus,0.30,editorial_default
Ironsocket (DNS),Streaming,Streaming device apps,Overall,none,0.00,calculated
Ironsocket (DNS),Streaming,Streaming unblock toolkit,Overall,no,0.00,editorial_default
Ironsocket (DNS),Streaming,Tier1 streaming,Overall,most_3_or_4,,editorial_default
Ironsocket (DNS),Streaming,Tier2 streaming,Overall,most_3_or_4,,editorial_default
Ironsocket (DNS),Streaming,Tier3 streaming,Overall,most_3_or_4,,editorial_default
Ironsocket (DNS),Streaming,Works in high censorship countries,Overall,,0.00,comparitech_api
Ironsocket (DNS),SystemPerformance,_section_total,Overall,,4.00,calculated
Ironsocket (DNS),SystemPerformance,Cpu tier,Overall,tier_okay,1.20,editorial_default
Ironsocket (DNS),SystemPerformance,Idle delta cpu tier,Overall,tier_okay,0.00,editorial_default
Ironsocket (DNS),SystemPerformance,Load efficiency tier,Overall,tier_okay,4.00,editorial_default
Ironsocket (DNS),SystemPerformance,Network overhead tier,Overall,tier_okay,1.00,editorial_default
Ironsocket (DNS),SystemPerformance,Ram delta tier,Overall,tier_okay,0.00,editorial_default
Ironsocket (DNS),SystemPerformance,Ram tier,Overall,tier_okay,1.20,editorial_default
Ironsocket (DNS),ValueForMoney,_section_total,Overall,,0.95,calculated
Ironsocket (DNS),ValueForMoney,Connection limit tier,Overall,under_6,0.45,editorial_default
Ironsocket (DNS),ValueForMoney,Country count,Overall,30_to_59,,manual_admin
Ironsocket (DNS),ValueForMoney,Free trial available,Overall,no,0.00,manual_admin
Ironsocket (DNS),ValueForMoney,Includes av,Overall,no,0.00,manual_admin
Ironsocket (DNS),ValueForMoney,Student discount,Overall,no,0.00,manual_admin
Ironsocket (DNS),ValueForMoney,Subscription term count,Overall,three_plus,0.50,manual_admin
Ivacy,EaseOfUse,_section_total,Overall,,2.30,calculated
Ivacy,EaseOfUse,Linux support,Overall,app_cli_only,0.30,manual_admin
Ivacy,EaseOfUse,Quick connect,Overall,yes,0.80,manual_admin
Ivacy,EaseOfUse,Quick pick purpose,Overall,yes,0.30,manual_admin
Ivacy,EaseOfUse,Router support,Overall,app_or_firmware,0.50,manual_admin
Ivacy,EaseOfUse,Task specific servers,Overall,yes,0.40,manual_admin
Ivacy,Security,_section_total,Overall,,4.20,calculated
Ivacy,Security,Anonymous payment,Overall,multiple,0.40,editorial_default
Ivacy,Security,Dns leak pass rate,Overall,tier_pass,0.80,editorial_default
Ivacy,Security,Hq jurisdiction,Overall,outside_14_eyes,0.50,calculated
Ivacy,Security,Ipv4 leak pass rate,Overall,tier_pass,0.30,editorial_default
Ivacy,Security,Ipv6 leak pass rate,Overall,tier_pass,0.80,editorial_default
Ivacy,Security,Kill switch effectiveness,Overall,effective,0.60,editorial_default
Ivacy,Security,Webrtc leak pass rate,Overall,tier_pass,0.80,editorial_default
Ivacy,Speed,_section_total,Overall,,7.80,calculated
Ivacy,Speed,_section_total_v3_global,Overall,,5.00,editorial_default
Ivacy,Speed,_section_total_v3_uk,Overall,,5.00,editorial_default
Ivacy,Speed,Connection time,Overall,tier_okay,0.05,editorial_default
Ivacy,Speed,Download tier,Overall,tier_good,2.65,editorial_default
Ivacy,Speed,Jitter tier,Overall,tier_good,0.20,editorial_default
Ivacy,Speed,Latency tier,Overall,tier_good,1.50,editorial_default
Ivacy,Speed,Long distance speed,Overall,tier_consistent,1.00,editorial_default
Ivacy,Speed,Packet loss tier,Overall,tier_good,0.40,editorial_default
Ivacy,Speed,Speed consistency,Overall,tier_consistent,1.00,editorial_default
Ivacy,Speed,Upload tier,Overall,tier_good,1.00,editorial_default
Ivacy,Streaming,_section_total,Overall,,0.30,calculated
Ivacy,Streaming,Android tv app,Overall,,0.00,comparitech_api
Ivacy,Streaming,Includes ad blocker,Overall,,0.00,comparitech_api
Ivacy,Streaming,Number of locations in relevant country,Overall,<5,1.20,comparitech_api
Ivacy,Streaming,Offers a smart dns service,Overall,,0.00,comparitech_api
Ivacy,Streaming,Simultaneous stream capacity,Overall,4_plus,0.30,editorial_default
Ivacy,Streaming,Streaming device apps,Overall,none,0.00,calculated
Ivacy,Streaming,Streaming unblock toolkit,Overall,no,0.00,editorial_default
Ivacy,Streaming,Tier1 streaming,Overall,most_3_or_4,,editorial_default
Ivacy,Streaming,Tier2 streaming,Overall,most_3_or_4,,editorial_default
Ivacy,Streaming,Tier3 streaming,Overall,most_3_or_4,,editorial_default
Ivacy,Streaming,Works in high censorship countries,Overall,,0.00,comparitech_api
Ivacy,SystemPerformance,_section_total,Overall,,4.00,calculated
Ivacy,SystemPerformance,Cpu tier,Overall,tier_okay,1.20,editorial_default
Ivacy,SystemPerformance,Idle delta cpu tier,Overall,tier_okay,0.00,editorial_default
Ivacy,SystemPerformance,Load efficiency tier,Overall,tier_okay,4.00,editorial_default
Ivacy,SystemPerformance,Network overhead tier,Overall,tier_okay,1.00,editorial_default
Ivacy,SystemPerformance,Ram delta tier,Overall,tier_okay,0.00,editorial_default
Ivacy,SystemPerformance,Ram tier,Overall,tier_okay,1.20,editorial_default
Ivacy,ValueForMoney,_section_total,Overall,,2.56,calculated
Ivacy,ValueForMoney,Anonymous payments vfm,Overall,multiple,0.50,editorial_default
Ivacy,ValueForMoney,Connection limit tier,Overall,10_plus,1.36,editorial_default
Ivacy,ValueForMoney,Country count,Overall,30_to_59,,manual_admin
Ivacy,ValueForMoney,Free trial available,Overall,no,0.00,manual_admin
Ivacy,ValueForMoney,Includes av,Overall,no,0.00,manual_admin
Ivacy,ValueForMoney,Student discount,Overall,yes,0.20,manual_admin
Ivacy,ValueForMoney,Subscription term count,Overall,three_plus,0.50,manual_admin
iVPN,EaseOfUse,_section_total,Overall,,5.10,calculated
iVPN,EaseOfUse,Apps for major platforms,Overall,all_4,1.00,manual_admin
iVPN,EaseOfUse,Browser extensions,Overall,none,0.00,editorial_default
iVPN,EaseOfUse,Ease of cancellation,Overall,very_easy,0.40,editorial_default
iVPN,EaseOfUse,Ease of signup,Overall,very_easy,0.70,manual_admin
iVPN,EaseOfUse,Knowledge base,Overall,comprehensive,0.40,manual_admin
iVPN,EaseOfUse,Linux support,Overall,app_with_gui,0.50,editorial_default
iVPN,EaseOfUse,Live chat quality,Overall,business_hours,0.40,editorial_default
iVPN,EaseOfUse,Quick connect,Overall,yes,0.80,manual_admin
iVPN,EaseOfUse,Quick pick purpose,Overall,no,0.00,manual_admin
iVPN,EaseOfUse,Router support,Overall,app_or_firmware,0.50,editorial_default
iVPN,EaseOfUse,Setup guides,Overall,comprehensive,0.40,manual_admin
iVPN,EaseOfUse,Streaming device apps eou,Overall,none,0.00,editorial_default
iVPN,EaseOfUse,Task specific servers,Overall,no,0.00,manual_admin
iVPN,Security,_section_total,Overall,,7.40,calculated
iVPN,Security,Anonymous payment,Overall,multiple,0.40,editorial_default
iVPN,Security,Authentication strength,Overall,weaker,0.00,manual_admin
iVPN,Security,Dns leak pass rate,Overall,tier_pass,0.80,editorial_default
iVPN,Security,Encryption strength,Overall,aes_128_or_higher,0.60,calculated
iVPN,Security,Hq jurisdiction,Overall,outside_14_eyes,0.50,editorial_default
iVPN,Security,Independent audit,Overall,older,0.40,editorial_default
iVPN,Security,Ipv4 leak pass rate,Overall,tier_pass,0.30,editorial_default
iVPN,Security,Ipv6 leak pass rate,Overall,tier_pass,0.80,editorial_default
iVPN,Security,Kill switch effectiveness,Overall,effective,0.60,editorial_default
iVPN,Security,Modern protocols,Overall,has_modern,0.70,calculated
iVPN,Security,No logs policy status,Overall,claimed,0.50,editorial_default
iVPN,Security,Obfuscation available,Overall,yes,0.50,calculated
iVPN,Security,Perfect forward secrecy,Overall,yes,0.30,calculated
iVPN,Security,Rsa key length,Overall,4096_plus,0.20,calculated
iVPN,Security,Webrtc leak pass rate,Overall,tier_pass,0.80,editorial_default
iVPN,Speed,_section_total,Overall,,7.80,calculated
iVPN,Speed,_section_total_v3_global,Overall,,5.00,editorial_default
iVPN,Speed,_section_total_v3_uk,Overall,,5.00,editorial_default
iVPN,Speed,Connection time,Overall,tier_okay,0.05,editorial_default
iVPN,Speed,Download tier,Overall,tier_good,2.65,editorial_default
iVPN,Speed,Jitter tier,Overall,tier_good,0.20,editorial_default
iVPN,Speed,Latency tier,Overall,tier_good,1.50,editorial_default
iVPN,Speed,Long distance speed,Overall,tier_consistent,1.00,editorial_default
iVPN,Speed,Packet loss tier,Overall,tier_good,0.40,editorial_default
iVPN,Speed,Speed consistency,Overall,tier_consistent,1.00,editorial_default
iVPN,Speed,Upload tier,Overall,tier_good,1.00,editorial_default
iVPN,Streaming,_section_total,Overall,,0.15,calculated
iVPN,Streaming,Android tv app,Overall,,0.00,comparitech_api
iVPN,Streaming,Browser extensions,Overall,no,,editorial_default
iVPN,Streaming,Includes ad blocker,Overall,,0.00,comparitech_api
iVPN,Streaming,Number of locations in relevant country,Overall,<5,1.20,comparitech_api
iVPN,Streaming,Offers a smart dns service,Overall,,0.00,comparitech_api
iVPN,Streaming,Simultaneous stream capacity,Overall,under_4,0.15,editorial_default
iVPN,Streaming,Streaming device apps,Overall,none,0.00,calculated
iVPN,Streaming,Streaming unblock toolkit,Overall,no,0.00,editorial_default
iVPN,Streaming,Tier1 streaming,Overall,most_3_or_4,,editorial_default
iVPN,Streaming,Tier2 streaming,Overall,most_3_or_4,,editorial_default
iVPN,Streaming,Tier3 streaming,Overall,most_3_or_4,,editorial_default
iVPN,Streaming,Works in high censorship countries,Overall,,0.00,comparitech_api
iVPN,SystemPerformance,_section_total,Overall,,4.00,calculated
iVPN,SystemPerformance,Cpu tier,Overall,tier_okay,1.20,editorial_default
iVPN,SystemPerformance,Idle delta cpu tier,Overall,tier_okay,0.00,editorial_default
iVPN,SystemPerformance,Load efficiency tier,Overall,tier_okay,4.00,editorial_default
iVPN,SystemPerformance,Network overhead tier,Overall,tier_okay,1.00,editorial_default
iVPN,SystemPerformance,Ram delta tier,Overall,tier_okay,0.00,editorial_default
iVPN,SystemPerformance,Ram tier,Overall,tier_okay,1.20,editorial_default
iVPN,ValueForMoney,_section_total,Overall,,5.30,calculated
iVPN,ValueForMoney,Anonymous payments vfm,Overall,multiple,0.50,editorial_default
iVPN,ValueForMoney,Clear cancellation,Overall,yes,0.50,editorial_default
iVPN,ValueForMoney,Connection limit tier,Overall,,,editorial_default
iVPN,ValueForMoney,Country count,Overall,30_to_59,,manual_admin
iVPN,ValueForMoney,Free trial available,Overall,no,0.00,manual_admin
iVPN,ValueForMoney,Includes av,Overall,no,0.00,manual_admin
iVPN,ValueForMoney,Includes dark web monitor,Overall,no,0.00,editorial_default
iVPN,ValueForMoney,Includes password manager,Overall,no,0.00,editorial_default
iVPN,ValueForMoney,Intro lowest price tier,Overall,5_to_7,0.50,editorial_default
iVPN,ValueForMoney,Money back duration,Overall,30_to_44,0.90,editorial_default
iVPN,ValueForMoney,Monthly price tier,Overall,under_10,1.00,editorial_default
iVPN,ValueForMoney,Pricing consistency,Overall,consistent,0.60,editorial_default
iVPN,ValueForMoney,Renewal lowest price tier,Overall,5_to_7,0.50,editorial_default
iVPN,ValueForMoney,Static ip included,Overall,no,0.00,editorial_default
iVPN,ValueForMoney,Student discount,Overall,no,0.00,manual_admin
iVPN,ValueForMoney,Subscription term count,Overall,three_plus,0.50,manual_admin
iVPN,ValueForMoney,Traditional payments,Overall,multiple,0.30,editorial_default
Keenow,EaseOfUse,_section_total,Overall,,0.00,calculated
Keenow,EaseOfUse,Ease of cancellation,Overall,none,,manual_admin
Keenow,EaseOfUse,Ease of signup,Overall,none,,manual_admin
Keenow,EaseOfUse,Knowledge base,Overall,none,0.00,manual_admin
Keenow,EaseOfUse,Live chat quality,Overall,none,0.00,manual_admin
Keenow,EaseOfUse,Setup guides,Overall,none,,manual_admin
Keenow,Security,_section_total,Overall,,5.70,calculated
Keenow,Security,Anonymous payment,Overall,single,0.20,editorial_default
Keenow,Security,Authentication strength,Overall,sha384_or_higher,0.30,calculated
Keenow,Security,Dns leak pass rate,Overall,tier_pass,0.80,editorial_default
Keenow,Security,Encryption strength,Overall,aes_128_or_higher,0.60,calculated
Keenow,Security,Hq jurisdiction,Overall,outside_14_eyes,0.50,calculated
Keenow,Security,Ipv4 leak pass rate,Overall,tier_pass,0.30,editorial_default
Keenow,Security,Ipv6 leak pass rate,Overall,tier_pass,0.80,editorial_default
Keenow,Security,Kill switch effectiveness,Overall,effective,0.60,editorial_default
Keenow,Security,Modern protocols,Overall,openvpn_only,0.30,calculated
Keenow,Security,Obfuscation available,Overall,no,0.00,calculated
Keenow,Security,Perfect forward secrecy,Overall,yes,0.30,calculated
Keenow,Security,Rsa key length,Overall,4096_plus,0.20,calculated
Keenow,Security,Webrtc leak pass rate,Overall,tier_pass,0.80,editorial_default
Keenow,Speed,_section_total,Overall,,7.80,calculated
Keenow,Speed,_section_total_v3_global,Overall,,5.00,editorial_default
Keenow,Speed,_section_total_v3_uk,Overall,,5.00,editorial_default
Keenow,Speed,Connection time,Overall,tier_okay,0.05,editorial_default
Keenow,Speed,Download tier,Overall,tier_good,2.65,editorial_default
Keenow,Speed,Jitter tier,Overall,tier_good,0.20,editorial_default
Keenow,Speed,Latency tier,Overall,tier_good,1.50,editorial_default
Keenow,Speed,Long distance speed,Overall,tier_consistent,1.00,editorial_default
Keenow,Speed,Packet loss tier,Overall,tier_good,0.40,editorial_default
Keenow,Speed,Speed consistency,Overall,tier_consistent,1.00,editorial_default
Keenow,Speed,Upload tier,Overall,tier_good,1.00,editorial_default
Keenow,Streaming,_section_total,Overall,,0.30,calculated
Keenow,Streaming,Android tv app,Overall,,0.00,comparitech_api
Keenow,Streaming,Includes ad blocker,Overall,,0.00,comparitech_api
Keenow,Streaming,Number of locations in relevant country,Overall,<5,1.20,comparitech_api
Keenow,Streaming,Offers a smart dns service,Overall,,0.00,comparitech_api
Keenow,Streaming,Simultaneous stream capacity,Overall,4_plus,0.30,editorial_default
Keenow,Streaming,Streaming device apps,Overall,none,0.00,calculated
Keenow,Streaming,Streaming unblock toolkit,Overall,no,0.00,editorial_default
Keenow,Streaming,Tier1 streaming,Overall,most_3_or_4,,editorial_default
Keenow,Streaming,Tier2 streaming,Overall,most_3_or_4,,editorial_default
Keenow,Streaming,Tier3 streaming,Overall,most_3_or_4,,editorial_default
Keenow,Streaming,Works in high censorship countries,Overall,,0.00,comparitech_api
Keenow,SystemPerformance,_section_total,Overall,,4.00,calculated
Keenow,SystemPerformance,Cpu tier,Overall,tier_okay,1.20,editorial_default
Keenow,SystemPerformance,Idle delta cpu tier,Overall,tier_okay,0.00,editorial_default
Keenow,SystemPerformance,Load efficiency tier,Overall,tier_okay,4.00,editorial_default
Keenow,SystemPerformance,Network overhead tier,Overall,tier_okay,1.00,editorial_default
Keenow,SystemPerformance,Ram delta tier,Overall,tier_okay,0.00,editorial_default
Keenow,SystemPerformance,Ram tier,Overall,tier_okay,1.20,editorial_default
Keenow,ValueForMoney,_section_total,Overall,,0.75,calculated
Keenow,ValueForMoney,Anonymous payments vfm,Overall,single,0.30,editorial_default
Keenow,ValueForMoney,Connection limit tier,Overall,under_6,0.45,editorial_default
Keenow,ValueForMoney,Country count,Overall,under_30,,manual_admin
Lantern (not a VPN - web-browser-based service),EaseOfUse,_section_total,Overall,,1.40,calculated
Lantern (not a VPN - web-browser-based service),EaseOfUse,Linux support,Overall,app_with_gui,0.50,manual_admin
Lantern (not a VPN - web-browser-based service),EaseOfUse,Live chat quality,Overall,email_only,0.10,editorial_default
Lantern (not a VPN - web-browser-based service),EaseOfUse,Quick connect,Overall,yes,0.80,manual_admin
Lantern (not a VPN - web-browser-based service),EaseOfUse,Quick pick purpose,Overall,no,0.00,manual_admin
Lantern (not a VPN - web-browser-based service),EaseOfUse,Router support,Overall,none,0.00,manual_admin
Lantern (not a VPN - web-browser-based service),EaseOfUse,Task specific servers,Overall,no,0.00,manual_admin
Lantern (not a VPN - web-browser-based service),Security,_section_total,Overall,,4.50,calculated
Lantern (not a VPN - web-browser-based service),Security,Anonymous payment,Overall,none,0.00,editorial_default
Lantern (not a VPN - web-browser-based service),Security,Dns leak pass rate,Overall,tier_pass,0.80,editorial_default
Lantern (not a VPN - web-browser-based service),Security,Hq jurisdiction,Overall,inside_14_eyes,0.00,calculated
Lantern (not a VPN - web-browser-based service),Security,Ipv4 leak pass rate,Overall,tier_pass,0.30,editorial_default
Lantern (not a VPN - web-browser-based service),Security,Ipv6 leak pass rate,Overall,tier_pass,0.80,editorial_default
Lantern (not a VPN - web-browser-based service),Security,Kill switch effectiveness,Overall,effective,0.60,editorial_default
Lantern (not a VPN - web-browser-based service),Security,Modern protocols,Overall,has_modern,0.70,calculated
Lantern (not a VPN - web-browser-based service),Security,Obfuscation available,Overall,yes,0.50,calculated
Lantern (not a VPN - web-browser-based service),Security,Webrtc leak pass rate,Overall,tier_pass,0.80,editorial_default
Lantern (not a VPN - web-browser-based service),Speed,_section_total,Overall,,7.80,calculated
Lantern (not a VPN - web-browser-based service),Speed,_section_total_v3_global,Overall,,5.00,editorial_default
Lantern (not a VPN - web-browser-based service),Speed,_section_total_v3_uk,Overall,,5.00,editorial_default
Lantern (not a VPN - web-browser-based service),Speed,Connection time,Overall,tier_okay,0.05,editorial_default
Lantern (not a VPN - web-browser-based service),Speed,Download tier,Overall,tier_good,2.65,editorial_default
Lantern (not a VPN - web-browser-based service),Speed,Jitter tier,Overall,tier_good,0.20,editorial_default
Lantern (not a VPN - web-browser-based service),Speed,Latency tier,Overall,tier_good,1.50,editorial_default
Lantern (not a VPN - web-browser-based service),Speed,Long distance speed,Overall,tier_consistent,1.00,editorial_default
Lantern (not a VPN - web-browser-based service),Speed,Packet loss tier,Overall,tier_good,0.40,editorial_default
Lantern (not a VPN - web-browser-based service),Speed,Speed consistency,Overall,tier_consistent,1.00,editorial_default
Lantern (not a VPN - web-browser-based service),Speed,Upload tier,Overall,tier_good,1.00,editorial_default
Lantern (not a VPN - web-browser-based service),Streaming,_section_total,Overall,,0.15,calculated
Lantern (not a VPN - web-browser-based service),Streaming,Android tv app,Overall,,0.00,comparitech_api
Lantern (not a VPN - web-browser-based service),Streaming,Includes ad blocker,Overall,,0.00,comparitech_api
Lantern (not a VPN - web-browser-based service),Streaming,Number of locations in relevant country,Overall,<5,1.20,comparitech_api
Lantern (not a VPN - web-browser-based service),Streaming,Offers a smart dns service,Overall,,0.00,comparitech_api
Lantern (not a VPN - web-browser-based service),Streaming,Simultaneous stream capacity,Overall,under_4,0.15,editorial_default
Lantern (not a VPN - web-browser-based service),Streaming,Streaming device apps,Overall,none,0.00,calculated
Lantern (not a VPN - web-browser-based service),Streaming,Streaming unblock toolkit,Overall,no,0.00,editorial_default
Lantern (not a VPN - web-browser-based service),Streaming,Tier1 streaming,Overall,most_3_or_4,,editorial_default
Lantern (not a VPN - web-browser-based service),Streaming,Tier2 streaming,Overall,most_3_or_4,,editorial_default
Lantern (not a VPN - web-browser-based service),Streaming,Tier3 streaming,Overall,most_3_or_4,,editorial_default
Lantern (not a VPN - web-browser-based service),Streaming,Works in high censorship countries,Overall,,0.00,comparitech_api
Lantern (not a VPN - web-browser-based service),SystemPerformance,_section_total,Overall,,4.00,calculated
Lantern (not a VPN - web-browser-based service),SystemPerformance,Cpu tier,Overall,tier_okay,1.20,editorial_default
Lantern (not a VPN - web-browser-based service),SystemPerformance,Idle delta cpu tier,Overall,tier_okay,0.00,editorial_default
Lantern (not a VPN - web-browser-based service),SystemPerformance,Load efficiency tier,Overall,tier_okay,4.00,editorial_default
Lantern (not a VPN - web-browser-based service),SystemPerformance,Network overhead tier,Overall,tier_okay,1.00,editorial_default
Lantern (not a VPN - web-browser-based service),SystemPerformance,Ram delta tier,Overall,tier_okay,0.00,editorial_default
Lantern (not a VPN - web-browser-based service),SystemPerformance,Ram tier,Overall,tier_okay,1.20,editorial_default
Lantern (not a VPN - web-browser-based service),ValueForMoney,_section_total,Overall,,0.75,calculated
Lantern (not a VPN - web-browser-based service),ValueForMoney,Anonymous payments vfm,Overall,none,0.00,editorial_default
Lantern (not a VPN - web-browser-based service),ValueForMoney,Connection limit tier,Overall,under_6,0.45,editorial_default
Lantern (not a VPN - web-browser-based service),ValueForMoney,Country count,Overall,under_30,,manual_admin
Lantern (not a VPN - web-browser-based service),ValueForMoney,Subscription term count,Overall,two,0.30,manual_admin
Monster VPN,EaseOfUse,_section_total,Overall,,1.60,calculated
Monster VPN,EaseOfUse,Country count,Overall,under_30,0.20,manual_admin
Monster VPN,EaseOfUse,Linux support,Overall,app_cli_only,0.30,manual_admin
Monster VPN,EaseOfUse,Live chat quality,Overall,email_only,0.10,editorial_default
Monster VPN,EaseOfUse,Quick connect,Overall,yes,0.80,manual_admin
Monster VPN,EaseOfUse,Quick pick purpose,Overall,no,0.00,manual_admin
Monster VPN,EaseOfUse,Router support,Overall,manual_config_only,0.20,manual_admin
Monster VPN,EaseOfUse,Task specific servers,Overall,no,0.00,manual_admin
Monster VPN,Security,_section_total,Overall,,3.90,calculated
Monster VPN,Security,Anonymous payment,Overall,none,0.00,editorial_default
Monster VPN,Security,Dns leak pass rate,Overall,tier_pass,0.80,editorial_default
Monster VPN,Security,Encryption strength,Overall,aes_128_or_higher,0.60,calculated
Monster VPN,Security,Hq jurisdiction,Overall,inside_14_eyes,0.00,manual_admin
Monster VPN,Security,Ipv4 leak pass rate,Overall,tier_pass,0.30,editorial_default
Monster VPN,Security,Ipv6 leak pass rate,Overall,tier_pass,0.80,editorial_default
Monster VPN,Security,Kill switch effectiveness,Overall,effective,0.60,editorial_default
Monster VPN,Security,Obfuscation available,Overall,no,0.00,calculated
Monster VPN,Security,Webrtc leak pass rate,Overall,tier_pass,0.80,editorial_default
Monster VPN,Speed,_section_total,Overall,,7.80,calculated
Monster VPN,Speed,_section_total_v3_global,Overall,,5.00,editorial_default
Monster VPN,Speed,_section_total_v3_uk,Overall,,5.00,editorial_default
Monster VPN,Speed,Connection time,Overall,tier_okay,0.05,editorial_default
Monster VPN,Speed,Download tier,Overall,tier_good,2.65,editorial_default
Monster VPN,Speed,Jitter tier,Overall,tier_good,0.20,editorial_default
Monster VPN,Speed,Latency tier,Overall,tier_good,1.50,editorial_default
Monster VPN,Speed,Long distance speed,Overall,tier_consistent,1.00,editorial_default
Monster VPN,Speed,Packet loss tier,Overall,tier_good,0.40,editorial_default
Monster VPN,Speed,Speed consistency,Overall,tier_consistent,1.00,editorial_default
Monster VPN,Speed,Upload tier,Overall,tier_good,1.00,editorial_default
Monster VPN,Streaming,_section_total,Overall,,0.30,calculated
Monster VPN,Streaming,Android tv app,Overall,,0.00,comparitech_api
Monster VPN,Streaming,Includes ad blocker,Overall,,0.00,comparitech_api
Monster VPN,Streaming,Number of locations in relevant country,Overall,<5,1.20,comparitech_api
Monster VPN,Streaming,Offers a smart dns service,Overall,,0.00,comparitech_api
Monster VPN,Streaming,Simultaneous stream capacity,Overall,4_plus,0.30,editorial_default
Monster VPN,Streaming,Streaming device apps,Overall,none,0.00,calculated
Monster VPN,Streaming,Streaming unblock toolkit,Overall,no,0.00,editorial_default
Monster VPN,Streaming,Tier1 streaming,Overall,most_3_or_4,,editorial_default
Monster VPN,Streaming,Tier2 streaming,Overall,most_3_or_4,,editorial_default
Monster VPN,Streaming,Tier3 streaming,Overall,most_3_or_4,,editorial_default
Monster VPN,Streaming,Works in high censorship countries,Overall,,0.00,comparitech_api
Monster VPN,SystemPerformance,_section_total,Overall,,4.00,calculated
Monster VPN,SystemPerformance,Cpu tier,Overall,tier_okay,1.20,editorial_default
Monster VPN,SystemPerformance,Idle delta cpu tier,Overall,tier_okay,0.00,editorial_default
Monster VPN,SystemPerformance,Load efficiency tier,Overall,tier_okay,4.00,editorial_default
Monster VPN,SystemPerformance,Network overhead tier,Overall,tier_okay,1.00,editorial_default
Monster VPN,SystemPerformance,Ram delta tier,Overall,tier_okay,0.00,editorial_default
Monster VPN,SystemPerformance,Ram tier,Overall,tier_okay,1.20,editorial_default
Monster VPN,ValueForMoney,_section_total,Overall,,3.75,calculated
Monster VPN,ValueForMoney,Anonymous payments vfm,Overall,none,0.00,editorial_default
Monster VPN,ValueForMoney,Connection limit tier,Overall,under_6,0.45,editorial_default
Monster VPN,ValueForMoney,Country count,Overall,30_to_59,,manual_admin
Monster VPN,ValueForMoney,Free trial available,Overall,yes,0.40,manual_admin
Monster VPN,ValueForMoney,Includes av,Overall,no,0.00,manual_admin
Monster VPN,ValueForMoney,Intro lowest price tier,Overall,3_to_5,0.70,editorial_default
Monster VPN,ValueForMoney,Money back duration,Overall,7_to_13,0.40,editorial_default
Monster VPN,ValueForMoney,Monthly price tier,Overall,under_10,1.00,editorial_default
Monster VPN,ValueForMoney,Pricing consistency,Overall,extreme,0.30,editorial_default
Monster VPN,ValueForMoney,Renewal lowest price tier,Overall,over_10,0.00,editorial_default
Monster VPN,ValueForMoney,Student discount,Overall,no,0.00,manual_admin
Monster VPN,ValueForMoney,Subscription term count,Overall,three_plus,0.50,manual_admin
Mullvad VPN,EaseOfUse,_section_total,Overall,,3.80,calculated
Mullvad VPN,EaseOfUse,Apps for major platforms,Overall,2_or_fewer,0.30,manual_admin
Mullvad VPN,EaseOfUse,Browser extensions,Overall,none,0.00,editorial_default
Mullvad VPN,EaseOfUse,Ease of cancellation,Overall,very_easy,0.40,editorial_default
Mullvad VPN,EaseOfUse,Ease of signup,Overall,very_easy,0.70,manual_admin
Mullvad VPN,EaseOfUse,Knowledge base,Overall,comprehensive,0.40,manual_admin
Mullvad VPN,EaseOfUse,Linux support,Overall,app_with_gui,0.50,editorial_default
Mullvad VPN,EaseOfUse,Live chat quality,Overall,email_only,0.10,editorial_default
Mullvad VPN,EaseOfUse,Quick connect,Overall,no,0.00,manual_admin
Mullvad VPN,EaseOfUse,Quick pick purpose,Overall,no,0.00,manual_admin
Mullvad VPN,EaseOfUse,Router support,Overall,app_or_firmware,0.50,editorial_default
Mullvad VPN,EaseOfUse,Setup guides,Overall,comprehensive,0.40,manual_admin
Mullvad VPN,EaseOfUse,Streaming device apps eou,Overall,2_plus,0.50,editorial_default
Mullvad VPN,EaseOfUse,Task specific servers,Overall,no,0.00,manual_admin
Mullvad VPN,Security,_section_total,Overall,,7.20,calculated
Mullvad VPN,Security,Anonymous payment,Overall,multiple,0.40,editorial_default
Mullvad VPN,Security,Authentication strength,Overall,sha384_or_higher,0.30,calculated
Mullvad VPN,Security,Dns leak pass rate,Overall,tier_pass,0.80,benchmark_run
Mullvad VPN,Security,Encryption strength,Overall,aes_128_or_higher,0.60,calculated
Mullvad VPN,Security,Hq jurisdiction,Overall,inside_14_eyes,0.00,editorial_default
Mullvad VPN,Security,Independent audit,Overall,older,0.40,editorial_default
Mullvad VPN,Security,Ipv4 leak pass rate,Overall,tier_pass,0.30,benchmark_run
Mullvad VPN,Security,Ipv6 leak pass rate,Overall,tier_pass,0.80,editorial_default
Mullvad VPN,Security,Kill switch effectiveness,Overall,effective,0.60,editorial_default
Mullvad VPN,Security,Modern protocols,Overall,has_modern,0.70,calculated
Mullvad VPN,Security,No logs policy status,Overall,claimed,0.50,editorial_default
Mullvad VPN,Security,Obfuscation available,Overall,yes,0.50,calculated
Mullvad VPN,Security,Perfect forward secrecy,Overall,yes,0.30,calculated
Mullvad VPN,Security,Restrictive region access,Overall,no,0.00,editorial_default
Mullvad VPN,Security,Rsa key length,Overall,4096_plus,0.20,calculated
Mullvad VPN,Security,Webrtc leak pass rate,Overall,tier_pass,0.80,benchmark_run
Mullvad VPN,Speed,_coverage,Overall,"{""status"": ""partial"", ""count"": 6, ""expected"": 7, ""countries"": [""AU"", ""BR"", ""DE"", ""GB"", ""JP"", ""US""], ""has_core"": true, ""has_far"": true, ""panel"": [""AU"", ""BR"", ""DE"", ""GB"", ""JP"", ""US"", ""ZA""]}",8.57,calculated
Mullvad VPN,Speed,_section_total,Overall,,7.80,calculated
Mullvad VPN,Speed,_section_total,WireGuard,,5.95,calculated
Mullvad VPN,Speed,_section_total_v3_global,Overall,,6.13,calculated
Mullvad VPN,Speed,_section_total_v3_protocol,WireGuard,,7.25,calculated
Mullvad VPN,Speed,_section_total_v3_uk,Overall,,5.47,calculated
Mullvad VPN,Speed,_speed_v3_dl,Overall,,0.47,calculated
Mullvad VPN,Speed,_speed_v3_lat,Overall,,0.06,calculated
Mullvad VPN,Speed,_speed_v3_raw,Overall,"{""raw"": 0.542828, ""dl"": 0.469158, ""ul"": 0.010273, ""lat"": 0.063396, ""curve_score"": 5.47, ""curve_flavor"": ""uk_weighted"", ""curve_field_size"": 7, ""curve_score_min"": 5.0, ""curve_score_max"": 8.5}",0.54,calculated
Mullvad VPN,Speed,_speed_v3_ul,Overall,,0.01,calculated
Mullvad VPN,Speed,Connection time,Overall,tier_okay,0.05,editorial_default
Mullvad VPN,Speed,Connection time,WireGuard,tier_okay,0.05,benchmark_run
Mullvad VPN,Speed,Download tier,Overall,tier_good,2.65,editorial_default
Mullvad VPN,Speed,Download tier,WireGuard,tier_okay,2.00,benchmark_run
Mullvad VPN,Speed,Jitter tier,Overall,tier_good,0.20,editorial_default
Mullvad VPN,Speed,Jitter tier,WireGuard,tier_excellent,0.40,benchmark_run
Mullvad VPN,Speed,Latency tier,Overall,tier_good,1.50,editorial_default
Mullvad VPN,Speed,Latency tier,WireGuard,tier_okay,1.00,benchmark_run
Mullvad VPN,Speed,Long distance speed,Overall,tier_consistent,1.00,editorial_default
Mullvad VPN,Speed,Long distance speed,WireGuard,tier_consistent,1.00,benchmark_run
Mullvad VPN,Speed,Packet loss tier,Overall,tier_good,0.40,editorial_default
Mullvad VPN,Speed,Packet loss tier,WireGuard,tier_excellent,0.70,benchmark_run
Mullvad VPN,Speed,Speed consistency,Overall,tier_consistent,1.00,editorial_default
Mullvad VPN,Speed,Speed consistency,WireGuard,tier_variable,0.30,benchmark_run
Mullvad VPN,Speed,Upload tier,Overall,tier_good,1.00,editorial_default
Mullvad VPN,Speed,Upload tier,WireGuard,tier_okay,0.50,benchmark_run
Mullvad VPN,Streaming,_section_total,Overall,,0.80,calculated
Mullvad VPN,Streaming,Android tv app,Overall,,0.00,comparitech_api
Mullvad VPN,Streaming,Browser extensions,Overall,no,,editorial_default
Mullvad VPN,Streaming,Four k capable speed,Overall,yes,0.50,benchmark_run
Mullvad VPN,Streaming,Includes ad blocker,Overall,,0.00,comparitech_api
Mullvad VPN,Streaming,Number of locations in relevant country,Overall,<5,1.20,comparitech_api
Mullvad VPN,Streaming,Offers a smart dns service,Overall,,0.00,comparitech_api
Mullvad VPN,Streaming,Simultaneous stream capacity,Overall,4_plus,0.30,editorial_default
Mullvad VPN,Streaming,Streaming device apps,Overall,none,0.00,calculated
Mullvad VPN,Streaming,Streaming hub coverage,Overall,3_plus_hubs,,benchmark_run
Mullvad VPN,Streaming,Streaming unblock toolkit,Overall,no,0.00,editorial_default
Mullvad VPN,Streaming,Tier1 streaming,Overall,most_3_or_4,2.40,benchmark_run
Mullvad VPN,Streaming,Tier2 streaming,Overall,most_3_or_4,1.00,benchmark_run
Mullvad VPN,Streaming,Tier3 streaming,Overall,most_3_or_4,0.30,benchmark_run
Mullvad VPN,Streaming,Works in high censorship countries,Overall,,0.00,comparitech_api
Mullvad VPN,SystemPerformance,_section_total,Overall,,4.00,calculated
Mullvad VPN,SystemPerformance,_section_total_v3_sysperf,Overall,0.03512,7.50,calculated
Mullvad VPN,SystemPerformance,_section_total_v3_sysperf_protocol,WireGuard,0.03512,7.50,calculated
Mullvad VPN,SystemPerformance,Cpu tier,Overall,tier_okay,1.20,editorial_default
Mullvad VPN,SystemPerformance,Idle delta cpu pct,Overall,-2.3893,,calculated
Mullvad VPN,SystemPerformance,Idle delta cpu pct,WireGuard,-2.3893,,calculated
Mullvad VPN,SystemPerformance,Idle delta cpu tier,Overall,tier_okay,0.00,editorial_default
Mullvad VPN,SystemPerformance,Load efficiency per mbps,Overall,0.03512,,calculated
Mullvad VPN,SystemPerformance,Load efficiency per mbps,WireGuard,0.03512,,calculated
Mullvad VPN,SystemPerformance,Load efficiency tier,Overall,tier_okay,4.00,editorial_default
Mullvad VPN,SystemPerformance,Network overhead tier,Overall,tier_okay,1.00,editorial_default
Mullvad VPN,SystemPerformance,Ram delta mb,Overall,368.0,,calculated
Mullvad VPN,SystemPerformance,Ram delta mb,WireGuard,368.0,,calculated
Mullvad VPN,SystemPerformance,Ram delta tier,Overall,tier_okay,0.00,editorial_default
Mullvad VPN,SystemPerformance,Ram tier,Overall,tier_okay,1.20,editorial_default
Mullvad VPN,ValueForMoney,_section_total,Overall,,5.55,calculated
Mullvad VPN,ValueForMoney,Anonymous payments vfm,Overall,multiple,0.50,editorial_default
Mullvad VPN,ValueForMoney,Clear cancellation,Overall,yes,0.50,editorial_default
Mullvad VPN,ValueForMoney,Connection limit tier,Overall,under_6,0.45,editorial_default
Mullvad VPN,ValueForMoney,Country count,Overall,30_to_59,,manual_admin
Mullvad VPN,ValueForMoney,Free trial available,Overall,no,0.00,manual_admin
Mullvad VPN,ValueForMoney,Includes av,Overall,no,0.00,manual_admin
Mullvad VPN,ValueForMoney,Includes dark web monitor,Overall,no,0.00,editorial_default
Mullvad VPN,ValueForMoney,Includes password manager,Overall,no,0.00,editorial_default
Mullvad VPN,ValueForMoney,Intro lowest price tier,Overall,5_to_7,0.50,editorial_default
Mullvad VPN,ValueForMoney,Money back duration,Overall,14_to_29,0.70,editorial_default
Mullvad VPN,ValueForMoney,Monthly price tier,Overall,under_10,1.00,editorial_default
Mullvad VPN,ValueForMoney,Pricing consistency,Overall,consistent,0.60,editorial_default
Mullvad VPN,ValueForMoney,Renewal lowest price tier,Overall,5_to_7,0.50,editorial_default
Mullvad VPN,ValueForMoney,Static ip included,Overall,no,0.00,editorial_default
Mullvad VPN,ValueForMoney,Student discount,Overall,no,0.00,manual_admin
Mullvad VPN,ValueForMoney,Subscription term count,Overall,three_plus,0.50,manual_admin
Mullvad VPN,ValueForMoney,Traditional payments,Overall,multiple,0.30,editorial_default
NoLagVPN,EaseOfUse,_section_total,Overall,,2.00,calculated
NoLagVPN,EaseOfUse,Ease of cancellation,Overall,moderate,0.20,manual_admin
NoLagVPN,EaseOfUse,Ease of signup,Overall,very_easy,0.70,manual_admin
NoLagVPN,EaseOfUse,Knowledge base,Overall,basic,0.20,manual_admin
NoLagVPN,EaseOfUse,Linux support,Overall,none,0.00,manual_admin
NoLagVPN,EaseOfUse,Live chat quality,Overall,email_only,0.10,manual_admin
NoLagVPN,EaseOfUse,Quick connect,Overall,no,0.00,manual_admin
NoLagVPN,EaseOfUse,Quick pick purpose,Overall,no,0.00,manual_admin
NoLagVPN,EaseOfUse,Router support,Overall,manual_config_only,0.20,manual_admin
NoLagVPN,EaseOfUse,Setup guides,Overall,partial,0.20,manual_admin
NoLagVPN,EaseOfUse,Task specific servers,Overall,yes,0.40,manual_admin
NoLagVPN,Security,_section_total,Overall,,3.60,calculated
NoLagVPN,Security,Anonymous payment,Overall,none,0.00,editorial_default
NoLagVPN,Security,Dns leak pass rate,Overall,tier_pass,0.80,editorial_default
NoLagVPN,Security,Hq jurisdiction,Overall,inside_14_eyes,0.00,calculated
NoLagVPN,Security,Ipv4 leak pass rate,Overall,tier_pass,0.30,editorial_default
NoLagVPN,Security,Ipv6 leak pass rate,Overall,tier_pass,0.80,editorial_default
NoLagVPN,Security,Kill switch effectiveness,Overall,effective,0.60,editorial_default
NoLagVPN,Security,Modern protocols,Overall,openvpn_only,0.30,calculated
NoLagVPN,Security,Obfuscation available,Overall,no,0.00,calculated
NoLagVPN,Security,Webrtc leak pass rate,Overall,tier_pass,0.80,editorial_default
NoLagVPN,Speed,_section_total,Overall,,7.80,calculated
NoLagVPN,Speed,_section_total_v3_global,Overall,,5.00,editorial_default
NoLagVPN,Speed,_section_total_v3_uk,Overall,,5.00,editorial_default
NoLagVPN,Speed,Connection time,Overall,tier_okay,0.05,editorial_default
NoLagVPN,Speed,Download tier,Overall,tier_good,2.65,editorial_default
NoLagVPN,Speed,Jitter tier,Overall,tier_good,0.20,editorial_default
NoLagVPN,Speed,Latency tier,Overall,tier_good,1.50,editorial_default
NoLagVPN,Speed,Long distance speed,Overall,tier_consistent,1.00,editorial_default
NoLagVPN,Speed,Packet loss tier,Overall,tier_good,0.40,editorial_default
NoLagVPN,Speed,Speed consistency,Overall,tier_consistent,1.00,editorial_default
NoLagVPN,Speed,Upload tier,Overall,tier_good,1.00,editorial_default
NoLagVPN,Streaming,_section_total,Overall,,0.15,calculated
NoLagVPN,Streaming,Android tv app,Overall,,0.00,comparitech_api
NoLagVPN,Streaming,Includes ad blocker,Overall,,0.00,comparitech_api
NoLagVPN,Streaming,Number of locations in relevant country,Overall,<5,1.20,comparitech_api
NoLagVPN,Streaming,Offers a smart dns service,Overall,,0.00,comparitech_api
NoLagVPN,Streaming,Simultaneous stream capacity,Overall,under_4,0.15,editorial_default
NoLagVPN,Streaming,Streaming device apps,Overall,none,0.00,calculated
NoLagVPN,Streaming,Streaming unblock toolkit,Overall,no,0.00,editorial_default
NoLagVPN,Streaming,Tier1 streaming,Overall,most_3_or_4,,editorial_default
NoLagVPN,Streaming,Tier2 streaming,Overall,most_3_or_4,,editorial_default
NoLagVPN,Streaming,Tier3 streaming,Overall,most_3_or_4,,editorial_default
NoLagVPN,Streaming,Works in high censorship countries,Overall,,0.00,comparitech_api
NoLagVPN,SystemPerformance,_section_total,Overall,,4.00,calculated
NoLagVPN,SystemPerformance,Cpu tier,Overall,tier_okay,1.20,editorial_default
NoLagVPN,SystemPerformance,Idle delta cpu tier,Overall,tier_okay,0.00,editorial_default
NoLagVPN,SystemPerformance,Load efficiency tier,Overall,tier_okay,4.00,editorial_default
NoLagVPN,SystemPerformance,Network overhead tier,Overall,tier_okay,1.00,editorial_default
NoLagVPN,SystemPerformance,Ram delta tier,Overall,tier_okay,0.00,editorial_default
NoLagVPN,SystemPerformance,Ram tier,Overall,tier_okay,1.20,editorial_default
NoLagVPN,ValueForMoney,_section_total,Overall,,4.80,calculated
NoLagVPN,ValueForMoney,Anonymous payments vfm,Overall,none,0.00,editorial_default
NoLagVPN,ValueForMoney,Connection limit tier,Overall,,,editorial_default
NoLagVPN,ValueForMoney,Country count,Overall,under_30,,manual_admin
NoLagVPN,ValueForMoney,Free trial available,Overall,no,0.00,manual_admin
NoLagVPN,ValueForMoney,Includes av,Overall,no,0.00,manual_admin
NoLagVPN,ValueForMoney,Intro lowest price tier,Overall,under_3_usd,1.00,editorial_default
NoLagVPN,ValueForMoney,Money back duration,Overall,14_to_29,0.70,editorial_default
NoLagVPN,ValueForMoney,Monthly price tier,Overall,under_10,1.00,editorial_default
NoLagVPN,ValueForMoney,Pricing consistency,Overall,consistent,0.60,editorial_default
NoLagVPN,ValueForMoney,Renewal lowest price tier,Overall,under_3_usd,1.00,editorial_default
NoLagVPN,ValueForMoney,Student discount,Overall,no,0.00,manual_admin
NoLagVPN,ValueForMoney,Subscription term count,Overall,three_plus,0.50,manual_admin
NordVPN,EaseOfUse,_section_total,Overall,,8.72,calculated
NordVPN,EaseOfUse,Apps for major platforms,Overall,all_4,1.00,calculated
NordVPN,EaseOfUse,Browser extensions,Overall,1_plus,0.50,editorial_default
NordVPN,EaseOfUse,Country count,Overall,60_plus,0.80,calculated
NordVPN,EaseOfUse,Ease of cancellation,Overall,very_easy,0.40,editorial_default
NordVPN,EaseOfUse,Ease of signup,Overall,moderate,0.42,editorial_default
NordVPN,EaseOfUse,Feature parity,Overall,most_features,0.40,editorial_default
NordVPN,EaseOfUse,Knowledge base,Overall,comprehensive,0.40,editorial_default
NordVPN,EaseOfUse,Linux support,Overall,app_with_gui,0.50,editorial_default
NordVPN,EaseOfUse,Live chat quality,Overall,24_7,0.80,editorial_default
NordVPN,EaseOfUse,Novice friendly design,Overall,high,0.60,editorial_default
NordVPN,EaseOfUse,Quick connect,Overall,yes,0.80,manual_admin
NordVPN,EaseOfUse,Quick pick purpose,Overall,no,0.00,manual_admin
NordVPN,EaseOfUse,Router support,Overall,app_or_firmware,0.50,editorial_default
NordVPN,EaseOfUse,Server picker quality,Overall,10_plus,0.70,editorial_default
NordVPN,EaseOfUse,Setup guides,Overall,comprehensive,0.40,editorial_default
NordVPN,EaseOfUse,Streaming device apps eou,Overall,2_plus,0.50,editorial_default
NordVPN,EaseOfUse,Task specific servers,Overall,no,0.00,manual_admin
NordVPN,EaseOfUse,Unblocking consistency,Overall,great,1.00,comparitech_api
NordVPN,Security,_section_total,Overall,,10.00,calculated
NordVPN,Security,Additional security features,Overall,Yes,0.40,comparitech_api
NordVPN,Security,Anonymous payment,Overall,multiple,0.40,editorial_default
NordVPN,Security,Audit cadence,Overall,continuous,0.50,editorial_default
NordVPN,Security,Authentication strength,Overall,sha384_or_higher,0.30,calculated
NordVPN,Security,Dns leak pass rate,Overall,tier_pass,0.80,benchmark_run
NordVPN,Security,Encryption strength,Overall,aes_128_or_higher,0.60,calculated
NordVPN,Security,Hq jurisdiction,Overall,outside_14_eyes,0.50,editorial_default
NordVPN,Security,Hq outside 9 eyes,Overall,Yes,0.10,comparitech_api
NordVPN,Security,Independent audit,Overall,within_24mo,1.00,editorial_default
NordVPN,Security,Ip logs,Overall,No,0.60,comparitech_api
NordVPN,Security,Ipv4 leak pass rate,Overall,tier_pass,0.30,benchmark_run
NordVPN,Security,Ipv6 leak pass rate,Overall,tier_pass,0.80,benchmark_run
NordVPN,Security,Kill switch effectiveness,Overall,effective,0.60,editorial_default
NordVPN,Security,Modern protocols,Overall,has_modern,0.70,calculated
NordVPN,Security,No logs policy status,Overall,audited,1.00,editorial_default
NordVPN,Security,Obfuscation available,Overall,yes,0.50,calculated
NordVPN,Security,Perfect forward secrecy,Overall,yes,0.30,calculated
NordVPN,Security,Private dns,Overall,Yes,0.40,comparitech_api
NordVPN,Security,Ram only servers,Overall,full,0.40,editorial_default
NordVPN,Security,Restrictive region access,Overall,yes,0.30,editorial_default
NordVPN,Security,Rsa key length,Overall,4096_plus,0.20,calculated
NordVPN,Security,Torrenting allowed,Overall,Yes,0.50,comparitech_api
NordVPN,Security,Webrtc leak pass rate,Overall,tier_pass,0.80,benchmark_run
NordVPN,Speed,_coverage,Overall,"{""status"": ""full"", ""count"": 7, ""expected"": 7, ""countries"": [""AU"", ""BR"", ""DE"", ""GB"", ""JP"", ""US"", ""ZA""], ""has_core"": true, ""has_far"": true, ""panel"": [""AU"", ""BR"", ""DE"", ""GB"", ""JP"", ""US"", ""ZA""]}",10.00,calculated
NordVPN,Speed,_section_total,Overall,,7.80,calculated
NordVPN,Speed,_section_total,OpenVPN (UDP),,5.50,calculated
NordVPN,Speed,_section_total,OpenVPN (TCP),,6.65,calculated
NordVPN,Speed,_section_total,NordLynx,,7.50,calculated
NordVPN,Speed,_section_total_v3_global,Overall,,6.89,calculated
NordVPN,Speed,_section_total_v3_protocol,OpenVPN (UDP),,6.67,calculated
NordVPN,Speed,_section_total_v3_protocol,OpenVPN (TCP),,5.39,calculated
NordVPN,Speed,_section_total_v3_protocol,NordLynx,,7.81,calculated
NordVPN,Speed,_section_total_v3_uk,Overall,,6.34,calculated
NordVPN,Speed,_speed_v3_dl,Overall,,0.46,calculated
NordVPN,Speed,_speed_v3_lat,Overall,,0.08,calculated
NordVPN,Speed,_speed_v3_raw,Overall,"{""raw"": 0.569738, ""dl"": 0.460835, ""ul"": 0.025639, ""lat"": 0.083265, ""curve_score"": 6.34, ""curve_flavor"": ""uk_weighted"", ""curve_field_size"": 7, ""curve_score_min"": 5.0, ""curve_score_max"": 8.5}",0.57,calculated
NordVPN,Speed,_speed_v3_ul,Overall,,0.03,calculated
NordVPN,Speed,Connection time,Overall,tier_okay,0.05,editorial_default
NordVPN,Speed,Connection time,OpenVPN (UDP),tier_fast,0.10,benchmark_run
NordVPN,Speed,Connection time,OpenVPN (TCP),tier_fast,0.10,benchmark_run
NordVPN,Speed,Connection time,NordLynx,tier_fast,0.10,benchmark_run
NordVPN,Speed,Download tier,Overall,tier_good,2.65,editorial_default
NordVPN,Speed,Download tier,OpenVPN (UDP),tier_okay,2.00,benchmark_run
NordVPN,Speed,Download tier,OpenVPN (TCP),tier_good,2.65,benchmark_run
NordVPN,Speed,Download tier,NordLynx,tier_excellent,3.30,benchmark_run
NordVPN,Speed,Jitter tier,Overall,tier_good,0.20,editorial_default
NordVPN,Speed,Jitter tier,OpenVPN (UDP),tier_excellent,0.40,benchmark_run
NordVPN,Speed,Jitter tier,OpenVPN (TCP),tier_excellent,0.40,benchmark_run
NordVPN,Speed,Jitter tier,NordLynx,tier_excellent,0.40,benchmark_run
NordVPN,Speed,Latency tier,Overall,tier_good,1.50,editorial_default
NordVPN,Speed,Latency tier,OpenVPN (UDP),tier_okay,1.00,benchmark_run
NordVPN,Speed,Latency tier,OpenVPN (TCP),tier_good,1.50,benchmark_run
NordVPN,Speed,Latency tier,NordLynx,tier_good,1.50,benchmark_run
NordVPN,Speed,Long distance speed,Overall,tier_consistent,1.00,editorial_default
NordVPN,Speed,Long distance speed,OpenVPN (UDP),tier_consistent,1.00,benchmark_run
NordVPN,Speed,Long distance speed,OpenVPN (TCP),tier_consistent,1.00,benchmark_run
NordVPN,Speed,Long distance speed,NordLynx,tier_consistent,1.00,benchmark_run
NordVPN,Speed,Packet loss tier,Overall,tier_good,0.40,editorial_default
NordVPN,Speed,Packet loss tier,OpenVPN (UDP),tier_excellent,0.70,benchmark_run
NordVPN,Speed,Packet loss tier,OpenVPN (TCP),tier_excellent,0.70,benchmark_run
NordVPN,Speed,Packet loss tier,NordLynx,tier_good,0.40,benchmark_run
NordVPN,Speed,Speed consistency,Overall,tier_consistent,1.00,editorial_default
NordVPN,Speed,Speed consistency,OpenVPN (UDP),tier_variable,0.30,benchmark_run
NordVPN,Speed,Speed consistency,OpenVPN (TCP),tier_variable,0.30,benchmark_run
NordVPN,Speed,Speed consistency,NordLynx,tier_variable,0.30,benchmark_run
NordVPN,Speed,Upload tier,Overall,tier_good,1.00,editorial_default
NordVPN,Speed,Upload tier,OpenVPN (UDP),tier_poor,0.00,benchmark_run
NordVPN,Speed,Upload tier,OpenVPN (TCP),tier_poor,0.00,benchmark_run
NordVPN,Speed,Upload tier,NordLynx,tier_okay,0.50,benchmark_run
NordVPN,Streaming,_section_total,Overall,,1.70,calculated
NordVPN,Streaming,_section_total_v3_streaming,Overall,T1=100% T2=100% T3=100%,8.30,calculated
NordVPN,Streaming,Android tv app,Overall,Yes,0.60,comparitech_api
NordVPN,Streaming,Browser extensions,Overall,yes,,editorial_default
NordVPN,Streaming,Four k capable speed,Overall,yes,0.50,benchmark_run
NordVPN,Streaming,Includes ad blocker,Overall,Yes,1.00,comparitech_api
NordVPN,Streaming,Number of locations in relevant country,Overall,5+,1.50,comparitech_api
NordVPN,Streaming,Simultaneous stream capacity,Overall,4_plus,0.30,editorial_default
NordVPN,Streaming,Streaming device apps,Overall,4_plus,0.60,manual_admin
NordVPN,Streaming,Streaming hub coverage,Overall,3_plus_hubs,,benchmark_run
NordVPN,Streaming,Streaming unblock toolkit,Overall,yes,0.30,editorial_default
NordVPN,Streaming,Streaming v3 coverage,Overall,"4 services scored, 0 excluded (noise/unconfirmed) in 14d window",,calculated
NordVPN,Streaming,Streaming v3 tier1 pct,Overall,100.0% (2 svc scored),,calculated
NordVPN,Streaming,Streaming v3 tier2 pct,Overall,100.0% (2 svc scored),,calculated
NordVPN,Streaming,Streaming v3 tier3 pct,Overall,100.0% (assumed from T2 — T3 not yet benchmarked),,calculated
NordVPN,Streaming,Tier1 streaming,Overall,most_3_or_4,3.00,benchmark_run
NordVPN,Streaming,Tier2 streaming,Overall,most_3_or_4,1.00,benchmark_run
NordVPN,Streaming,Tier3 streaming,Overall,most_3_or_4,0.30,benchmark_run
NordVPN,Streaming,Works in high censorship countries,Overall,1,1.00,comparitech_api
NordVPN,SystemPerformance,_section_total,Overall,,4.00,calculated
NordVPN,SystemPerformance,_section_total_v3_sysperf,Overall,0.04632,6.72,calculated
NordVPN,SystemPerformance,_section_total_v3_sysperf_protocol,OpenVPN (UDP),0.02959,7.71,calculated
NordVPN,SystemPerformance,_section_total_v3_sysperf_protocol,NordLynx,0.04632,6.72,calculated
NordVPN,SystemPerformance,Idle delta cpu pct,Overall,1.8147,,calculated
NordVPN,SystemPerformance,Idle delta cpu pct,OpenVPN (UDP),2.1700,,calculated
NordVPN,SystemPerformance,Idle delta cpu pct,NordLynx,1.8147,,calculated
NordVPN,SystemPerformance,Idle delta cpu tier,Overall,tier_okay,0.00,editorial_default
NordVPN,SystemPerformance,Load efficiency per mbps,Overall,0.04632,,calculated
NordVPN,SystemPerformance,Load efficiency per mbps,OpenVPN (UDP),0.02959,,calculated
NordVPN,SystemPerformance,Load efficiency per mbps,NordLynx,0.04632,,calculated
NordVPN,SystemPerformance,Load efficiency tier,Overall,tier_okay,4.00,editorial_default
NordVPN,SystemPerformance,Ram delta mb,Overall,643.5,,calculated
NordVPN,SystemPerformance,Ram delta mb,OpenVPN (UDP),654.9,,calculated
NordVPN,SystemPerformance,Ram delta mb,NordLynx,643.5,,calculated
NordVPN,SystemPerformance,Ram delta tier,Overall,tier_okay,0.00,editorial_default
NordVPN,ValueForMoney,_section_total,Overall,,6.26,calculated
NordVPN,ValueForMoney,Anonymous payments vfm,Overall,multiple,0.50,editorial_default
NordVPN,ValueForMoney,Clear cancellation,Overall,yes,0.50,editorial_default
NordVPN,ValueForMoney,Connection limit tier,Overall,10_plus,1.36,editorial_default
NordVPN,ValueForMoney,Country count,Overall,60_plus,,manual_admin
NordVPN,ValueForMoney,Free trial available,Overall,no,0.00,manual_admin
NordVPN,ValueForMoney,Includes av,Overall,no,0.00,manual_admin
NordVPN,ValueForMoney,Includes dark web monitor,Overall,yes,0.30,editorial_default
NordVPN,ValueForMoney,Includes password manager,Overall,no,0.00,editorial_default
NordVPN,ValueForMoney,Intro lowest price tier,Overall,3_to_5,0.70,editorial_default
NordVPN,ValueForMoney,Lowest price,Overall,<$5,1.20,comparitech_api
NordVPN,ValueForMoney,Money back duration,Overall,30_to_44,0.90,editorial_default
NordVPN,ValueForMoney,Money back guarantee,Overall,Yes,1.00,comparitech_api
NordVPN,ValueForMoney,Monthly price tier,Overall,12_to_14,0.40,editorial_default
NordVPN,ValueForMoney,Monthly pricing,Overall,<$13,1.10,comparitech_api
NordVPN,ValueForMoney,Pricing consistency,Overall,extreme,0.30,editorial_default
NordVPN,ValueForMoney,Renewal lowest price tier,Overall,over_10,0.00,editorial_default
NordVPN,ValueForMoney,Sale frequency,Overall,frequently,1.20,comparitech_api
NordVPN,ValueForMoney,Static ip included,Overall,yes,0.30,editorial_default
NordVPN,ValueForMoney,Student discount,Overall,yes,0.20,manual_admin
NordVPN,ValueForMoney,Subscription term count,Overall,three_plus,0.50,manual_admin
NordVPN,ValueForMoney,Traditional payments,Overall,multiple,0.30,editorial_default
Norton Secure VPN,EaseOfUse,_section_total,Overall,,4.00,calculated
Norton Secure VPN,EaseOfUse,Apps for major platforms,Overall,all_4,1.00,manual_admin
Norton Secure VPN,EaseOfUse,Browser extensions,Overall,1_plus,0.50,editorial_default
Norton Secure VPN,EaseOfUse,Ease of cancellation,Overall,very_easy,0.40,editorial_default
Norton Secure VPN,EaseOfUse,Linux support,Overall,none,0.00,editorial_default
Norton Secure VPN,EaseOfUse,Live chat quality,Overall,24_7,0.80,editorial_default
Norton Secure VPN,EaseOfUse,Quick connect,Overall,yes,0.80,manual_admin
Norton Secure VPN,EaseOfUse,Quick pick purpose,Overall,no,0.00,manual_admin
Norton Secure VPN,EaseOfUse,Router support,Overall,none,0.00,editorial_default
Norton Secure VPN,EaseOfUse,Streaming device apps eou,Overall,2_plus,0.50,editorial_default
Norton Secure VPN,EaseOfUse,Task specific servers,Overall,no,0.00,manual_admin
Norton Secure VPN,Security,_section_total,Overall,,7.90,calculated
Norton Secure VPN,Security,Anonymous payment,Overall,none,0.00,editorial_default
Norton Secure VPN,Security,Authentication strength,Overall,sha384_or_higher,0.30,manual_admin
Norton Secure VPN,Security,Dns leak pass rate,Overall,tier_pass,0.80,editorial_default
Norton Secure VPN,Security,Encryption strength,Overall,aes_128_or_higher,0.60,manual_admin
Norton Secure VPN,Security,Hq jurisdiction,Overall,inside_14_eyes,0.00,calculated
Norton Secure VPN,Security,Independent audit,Overall,within_24mo,1.00,editorial_default
Norton Secure VPN,Security,Ipv4 leak pass rate,Overall,tier_pass,0.30,editorial_default
Norton Secure VPN,Security,Ipv6 leak pass rate,Overall,tier_pass,0.80,editorial_default
Norton Secure VPN,Security,Kill switch effectiveness,Overall,effective,0.60,editorial_default
Norton Secure VPN,Security,Modern protocols,Overall,has_modern,0.70,manual_admin
Norton Secure VPN,Security,No logs policy status,Overall,audited,1.00,editorial_default
Norton Secure VPN,Security,Obfuscation available,Overall,yes,0.50,manual_admin
Norton Secure VPN,Security,Perfect forward secrecy,Overall,yes,0.30,manual_admin
Norton Secure VPN,Security,Restrictive region access,Overall,no,0.00,editorial_default
Norton Secure VPN,Security,Rsa key length,Overall,4096_plus,0.20,manual_admin
Norton Secure VPN,Security,Webrtc leak pass rate,Overall,tier_pass,0.80,editorial_default
Norton Secure VPN,Speed,_section_total,Overall,,7.80,calculated
Norton Secure VPN,Speed,_section_total_v3_global,Overall,,5.00,editorial_default
Norton Secure VPN,Speed,_section_total_v3_uk,Overall,,5.00,editorial_default
Norton Secure VPN,Speed,Connection time,Overall,tier_okay,0.05,editorial_default
Norton Secure VPN,Speed,Download tier,Overall,tier_good,2.65,editorial_default
Norton Secure VPN,Speed,Jitter tier,Overall,tier_good,0.20,editorial_default
Norton Secure VPN,Speed,Latency tier,Overall,tier_good,1.50,editorial_default
Norton Secure VPN,Speed,Long distance speed,Overall,tier_consistent,1.00,editorial_default
Norton Secure VPN,Speed,Packet loss tier,Overall,tier_good,0.40,editorial_default
Norton Secure VPN,Speed,Speed consistency,Overall,tier_consistent,1.00,editorial_default
Norton Secure VPN,Speed,Upload tier,Overall,tier_good,1.00,editorial_default
Norton Secure VPN,Streaming,_section_total,Overall,,0.30,calculated
Norton Secure VPN,Streaming,Android tv app,Overall,,0.00,comparitech_api
Norton Secure VPN,Streaming,Browser extensions,Overall,yes,,editorial_default
Norton Secure VPN,Streaming,Includes ad blocker,Overall,,0.00,comparitech_api
Norton Secure VPN,Streaming,Number of locations in relevant country,Overall,<5,1.20,comparitech_api
Norton Secure VPN,Streaming,Offers a smart dns service,Overall,,0.00,comparitech_api
Norton Secure VPN,Streaming,Simultaneous stream capacity,Overall,4_plus,0.30,editorial_default
Norton Secure VPN,Streaming,Streaming device apps,Overall,none,0.00,calculated
Norton Secure VPN,Streaming,Streaming unblock toolkit,Overall,no,0.00,editorial_default
Norton Secure VPN,Streaming,Tier1 streaming,Overall,most_3_or_4,,editorial_default
Norton Secure VPN,Streaming,Tier2 streaming,Overall,most_3_or_4,,editorial_default
Norton Secure VPN,Streaming,Tier3 streaming,Overall,most_3_or_4,,editorial_default
Norton Secure VPN,Streaming,Works in high censorship countries,Overall,,0.00,comparitech_api
Norton Secure VPN,SystemPerformance,_section_total,Overall,,4.00,calculated
Norton Secure VPN,SystemPerformance,Cpu tier,Overall,tier_okay,1.20,editorial_default
Norton Secure VPN,SystemPerformance,Idle delta cpu tier,Overall,tier_okay,0.00,editorial_default
Norton Secure VPN,SystemPerformance,Load efficiency tier,Overall,tier_okay,4.00,editorial_default
Norton Secure VPN,SystemPerformance,Network overhead tier,Overall,tier_okay,1.00,editorial_default
Norton Secure VPN,SystemPerformance,Ram delta tier,Overall,tier_okay,0.00,editorial_default
Norton Secure VPN,SystemPerformance,Ram tier,Overall,tier_okay,1.20,editorial_default
Norton Secure VPN,ValueForMoney,_section_total,Overall,,5.65,calculated
Norton Secure VPN,ValueForMoney,Anonymous payments vfm,Overall,none,0.00,editorial_default
Norton Secure VPN,ValueForMoney,Clear cancellation,Overall,yes,0.50,editorial_default
Norton Secure VPN,ValueForMoney,Connection limit tier,Overall,under_6,0.45,editorial_default
Norton Secure VPN,ValueForMoney,Country count,Overall,under_30,,manual_admin
Norton Secure VPN,ValueForMoney,Free trial available,Overall,yes,0.40,manual_admin
Norton Secure VPN,ValueForMoney,Includes av,Overall,yes,0.40,manual_admin
Norton Secure VPN,ValueForMoney,Includes dark web monitor,Overall,yes,0.30,editorial_default
Norton Secure VPN,ValueForMoney,Includes password manager,Overall,yes,0.30,editorial_default
Norton Secure VPN,ValueForMoney,Intro lowest price tier,Overall,3_to_5,0.70,editorial_default
Norton Secure VPN,ValueForMoney,Money back duration,Overall,45_plus_days,1.00,editorial_default
Norton Secure VPN,ValueForMoney,Pricing consistency,Overall,moderate,0.50,editorial_default
Norton Secure VPN,ValueForMoney,Renewal lowest price tier,Overall,5_to_7,0.50,editorial_default
Norton Secure VPN,ValueForMoney,Static ip included,Overall,no,0.00,editorial_default
Norton Secure VPN,ValueForMoney,Student discount,Overall,yes,0.20,manual_admin
Norton Secure VPN,ValueForMoney,Subscription term count,Overall,one,0.10,manual_admin
Norton Secure VPN,ValueForMoney,Traditional payments,Overall,multiple,0.30,editorial_default
Oeck VPN,EaseOfUse,_section_total,Overall,,5.52,calculated
Oeck VPN,EaseOfUse,Apps for major platforms,Overall,all_4,1.00,calculated
Oeck VPN,EaseOfUse,Browser extensions,Overall,none,0.00,editorial_default
Oeck VPN,EaseOfUse,Country count,Overall,60_plus,0.80,calculated
Oeck VPN,EaseOfUse,Ease of cancellation,Overall,very_easy,0.40,calculated
Oeck VPN,EaseOfUse,Ease of signup,Overall,moderate,0.42,calculated
Oeck VPN,EaseOfUse,Feature parity,Overall,varies_by_platform,0.10,calculated
Oeck VPN,EaseOfUse,Knowledge base,Overall,basic,0.20,manual_admin
Oeck VPN,EaseOfUse,Linux support,Overall,app_with_gui,0.50,editorial_default
Oeck VPN,EaseOfUse,Live chat quality,Overall,email_only,0.10,manual_admin
Oeck VPN,EaseOfUse,Novice friendly design,Overall,high,0.60,calculated
Oeck VPN,EaseOfUse,Quick connect,Overall,no,0.00,manual_admin
Oeck VPN,EaseOfUse,Quick pick purpose,Overall,yes,0.30,manual_admin
Oeck VPN,EaseOfUse,Router support,Overall,app_or_firmware,0.50,editorial_default
Oeck VPN,EaseOfUse,Setup guides,Overall,partial,0.20,manual_admin
Oeck VPN,EaseOfUse,Streaming device apps eou,Overall,none,0.00,editorial_default
Oeck VPN,EaseOfUse,Task specific servers,Overall,yes,0.40,manual_admin
Oeck VPN,EaseOfUse,Unblocking consistency,Overall,generally_works,0.50,comparitech_api
Oeck VPN,Security,_section_total,Overall,,7.00,calculated
Oeck VPN,Security,Additional security features,Overall,Yes,0.40,comparitech_api
Oeck VPN,Security,Anonymous payment,Overall,multiple,0.40,editorial_default
Oeck VPN,Security,Authentication strength,Overall,weaker,0.00,calculated
Oeck VPN,Security,Dns leak pass rate,Overall,tier_pass,0.80,editorial_default
Oeck VPN,Security,Encryption strength,Overall,aes_128_or_higher,0.60,calculated
Oeck VPN,Security,Hq jurisdiction,Overall,outside_14_eyes,0.50,calculated
Oeck VPN,Security,Ip logs,Overall,No,0.60,comparitech_api
Oeck VPN,Security,Ipv4 leak pass rate,Overall,tier_pass,0.30,editorial_default
Oeck VPN,Security,Ipv6 leak pass rate,Overall,tier_pass,0.80,editorial_default
Oeck VPN,Security,Kill switch effectiveness,Overall,effective,0.60,editorial_default
Oeck VPN,Security,Modern protocols,Overall,has_modern,0.70,calculated
Oeck VPN,Security,No logs policy status,Overall,claimed,0.50,calculated
Oeck VPN,Security,Obfuscation available,Overall,yes,0.50,calculated
Oeck VPN,Security,Perfect forward secrecy,Overall,Yes,0.30,calculated
Oeck VPN,Security,Private dns,Overall,Yes,0.40,comparitech_api
Oeck VPN,Security,Rsa key length,Overall,4096_plus,0.20,calculated
Oeck VPN,Security,Torrenting allowed,Overall,Yes,0.50,comparitech_api
Oeck VPN,Security,Webrtc leak pass rate,Overall,tier_pass,0.80,editorial_default
Oeck VPN,Speed,_section_total,Overall,,7.80,calculated
Oeck VPN,Speed,_section_total_v3_global,Overall,,5.00,editorial_default
Oeck VPN,Speed,_section_total_v3_uk,Overall,,5.00,editorial_default
Oeck VPN,Speed,Connection time,Overall,tier_okay,0.05,editorial_default
Oeck VPN,Speed,Download tier,Overall,tier_good,2.65,editorial_default
Oeck VPN,Speed,Jitter tier,Overall,tier_good,0.20,editorial_default
Oeck VPN,Speed,Latency tier,Overall,tier_good,1.50,editorial_default
Oeck VPN,Speed,Long distance speed,Overall,tier_consistent,1.00,editorial_default
Oeck VPN,Speed,Packet loss tier,Overall,tier_good,0.40,editorial_default
Oeck VPN,Speed,Speed consistency,Overall,tier_consistent,1.00,editorial_default
Oeck VPN,Speed,Upload tier,Overall,tier_good,1.00,editorial_default
Oeck VPN,Streaming,_section_total,Overall,,0.50,calculated
Oeck VPN,Streaming,Android tv app,Overall,,0.00,comparitech_api
Oeck VPN,Streaming,Browser extensions,Overall,no,,editorial_default
Oeck VPN,Streaming,Includes ad blocker,Overall,Yes,1.00,comparitech_api
Oeck VPN,Streaming,Number of locations in relevant country,Overall,5+,1.50,comparitech_api
Oeck VPN,Streaming,Simultaneous stream capacity,Overall,4_plus,0.30,editorial_default
Oeck VPN,Streaming,Streaming device apps,Overall,1,0.20,calculated
Oeck VPN,Streaming,Streaming unblock toolkit,Overall,no,0.00,editorial_default
Oeck VPN,Streaming,Tier1 streaming,Overall,most_3_or_4,,editorial_default
Oeck VPN,Streaming,Tier2 streaming,Overall,most_3_or_4,,editorial_default
Oeck VPN,Streaming,Tier3 streaming,Overall,most_3_or_4,,editorial_default
Oeck VPN,Streaming,Works in high censorship countries,Overall,1,1.00,comparitech_api
Oeck VPN,SystemPerformance,_section_total,Overall,,4.00,calculated
Oeck VPN,SystemPerformance,Cpu tier,Overall,tier_okay,1.20,editorial_default
Oeck VPN,SystemPerformance,Idle delta cpu tier,Overall,tier_okay,0.00,editorial_default
Oeck VPN,SystemPerformance,Load efficiency tier,Overall,tier_okay,4.00,editorial_default
Oeck VPN,SystemPerformance,Network overhead tier,Overall,tier_okay,1.00,editorial_default
Oeck VPN,SystemPerformance,Ram delta tier,Overall,tier_okay,0.00,editorial_default
Oeck VPN,SystemPerformance,Ram tier,Overall,tier_okay,1.20,editorial_default
Oeck VPN,ValueForMoney,_section_total,Overall,,4.41,calculated
Oeck VPN,ValueForMoney,Anonymous payments vfm,Overall,multiple,0.50,editorial_default
Oeck VPN,ValueForMoney,Connection limit tier,Overall,6_to_10,0.91,editorial_default
Oeck VPN,ValueForMoney,Country count,Overall,under_30,,manual_admin
Oeck VPN,ValueForMoney,Free trial available,Overall,Yes,0.40,calculated
Oeck VPN,ValueForMoney,Includes av,Overall,no,0.00,calculated
Oeck VPN,ValueForMoney,Includes dark web monitor,Overall,no,0.00,editorial_default
Oeck VPN,ValueForMoney,Includes password manager,Overall,no,0.00,editorial_default
Oeck VPN,ValueForMoney,Intro lowest price tier,Overall,5_to_7,0.50,calculated
Oeck VPN,ValueForMoney,Lowest price,Overall,<$5,1.20,comparitech_api
Oeck VPN,ValueForMoney,Money back guarantee,Overall,Yes,1.00,comparitech_api
Oeck VPN,ValueForMoney,Monthly price tier,Overall,under_10,1.00,calculated
Oeck VPN,ValueForMoney,Monthly pricing,Overall,<$13,1.10,comparitech_api
Oeck VPN,ValueForMoney,Pricing consistency,Overall,consistent,0.60,calculated
Oeck VPN,ValueForMoney,Sale frequency,Overall,few,0.50,comparitech_api
Oeck VPN,ValueForMoney,Static ip included,Overall,no,0.00,editorial_default
Oeck VPN,ValueForMoney,Student discount,Overall,No,0.00,calculated
Oeck VPN,ValueForMoney,Subscription term count,Overall,three_plus,0.50,calculated
OneVPN,Security,_section_total,Overall,,5.00,calculated
OneVPN,Security,Anonymous payment,Overall,single,0.20,editorial_default
OneVPN,Security,Authentication strength,Overall,weaker,0.00,calculated
OneVPN,Security,Dns leak pass rate,Overall,tier_pass,0.80,editorial_default
OneVPN,Security,Encryption strength,Overall,aes_128_or_higher,0.60,calculated
OneVPN,Security,Hq jurisdiction,Overall,outside_14_eyes,0.50,calculated
OneVPN,Security,Ipv4 leak pass rate,Overall,tier_pass,0.30,editorial_default
OneVPN,Security,Ipv6 leak pass rate,Overall,tier_pass,0.80,editorial_default
OneVPN,Security,Kill switch effectiveness,Overall,effective,0.60,editorial_default
OneVPN,Security,Modern protocols,Overall,openvpn_only,0.30,calculated
OneVPN,Security,Obfuscation available,Overall,no,0.00,calculated
OneVPN,Security,Perfect forward secrecy,Overall,no,0.00,calculated
OneVPN,Security,Rsa key length,Overall,2048,0.10,calculated
OneVPN,Security,Webrtc leak pass rate,Overall,tier_pass,0.80,editorial_default
OneVPN,Speed,_section_total,Overall,,7.80,calculated
OneVPN,Speed,_section_total_v3_global,Overall,,5.00,editorial_default
OneVPN,Speed,_section_total_v3_uk,Overall,,5.00,editorial_default
OneVPN,Speed,Connection time,Overall,tier_okay,0.05,editorial_default
OneVPN,Speed,Download tier,Overall,tier_good,2.65,editorial_default
OneVPN,Speed,Jitter tier,Overall,tier_good,0.20,editorial_default
OneVPN,Speed,Latency tier,Overall,tier_good,1.50,editorial_default
OneVPN,Speed,Long distance speed,Overall,tier_consistent,1.00,editorial_default
OneVPN,Speed,Packet loss tier,Overall,tier_good,0.40,editorial_default
OneVPN,Speed,Speed consistency,Overall,tier_consistent,1.00,editorial_default
OneVPN,Speed,Upload tier,Overall,tier_good,1.00,editorial_default
OneVPN,Streaming,_section_total,Overall,,0.30,calculated
OneVPN,Streaming,Android tv app,Overall,,0.00,comparitech_api
OneVPN,Streaming,Includes ad blocker,Overall,,0.00,comparitech_api
OneVPN,Streaming,Number of locations in relevant country,Overall,<5,1.20,comparitech_api
OneVPN,Streaming,Offers a smart dns service,Overall,,0.00,comparitech_api
OneVPN,Streaming,Simultaneous stream capacity,Overall,4_plus,0.30,editorial_default
OneVPN,Streaming,Streaming device apps,Overall,none,0.00,calculated
OneVPN,Streaming,Streaming unblock toolkit,Overall,no,0.00,editorial_default
OneVPN,Streaming,Tier1 streaming,Overall,most_3_or_4,,editorial_default
OneVPN,Streaming,Tier2 streaming,Overall,most_3_or_4,,editorial_default
OneVPN,Streaming,Tier3 streaming,Overall,most_3_or_4,,editorial_default
OneVPN,Streaming,Works in high censorship countries,Overall,,0.00,comparitech_api
OneVPN,SystemPerformance,_section_total,Overall,,4.00,calculated
OneVPN,SystemPerformance,Cpu tier,Overall,tier_okay,1.20,editorial_default
OneVPN,SystemPerformance,Idle delta cpu tier,Overall,tier_okay,0.00,editorial_default
OneVPN,SystemPerformance,Load efficiency tier,Overall,tier_okay,4.00,editorial_default
OneVPN,SystemPerformance,Network overhead tier,Overall,tier_okay,1.00,editorial_default
OneVPN,SystemPerformance,Ram delta tier,Overall,tier_okay,0.00,editorial_default
OneVPN,SystemPerformance,Ram tier,Overall,tier_okay,1.20,editorial_default
OneVPN,ValueForMoney,_section_total,Overall,,1.51,calculated
OneVPN,ValueForMoney,Anonymous payments vfm,Overall,single,0.30,editorial_default
OneVPN,ValueForMoney,Connection limit tier,Overall,6_to_10,0.91,editorial_default
OneVPN,ValueForMoney,Country count,Overall,30_to_59,,manual_admin
OneVPN,ValueForMoney,Free trial available,Overall,no,0.00,manual_admin
OneVPN,ValueForMoney,Includes av,Overall,no,0.00,manual_admin
OneVPN,ValueForMoney,Student discount,Overall,no,0.00,manual_admin
OneVPN,ValueForMoney,Subscription term count,Overall,two,0.30,manual_admin
Overplay (DNS),Security,_section_total,Overall,,4.30,calculated
Overplay (DNS),Security,Dns leak pass rate,Overall,tier_pass,0.80,editorial_default
Overplay (DNS),Security,Encryption strength,Overall,aes_128_or_higher,0.60,calculated
Overplay (DNS),Security,Hq jurisdiction,Overall,inside_14_eyes,0.00,calculated
Overplay (DNS),Security,Ipv4 leak pass rate,Overall,tier_pass,0.30,editorial_default
Overplay (DNS),Security,Ipv6 leak pass rate,Overall,tier_pass,0.80,editorial_default
Overplay (DNS),Security,Kill switch effectiveness,Overall,effective,0.60,editorial_default
Overplay (DNS),Security,Modern protocols,Overall,openvpn_only,0.30,calculated
Overplay (DNS),Security,Obfuscation available,Overall,no,0.00,calculated
Overplay (DNS),Security,Perfect forward secrecy,Overall,no,0.00,calculated
Overplay (DNS),Security,Rsa key length,Overall,2048,0.10,calculated
Overplay (DNS),Security,Webrtc leak pass rate,Overall,tier_pass,0.80,editorial_default
Overplay (DNS),Speed,_section_total,Overall,,7.80,calculated
Overplay (DNS),Speed,_section_total_v3_global,Overall,,5.00,editorial_default
Overplay (DNS),Speed,_section_total_v3_uk,Overall,,5.00,editorial_default
Overplay (DNS),Speed,Connection time,Overall,tier_okay,0.05,editorial_default
Overplay (DNS),Speed,Download tier,Overall,tier_good,2.65,editorial_default
Overplay (DNS),Speed,Jitter tier,Overall,tier_good,0.20,editorial_default
Overplay (DNS),Speed,Latency tier,Overall,tier_good,1.50,editorial_default
Overplay (DNS),Speed,Long distance speed,Overall,tier_consistent,1.00,editorial_default
Overplay (DNS),Speed,Packet loss tier,Overall,tier_good,0.40,editorial_default
Overplay (DNS),Speed,Speed consistency,Overall,tier_consistent,1.00,editorial_default
Overplay (DNS),Speed,Upload tier,Overall,tier_good,1.00,editorial_default
Overplay (DNS),Streaming,_section_total,Overall,,0.30,calculated
Overplay (DNS),Streaming,Android tv app,Overall,,0.00,comparitech_api
Overplay (DNS),Streaming,Includes ad blocker,Overall,,0.00,comparitech_api
Overplay (DNS),Streaming,Number of locations in relevant country,Overall,<5,1.20,comparitech_api
Overplay (DNS),Streaming,Offers a smart dns service,Overall,,0.00,comparitech_api
Overplay (DNS),Streaming,Simultaneous stream capacity,Overall,4_plus,0.30,editorial_default
Overplay (DNS),Streaming,Streaming device apps,Overall,none,0.00,calculated
Overplay (DNS),Streaming,Streaming unblock toolkit,Overall,no,0.00,editorial_default
Overplay (DNS),Streaming,Tier1 streaming,Overall,most_3_or_4,,editorial_default
Overplay (DNS),Streaming,Tier2 streaming,Overall,most_3_or_4,,editorial_default
Overplay (DNS),Streaming,Tier3 streaming,Overall,most_3_or_4,,editorial_default
Overplay (DNS),Streaming,Works in high censorship countries,Overall,,0.00,comparitech_api
Overplay (DNS),SystemPerformance,_section_total,Overall,,4.00,calculated
Overplay (DNS),SystemPerformance,Cpu tier,Overall,tier_okay,1.20,editorial_default
Overplay (DNS),SystemPerformance,Idle delta cpu tier,Overall,tier_okay,0.00,editorial_default
Overplay (DNS),SystemPerformance,Load efficiency tier,Overall,tier_okay,4.00,editorial_default
Overplay (DNS),SystemPerformance,Network overhead tier,Overall,tier_okay,1.00,editorial_default
Overplay (DNS),SystemPerformance,Ram delta tier,Overall,tier_okay,0.00,editorial_default
Overplay (DNS),SystemPerformance,Ram tier,Overall,tier_okay,1.20,editorial_default
Overplay (DNS),ValueForMoney,_section_total,Overall,,1.86,calculated
Overplay (DNS),ValueForMoney,Connection limit tier,Overall,10_plus,1.36,editorial_default
Overplay (DNS),ValueForMoney,Country count,Overall,60_plus,,manual_admin
Overplay (DNS),ValueForMoney,Free trial available,Overall,no,0.00,manual_admin
Overplay (DNS),ValueForMoney,Includes av,Overall,no,0.00,manual_admin
Overplay (DNS),ValueForMoney,Student discount,Overall,no,0.00,manual_admin
Overplay (DNS),ValueForMoney,Subscription term count,Overall,three_plus,0.50,manual_admin
OVPN,EaseOfUse,_section_total,Overall,,3.60,calculated
OVPN,EaseOfUse,Apps for major platforms,Overall,all_4,1.00,manual_admin
OVPN,EaseOfUse,Browser extensions,Overall,none,0.00,editorial_default
OVPN,EaseOfUse,Ease of cancellation,Overall,very_easy,0.40,editorial_default
OVPN,EaseOfUse,Linux support,Overall,app_with_gui,0.50,editorial_default
OVPN,EaseOfUse,Live chat quality,Overall,business_hours,0.40,editorial_default
OVPN,EaseOfUse,Quick connect,Overall,yes,0.80,manual_admin
OVPN,EaseOfUse,Router support,Overall,app_or_firmware,0.50,editorial_default
OVPN,EaseOfUse,Streaming device apps eou,Overall,none,0.00,editorial_default
OVPN,EaseOfUse,Task specific servers,Overall,no,0.00,manual_admin
OVPN,Security,_section_total,Overall,,6.30,calculated
OVPN,Security,Anonymous payment,Overall,multiple,0.40,editorial_default
OVPN,Security,Authentication strength,Overall,sha384_or_higher,0.30,calculated
OVPN,Security,Dns leak pass rate,Overall,tier_pass,0.80,editorial_default
OVPN,Security,Encryption strength,Overall,aes_128_or_higher,0.60,calculated
OVPN,Security,Hq jurisdiction,Overall,inside_14_eyes,0.00,calculated
OVPN,Security,Independent audit,Overall,none,0.00,editorial_default
OVPN,Security,Ipv4 leak pass rate,Overall,tier_pass,0.30,editorial_default
OVPN,Security,Ipv6 leak pass rate,Overall,tier_pass,0.80,editorial_default
OVPN,Security,Kill switch effectiveness,Overall,effective,0.60,editorial_default
OVPN,Security,Modern protocols,Overall,has_modern,0.70,manual_admin
OVPN,Security,No logs policy status,Overall,logs_kept,0.00,editorial_default
OVPN,Security,Obfuscation available,Overall,yes,0.50,manual_admin
OVPN,Security,Perfect forward secrecy,Overall,yes,0.30,calculated
OVPN,Security,Restrictive region access,Overall,no,0.00,editorial_default
OVPN,Security,Rsa key length,Overall,4096_plus,0.20,calculated
OVPN,Security,Webrtc leak pass rate,Overall,tier_pass,0.80,editorial_default
OVPN,Speed,_section_total,Overall,,7.80,calculated
OVPN,Speed,_section_total_v3_global,Overall,,5.00,editorial_default
OVPN,Speed,_section_total_v3_uk,Overall,,5.00,editorial_default
OVPN,Speed,Connection time,Overall,tier_okay,0.05,editorial_default
OVPN,Speed,Download tier,Overall,tier_good,2.65,editorial_default
OVPN,Speed,Jitter tier,Overall,tier_good,0.20,editorial_default
OVPN,Speed,Latency tier,Overall,tier_good,1.50,editorial_default
OVPN,Speed,Long distance speed,Overall,tier_consistent,1.00,editorial_default
OVPN,Speed,Packet loss tier,Overall,tier_good,0.40,editorial_default
OVPN,Speed,Speed consistency,Overall,tier_consistent,1.00,editorial_default
OVPN,Speed,Upload tier,Overall,tier_good,1.00,editorial_default
OVPN,Streaming,_section_total,Overall,,0.15,calculated
OVPN,Streaming,Android tv app,Overall,,0.00,comparitech_api
OVPN,Streaming,Browser extensions,Overall,no,,editorial_default
OVPN,Streaming,Includes ad blocker,Overall,,0.00,comparitech_api
OVPN,Streaming,Number of locations in relevant country,Overall,<5,1.20,comparitech_api
OVPN,Streaming,Offers a smart dns service,Overall,,0.00,comparitech_api
OVPN,Streaming,Simultaneous stream capacity,Overall,under_4,0.15,editorial_default
OVPN,Streaming,Streaming device apps,Overall,none,0.00,calculated
OVPN,Streaming,Streaming unblock toolkit,Overall,no,0.00,editorial_default
OVPN,Streaming,Tier1 streaming,Overall,most_3_or_4,,editorial_default
OVPN,Streaming,Tier2 streaming,Overall,most_3_or_4,,editorial_default
OVPN,Streaming,Tier3 streaming,Overall,most_3_or_4,,editorial_default
OVPN,Streaming,Works in high censorship countries,Overall,,0.00,comparitech_api
OVPN,SystemPerformance,_section_total,Overall,,4.00,calculated
OVPN,SystemPerformance,Cpu tier,Overall,tier_okay,1.20,editorial_default
OVPN,SystemPerformance,Idle delta cpu tier,Overall,tier_okay,0.00,editorial_default
OVPN,SystemPerformance,Load efficiency tier,Overall,tier_okay,4.00,editorial_default
OVPN,SystemPerformance,Network overhead tier,Overall,tier_okay,1.00,editorial_default
OVPN,SystemPerformance,Ram delta tier,Overall,tier_okay,0.00,editorial_default
OVPN,SystemPerformance,Ram tier,Overall,tier_okay,1.20,editorial_default
OVPN,ValueForMoney,_section_total,Overall,,4.80,calculated
OVPN,ValueForMoney,Anonymous payments vfm,Overall,multiple,0.50,editorial_default
OVPN,ValueForMoney,Clear cancellation,Overall,yes,0.50,editorial_default
OVPN,ValueForMoney,Connection limit tier,Overall,,,editorial_default
OVPN,ValueForMoney,Country count,Overall,under_30,,manual_admin
OVPN,ValueForMoney,Free trial available,Overall,no,0.00,manual_admin
OVPN,ValueForMoney,Includes av,Overall,no,0.00,manual_admin
OVPN,ValueForMoney,Includes dark web monitor,Overall,no,0.00,editorial_default
OVPN,ValueForMoney,Includes password manager,Overall,no,0.00,editorial_default
OVPN,ValueForMoney,Intro lowest price tier,Overall,3_to_5,0.70,editorial_default
OVPN,ValueForMoney,Money back duration,Overall,7_to_13,0.40,editorial_default
OVPN,ValueForMoney,Monthly price tier,Overall,12_to_14,0.40,editorial_default
OVPN,ValueForMoney,Pricing consistency,Overall,consistent,0.60,editorial_default
OVPN,ValueForMoney,Renewal lowest price tier,Overall,3_to_5,0.70,editorial_default
OVPN,ValueForMoney,Static ip included,Overall,yes,0.30,editorial_default
OVPN,ValueForMoney,Student discount,Overall,no,0.00,manual_admin
OVPN,ValueForMoney,Subscription term count,Overall,three_plus,0.50,manual_admin
OVPN,ValueForMoney,Traditional payments,Overall,single,0.20,editorial_default
Perfect Privacy,Security,_section_total,Overall,,5.50,calculated
Perfect Privacy,Security,Authentication strength,Overall,sha384_or_higher,0.30,calculated
Perfect Privacy,Security,Dns leak pass rate,Overall,tier_pass,0.80,editorial_default
Perfect Privacy,Security,Encryption strength,Overall,aes_128_or_higher,0.60,calculated
Perfect Privacy,Security,Ipv4 leak pass rate,Overall,tier_pass,0.30,editorial_default
Perfect Privacy,Security,Ipv6 leak pass rate,Overall,tier_pass,0.80,editorial_default
Perfect Privacy,Security,Kill switch effectiveness,Overall,effective,0.60,editorial_default
Perfect Privacy,Security,Modern protocols,Overall,openvpn_only,0.30,calculated
Perfect Privacy,Security,Obfuscation available,Overall,yes,0.50,calculated
Perfect Privacy,Security,Perfect forward secrecy,Overall,yes,0.30,calculated
Perfect Privacy,Security,Rsa key length,Overall,4096_plus,0.20,calculated
Perfect Privacy,Security,Webrtc leak pass rate,Overall,tier_pass,0.80,editorial_default
Perfect Privacy,Speed,_section_total,Overall,,7.80,calculated
Perfect Privacy,Speed,_section_total_v3_global,Overall,,5.00,editorial_default
Perfect Privacy,Speed,_section_total_v3_uk,Overall,,5.00,editorial_default
Perfect Privacy,Speed,Connection time,Overall,tier_okay,0.05,editorial_default
Perfect Privacy,Speed,Download tier,Overall,tier_good,2.65,editorial_default
Perfect Privacy,Speed,Jitter tier,Overall,tier_good,0.20,editorial_default
Perfect Privacy,Speed,Latency tier,Overall,tier_good,1.50,editorial_default
Perfect Privacy,Speed,Long distance speed,Overall,tier_consistent,1.00,editorial_default
Perfect Privacy,Speed,Packet loss tier,Overall,tier_good,0.40,editorial_default
Perfect Privacy,Speed,Speed consistency,Overall,tier_consistent,1.00,editorial_default
Perfect Privacy,Speed,Upload tier,Overall,tier_good,1.00,editorial_default
Perfect Privacy,Streaming,_section_total,Overall,,0.15,calculated
Perfect Privacy,Streaming,Android tv app,Overall,,0.00,comparitech_api
Perfect Privacy,Streaming,Includes ad blocker,Overall,,0.00,comparitech_api
Perfect Privacy,Streaming,Number of locations in relevant country,Overall,<5,1.20,comparitech_api
Perfect Privacy,Streaming,Offers a smart dns service,Overall,,0.00,comparitech_api
Perfect Privacy,Streaming,Simultaneous stream capacity,Overall,under_4,0.15,editorial_default
Perfect Privacy,Streaming,Streaming device apps,Overall,none,0.00,calculated
Perfect Privacy,Streaming,Streaming unblock toolkit,Overall,no,0.00,editorial_default
Perfect Privacy,Streaming,Tier1 streaming,Overall,most_3_or_4,,editorial_default
Perfect Privacy,Streaming,Tier2 streaming,Overall,most_3_or_4,,editorial_default
Perfect Privacy,Streaming,Tier3 streaming,Overall,most_3_or_4,,editorial_default
Perfect Privacy,Streaming,Works in high censorship countries,Overall,,0.00,comparitech_api
Perfect Privacy,SystemPerformance,_section_total,Overall,,4.00,calculated
Perfect Privacy,SystemPerformance,Cpu tier,Overall,tier_okay,1.20,editorial_default
Perfect Privacy,SystemPerformance,Idle delta cpu tier,Overall,tier_okay,0.00,editorial_default
Perfect Privacy,SystemPerformance,Load efficiency tier,Overall,tier_okay,4.00,editorial_default
Perfect Privacy,SystemPerformance,Network overhead tier,Overall,tier_okay,1.00,editorial_default
Perfect Privacy,SystemPerformance,Ram delta tier,Overall,tier_okay,0.00,editorial_default
Perfect Privacy,SystemPerformance,Ram tier,Overall,tier_okay,1.20,editorial_default
Perfect Privacy,ValueForMoney,_section_total,Overall,,0.95,calculated
Perfect Privacy,ValueForMoney,Connection limit tier,Overall,under_6,0.45,editorial_default
Perfect Privacy,ValueForMoney,Country count,Overall,under_30,,manual_admin
Perfect Privacy,ValueForMoney,Free trial available,Overall,no,0.00,manual_admin
Perfect Privacy,ValueForMoney,Includes av,Overall,no,0.00,manual_admin
Perfect Privacy,ValueForMoney,Student discount,Overall,no,0.00,manual_admin
Perfect Privacy,ValueForMoney,Subscription term count,Overall,three_plus,0.50,manual_admin
PrivadoVPN,EaseOfUse,_section_total,Overall,,5.52,calculated
PrivadoVPN,EaseOfUse,Apps for major platforms,Overall,all_4,1.00,manual_admin
PrivadoVPN,EaseOfUse,Browser extensions,Overall,1_plus,0.50,editorial_default
PrivadoVPN,EaseOfUse,Ease of cancellation,Overall,very_easy,0.40,editorial_default
PrivadoVPN,EaseOfUse,Ease of signup,Overall,moderate,0.42,manual_admin
PrivadoVPN,EaseOfUse,Knowledge base,Overall,comprehensive,0.40,manual_admin
PrivadoVPN,EaseOfUse,Linux support,Overall,app_with_gui,0.50,editorial_default
PrivadoVPN,EaseOfUse,Live chat quality,Overall,email_only,0.10,editorial_default
PrivadoVPN,EaseOfUse,Quick connect,Overall,yes,0.80,manual_admin
PrivadoVPN,EaseOfUse,Quick pick purpose,Overall,no,0.00,manual_admin
PrivadoVPN,EaseOfUse,Router support,Overall,app_or_firmware,0.50,editorial_default
PrivadoVPN,EaseOfUse,Setup guides,Overall,comprehensive,0.40,manual_admin
PrivadoVPN,EaseOfUse,Streaming device apps eou,Overall,2_plus,0.50,editorial_default
PrivadoVPN,EaseOfUse,Task specific servers,Overall,no,0.00,manual_admin
PrivadoVPN,Security,_section_total,Overall,,6.70,calculated
PrivadoVPN,Security,Anonymous payment,Overall,multiple,0.40,editorial_default
PrivadoVPN,Security,Authentication strength,Overall,weaker,0.00,manual_admin
PrivadoVPN,Security,Dns leak pass rate,Overall,tier_pass,0.80,editorial_default
PrivadoVPN,Security,Encryption strength,Overall,aes_128_or_higher,0.60,manual_admin
PrivadoVPN,Security,Hq jurisdiction,Overall,outside_14_eyes,0.50,calculated
PrivadoVPN,Security,Independent audit,Overall,none,0.00,editorial_default
PrivadoVPN,Security,Ipv4 leak pass rate,Overall,tier_pass,0.30,editorial_default
PrivadoVPN,Security,Ipv6 leak pass rate,Overall,tier_pass,0.80,editorial_default
PrivadoVPN,Security,Kill switch effectiveness,Overall,effective,0.60,editorial_default
PrivadoVPN,Security,Modern protocols,Overall,has_modern,0.70,manual_admin
PrivadoVPN,Security,No logs policy status,Overall,logs_kept,0.00,editorial_default
PrivadoVPN,Security,Obfuscation available,Overall,yes,0.50,manual_admin
PrivadoVPN,Security,Perfect forward secrecy,Overall,yes,0.30,manual_admin
PrivadoVPN,Security,Restrictive region access,Overall,yes,0.30,editorial_default
PrivadoVPN,Security,Rsa key length,Overall,2048,0.10,manual_admin
PrivadoVPN,Security,Webrtc leak pass rate,Overall,tier_pass,0.80,editorial_default
PrivadoVPN,Speed,_section_total,Overall,,7.80,calculated
PrivadoVPN,Speed,_section_total_v3_global,Overall,,5.00,editorial_default
PrivadoVPN,Speed,_section_total_v3_uk,Overall,,5.00,editorial_default
PrivadoVPN,Speed,Connection time,Overall,tier_okay,0.05,editorial_default
PrivadoVPN,Speed,Download tier,Overall,tier_good,2.65,editorial_default
PrivadoVPN,Speed,Jitter tier,Overall,tier_good,0.20,editorial_default
PrivadoVPN,Speed,Latency tier,Overall,tier_good,1.50,editorial_default
PrivadoVPN,Speed,Long distance speed,Overall,tier_consistent,1.00,editorial_default
PrivadoVPN,Speed,Packet loss tier,Overall,tier_good,0.40,editorial_default
PrivadoVPN,Speed,Speed consistency,Overall,tier_consistent,1.00,editorial_default
PrivadoVPN,Speed,Upload tier,Overall,tier_good,1.00,editorial_default
PrivadoVPN,Streaming,_section_total,Overall,,0.60,calculated
PrivadoVPN,Streaming,Android tv app,Overall,,0.00,comparitech_api
PrivadoVPN,Streaming,Browser extensions,Overall,yes,,editorial_default
PrivadoVPN,Streaming,Includes ad blocker,Overall,,0.00,comparitech_api
PrivadoVPN,Streaming,Number of locations in relevant country,Overall,<5,1.20,comparitech_api
PrivadoVPN,Streaming,Offers a smart dns service,Overall,,0.00,comparitech_api
PrivadoVPN,Streaming,Simultaneous stream capacity,Overall,4_plus,0.30,editorial_default
PrivadoVPN,Streaming,Streaming device apps,Overall,none,0.00,calculated
PrivadoVPN,Streaming,Streaming unblock toolkit,Overall,yes,0.30,editorial_default
PrivadoVPN,Streaming,Tier1 streaming,Overall,most_3_or_4,,editorial_default
PrivadoVPN,Streaming,Tier2 streaming,Overall,most_3_or_4,,editorial_default
PrivadoVPN,Streaming,Tier3 streaming,Overall,most_3_or_4,,editorial_default
PrivadoVPN,Streaming,Works in high censorship countries,Overall,,0.00,comparitech_api
PrivadoVPN,SystemPerformance,_section_total,Overall,,4.00,calculated
PrivadoVPN,SystemPerformance,Cpu tier,Overall,tier_okay,1.20,editorial_default
PrivadoVPN,SystemPerformance,Idle delta cpu tier,Overall,tier_okay,0.00,editorial_default
PrivadoVPN,SystemPerformance,Load efficiency tier,Overall,tier_okay,4.00,editorial_default
PrivadoVPN,SystemPerformance,Network overhead tier,Overall,tier_okay,1.00,editorial_default
PrivadoVPN,SystemPerformance,Ram delta tier,Overall,tier_okay,0.00,editorial_default
PrivadoVPN,SystemPerformance,Ram tier,Overall,tier_okay,1.20,editorial_default
PrivadoVPN,ValueForMoney,_section_total,Overall,,7.76,calculated
PrivadoVPN,ValueForMoney,Anonymous payments vfm,Overall,multiple,0.50,editorial_default
PrivadoVPN,ValueForMoney,Clear cancellation,Overall,yes,0.50,editorial_default
PrivadoVPN,ValueForMoney,Connection limit tier,Overall,10_plus,1.36,editorial_default
PrivadoVPN,ValueForMoney,Country count,Overall,30_to_59,,manual_admin
PrivadoVPN,ValueForMoney,Free trial available,Overall,yes,0.40,manual_admin
PrivadoVPN,ValueForMoney,Includes av,Overall,yes,0.40,manual_admin
PrivadoVPN,ValueForMoney,Includes dark web monitor,Overall,no,0.00,editorial_default
PrivadoVPN,ValueForMoney,Includes password manager,Overall,no,0.00,editorial_default
PrivadoVPN,ValueForMoney,Intro lowest price tier,Overall,under_3_usd,1.00,editorial_default
PrivadoVPN,ValueForMoney,Money back duration,Overall,30_to_44,0.90,editorial_default
PrivadoVPN,ValueForMoney,Monthly price tier,Overall,10_to_12,0.70,editorial_default
PrivadoVPN,ValueForMoney,Pricing consistency,Overall,extreme,0.30,editorial_default
PrivadoVPN,ValueForMoney,Renewal lowest price tier,Overall,3_to_5,0.70,editorial_default
PrivadoVPN,ValueForMoney,Static ip included,Overall,no,0.00,editorial_default
PrivadoVPN,ValueForMoney,Student discount,Overall,yes,0.20,manual_admin
PrivadoVPN,ValueForMoney,Subscription term count,Overall,three_plus,0.50,manual_admin
PrivadoVPN,ValueForMoney,Traditional payments,Overall,multiple,0.30,editorial_default
Private Internet Access,EaseOfUse,_section_total,Overall,,8.42,calculated
Private Internet Access,EaseOfUse,Apps for major platforms,Overall,all_4,1.00,calculated
Private Internet Access,EaseOfUse,Browser extensions,Overall,1_plus,0.50,editorial_default
Private Internet Access,EaseOfUse,Country count,Overall,60_plus,0.80,calculated
Private Internet Access,EaseOfUse,Ease of cancellation,Overall,very_easy,0.40,editorial_default
Private Internet Access,EaseOfUse,Ease of signup,Overall,moderate,0.42,manual_admin
Private Internet Access,EaseOfUse,Feature parity,Overall,varies_by_platform,0.10,calculated
Private Internet Access,EaseOfUse,Knowledge base,Overall,comprehensive,0.40,manual_admin
Private Internet Access,EaseOfUse,Linux support,Overall,app_with_gui,0.50,editorial_default
Private Internet Access,EaseOfUse,Live chat quality,Overall,24_7,0.80,editorial_default
Private Internet Access,EaseOfUse,Novice friendly design,Overall,high,0.60,calculated
Private Internet Access,EaseOfUse,Quick connect,Overall,yes,0.80,manual_admin
Private Internet Access,EaseOfUse,Quick pick purpose,Overall,yes,0.30,manual_admin
Private Internet Access,EaseOfUse,Router support,Overall,app_or_firmware,0.50,editorial_default
Private Internet Access,EaseOfUse,Setup guides,Overall,comprehensive,0.40,manual_admin
Private Internet Access,EaseOfUse,Streaming device apps eou,Overall,2_plus,0.50,editorial_default
Private Internet Access,EaseOfUse,Task specific servers,Overall,yes,0.40,manual_admin
Private Internet Access,EaseOfUse,Unblocking consistency,Overall,great,1.00,comparitech_api
Private Internet Access,Security,_section_total,Overall,,8.30,calculated
Private Internet Access,Security,Additional security features,Overall,No,0.00,comparitech_api
Private Internet Access,Security,Anonymous payment,Overall,multiple,0.40,editorial_default
Private Internet Access,Security,Authentication strength,Overall,sha384_or_higher,0.30,calculated
Private Internet Access,Security,Dns leak pass rate,Overall,tier_pass,0.80,editorial_default
Private Internet Access,Security,Encryption strength,Overall,aes_128_or_higher,0.60,calculated
Private Internet Access,Security,Hq jurisdiction,Overall,inside_14_eyes,0.00,editorial_default
Private Internet Access,Security,Independent audit,Overall,within_24mo,1.00,editorial_default
Private Internet Access,Security,Ip logs,Overall,No,0.60,comparitech_api
Private Internet Access,Security,Ipv4 leak pass rate,Overall,tier_pass,0.30,editorial_default
Private Internet Access,Security,Ipv6 leak pass rate,Overall,tier_pass,0.80,editorial_default
Private Internet Access,Security,Kill switch effectiveness,Overall,effective,0.60,editorial_default
Private Internet Access,Security,Modern protocols,Overall,has_modern,0.70,calculated
Private Internet Access,Security,No logs policy status,Overall,audited,1.00,editorial_default
Private Internet Access,Security,Obfuscation available,Overall,yes,0.50,calculated
Private Internet Access,Security,Perfect forward secrecy,Overall,Yes,0.30,calculated
Private Internet Access,Security,Private dns,Overall,Yes,0.40,comparitech_api
Private Internet Access,Security,Restrictive region access,Overall,no,0.00,editorial_default
Private Internet Access,Security,Rsa key length,Overall,4096_plus,0.20,manual_admin
Private Internet Access,Security,Torrenting allowed,Overall,Yes,0.50,comparitech_api
Private Internet Access,Security,Webrtc leak pass rate,Overall,tier_pass,0.80,editorial_default
Private Internet Access,Speed,_section_total,Overall,,7.80,calculated
Private Internet Access,Speed,_section_total_v3_global,Overall,,5.00,editorial_default
Private Internet Access,Speed,_section_total_v3_uk,Overall,,5.00,editorial_default
Private Internet Access,Speed,Connection time,Overall,tier_okay,0.05,editorial_default
Private Internet Access,Speed,Download tier,Overall,tier_good,2.65,editorial_default
Private Internet Access,Speed,Jitter tier,Overall,tier_good,0.20,editorial_default
Private Internet Access,Speed,Latency tier,Overall,tier_good,1.50,editorial_default
Private Internet Access,Speed,Long distance speed,Overall,tier_consistent,1.00,editorial_default
Private Internet Access,Speed,Packet loss tier,Overall,tier_good,0.40,editorial_default
Private Internet Access,Speed,Speed consistency,Overall,tier_consistent,1.00,editorial_default
Private Internet Access,Speed,Upload tier,Overall,tier_good,1.00,editorial_default
Private Internet Access,Streaming,_section_total,Overall,,0.80,calculated
Private Internet Access,Streaming,Android tv app,Overall,,0.00,comparitech_api
Private Internet Access,Streaming,Browser extensions,Overall,yes,,editorial_default
Private Internet Access,Streaming,Includes ad blocker,Overall,No,0.00,comparitech_api
Private Internet Access,Streaming,Number of locations in relevant country,Overall,<5,1.20,comparitech_api
Private Internet Access,Streaming,Simultaneous stream capacity,Overall,4_plus,0.30,editorial_default
Private Internet Access,Streaming,Streaming device apps,Overall,1,0.20,calculated
Private Internet Access,Streaming,Streaming hub coverage,Overall,3_plus_hubs,,benchmark_run
Private Internet Access,Streaming,Streaming unblock toolkit,Overall,yes,0.30,editorial_default
Private Internet Access,Streaming,Tier1 streaming,Overall,some_1_or_2,1.40,benchmark_run
Private Internet Access,Streaming,Tier2 streaming,Overall,some_1_or_2,0.40,benchmark_run
Private Internet Access,Streaming,Tier3 streaming,Overall,most_3_or_4,0.30,benchmark_run
Private Internet Access,Streaming,Works in high censorship countries,Overall,1,1.00,comparitech_api
Private Internet Access,SystemPerformance,_section_total,Overall,,4.00,calculated
Private Internet Access,SystemPerformance,Cpu tier,Overall,tier_okay,1.20,editorial_default
Private Internet Access,SystemPerformance,Idle delta cpu tier,Overall,tier_okay,0.00,editorial_default
Private Internet Access,SystemPerformance,Load efficiency tier,Overall,tier_okay,4.00,editorial_default
Private Internet Access,SystemPerformance,Network overhead tier,Overall,tier_okay,1.00,editorial_default
Private Internet Access,SystemPerformance,Ram delta tier,Overall,tier_okay,0.00,editorial_default
Private Internet Access,SystemPerformance,Ram tier,Overall,tier_okay,1.20,editorial_default
Private Internet Access,ValueForMoney,_section_total,Overall,,8.50,calculated
Private Internet Access,ValueForMoney,Anonymous payments vfm,Overall,multiple,0.50,editorial_default
Private Internet Access,ValueForMoney,Clear cancellation,Overall,yes,0.50,editorial_default
Private Internet Access,ValueForMoney,Connection limit tier,Overall,unlimited,1.70,editorial_default
Private Internet Access,ValueForMoney,Country count,Overall,60_plus,,manual_admin
Private Internet Access,ValueForMoney,Free trial available,Overall,yes,0.40,manual_admin
Private Internet Access,ValueForMoney,Includes av,Overall,no,0.00,manual_admin
Private Internet Access,ValueForMoney,Includes dark web monitor,Overall,no,0.00,editorial_default
Private Internet Access,ValueForMoney,Includes password manager,Overall,no,0.00,editorial_default
Private Internet Access,ValueForMoney,Intro lowest price tier,Overall,under_3_usd,1.00,editorial_default
Private Internet Access,ValueForMoney,Lowest price,Overall,<$5,1.20,comparitech_api
Private Internet Access,ValueForMoney,Money back duration,Overall,30_to_44,0.90,editorial_default
Private Internet Access,ValueForMoney,Money back guarantee,Overall,Yes,1.00,comparitech_api
Private Internet Access,ValueForMoney,Monthly price tier,Overall,10_to_12,0.70,editorial_default
Private Internet Access,ValueForMoney,Monthly pricing,Overall,<$13,1.10,comparitech_api
Private Internet Access,ValueForMoney,Pricing consistency,Overall,moderate,0.50,editorial_default
Private Internet Access,ValueForMoney,Renewal lowest price tier,Overall,under_3_usd,1.00,editorial_default
Private Internet Access,ValueForMoney,Sale frequency,Overall,frequently,1.20,comparitech_api
Private Internet Access,ValueForMoney,Static ip included,Overall,yes,0.30,editorial_default
Private Internet Access,ValueForMoney,Student discount,Overall,yes,0.20,manual_admin
Private Internet Access,ValueForMoney,Subscription term count,Overall,three_plus,0.50,manual_admin
Private Internet Access,ValueForMoney,Traditional payments,Overall,multiple,0.30,editorial_default
PrivateVPN,EaseOfUse,_section_total,Overall,,7.40,calculated
PrivateVPN,EaseOfUse,Apps for major platforms,Overall,all_4,1.00,calculated
PrivateVPN,EaseOfUse,Browser extensions,Overall,1_plus,0.50,editorial_default
PrivateVPN,EaseOfUse,Country count,Overall,60_plus,0.80,calculated
PrivateVPN,EaseOfUse,Ease of cancellation,Overall,moderate,0.20,editorial_default
PrivateVPN,EaseOfUse,Ease of signup,Overall,very_easy,0.70,manual_admin
PrivateVPN,EaseOfUse,Feature parity,Overall,varies_by_platform,0.10,calculated
PrivateVPN,EaseOfUse,Knowledge base,Overall,comprehensive,0.40,manual_admin
PrivateVPN,EaseOfUse,Linux support,Overall,app_with_gui,0.50,editorial_default
PrivateVPN,EaseOfUse,Live chat quality,Overall,business_hours,0.40,editorial_default
PrivateVPN,EaseOfUse,Novice friendly design,Overall,high,0.60,calculated
PrivateVPN,EaseOfUse,Quick connect,Overall,yes,0.80,manual_admin
PrivateVPN,EaseOfUse,Quick pick purpose,Overall,no,0.00,manual_admin
PrivateVPN,EaseOfUse,Router support,Overall,app_or_firmware,0.50,editorial_default
PrivateVPN,EaseOfUse,Setup guides,Overall,comprehensive,0.40,manual_admin
PrivateVPN,EaseOfUse,Streaming device apps eou,Overall,2_plus,0.50,editorial_default
PrivateVPN,EaseOfUse,Task specific servers,Overall,no,0.00,manual_admin
PrivateVPN,EaseOfUse,Unblocking consistency,Overall,great,1.00,comparitech_api
PrivateVPN,Security,_section_total,Overall,,5.90,calculated
PrivateVPN,Security,Additional security features,Overall,No,0.00,comparitech_api
PrivateVPN,Security,Anonymous payment,Overall,multiple,0.40,editorial_default
PrivateVPN,Security,Authentication strength,Overall,weaker,0.00,calculated
PrivateVPN,Security,Dns leak pass rate,Overall,tier_pass,0.80,editorial_default
PrivateVPN,Security,Encryption strength,Overall,aes_128_or_higher,0.60,calculated
PrivateVPN,Security,Hq jurisdiction,Overall,inside_14_eyes,0.00,editorial_default
PrivateVPN,Security,Hq outside 9 eyes,Overall,Yes,0.10,comparitech_api
PrivateVPN,Security,Independent audit,Overall,none,0.00,editorial_default
PrivateVPN,Security,Ip logs,Overall,No,0.60,comparitech_api
PrivateVPN,Security,Ipv4 leak pass rate,Overall,tier_pass,0.30,editorial_default
PrivateVPN,Security,Ipv6 leak pass rate,Overall,tier_pass,0.80,editorial_default
PrivateVPN,Security,Kill switch effectiveness,Overall,effective,0.60,editorial_default
PrivateVPN,Security,Modern protocols,Overall,has_modern,0.70,calculated
PrivateVPN,Security,No logs policy status,Overall,logs_kept,0.00,editorial_default
PrivateVPN,Security,Obfuscation available,Overall,yes,0.50,calculated
PrivateVPN,Security,Perfect forward secrecy,Overall,no,0.00,manual_admin
PrivateVPN,Security,Private dns,Overall,Yes,0.40,comparitech_api
PrivateVPN,Security,Restrictive region access,Overall,yes,0.30,editorial_default
PrivateVPN,Security,Rsa key length,Overall,2048,0.10,manual_admin
PrivateVPN,Security,Torrenting allowed,Overall,Yes,0.50,comparitech_api
PrivateVPN,Security,Webrtc leak pass rate,Overall,tier_pass,0.80,editorial_default
PrivateVPN,Speed,_section_total,Overall,,7.80,calculated
PrivateVPN,Speed,_section_total_v3_global,Overall,,5.00,editorial_default
PrivateVPN,Speed,_section_total_v3_uk,Overall,,5.00,editorial_default
PrivateVPN,Speed,Connection time,Overall,tier_okay,0.05,editorial_default
PrivateVPN,Speed,Download tier,Overall,tier_good,2.65,editorial_default
PrivateVPN,Speed,Jitter tier,Overall,tier_good,0.20,editorial_default
PrivateVPN,Speed,Latency tier,Overall,tier_good,1.50,editorial_default
PrivateVPN,Speed,Long distance speed,Overall,tier_consistent,1.00,editorial_default
PrivateVPN,Speed,Packet loss tier,Overall,tier_good,0.40,editorial_default
PrivateVPN,Speed,Speed consistency,Overall,tier_consistent,1.00,editorial_default
PrivateVPN,Speed,Upload tier,Overall,tier_good,1.00,editorial_default
PrivateVPN,Streaming,_section_total,Overall,,1.00,calculated
PrivateVPN,Streaming,Android tv app,Overall,,0.00,comparitech_api
PrivateVPN,Streaming,Browser extensions,Overall,yes,,editorial_default
PrivateVPN,Streaming,Includes ad blocker,Overall,No,0.00,comparitech_api
PrivateVPN,Streaming,Number of locations in relevant country,Overall,5+,1.50,comparitech_api
PrivateVPN,Streaming,Simultaneous stream capacity,Overall,4_plus,0.30,editorial_default
PrivateVPN,Streaming,Streaming device apps,Overall,2_or_3,0.40,calculated
PrivateVPN,Streaming,Streaming unblock toolkit,Overall,yes,0.30,editorial_default
PrivateVPN,Streaming,Tier1 streaming,Overall,most_3_or_4,,editorial_default
PrivateVPN,Streaming,Tier2 streaming,Overall,most_3_or_4,,editorial_default
PrivateVPN,Streaming,Tier3 streaming,Overall,most_3_or_4,,editorial_default
PrivateVPN,Streaming,Works in high censorship countries,Overall,1,1.00,comparitech_api
PrivateVPN,SystemPerformance,_section_total,Overall,,4.00,calculated
PrivateVPN,SystemPerformance,Cpu tier,Overall,tier_okay,1.20,editorial_default
PrivateVPN,SystemPerformance,Idle delta cpu tier,Overall,tier_okay,0.00,editorial_default
PrivateVPN,SystemPerformance,Load efficiency tier,Overall,tier_okay,4.00,editorial_default
PrivateVPN,SystemPerformance,Network overhead tier,Overall,tier_okay,1.00,editorial_default
PrivateVPN,SystemPerformance,Ram delta tier,Overall,tier_okay,0.00,editorial_default
PrivateVPN,SystemPerformance,Ram tier,Overall,tier_okay,1.20,editorial_default
PrivateVPN,ValueForMoney,_section_total,Overall,,7.46,calculated
PrivateVPN,ValueForMoney,Anonymous payments vfm,Overall,multiple,0.50,editorial_default
PrivateVPN,ValueForMoney,Clear cancellation,Overall,yes,0.50,editorial_default
PrivateVPN,ValueForMoney,Connection limit tier,Overall,10_plus,1.36,editorial_default
PrivateVPN,ValueForMoney,Country count,Overall,60_plus,,manual_admin
PrivateVPN,ValueForMoney,Free trial available,Overall,no,0.00,manual_admin
PrivateVPN,ValueForMoney,Includes av,Overall,no,0.00,manual_admin
PrivateVPN,ValueForMoney,Includes dark web monitor,Overall,no,0.00,editorial_default
PrivateVPN,ValueForMoney,Includes password manager,Overall,no,0.00,editorial_default
PrivateVPN,ValueForMoney,Intro lowest price tier,Overall,under_3_usd,1.00,editorial_default
PrivateVPN,ValueForMoney,Lowest price,Overall,<$5,1.20,comparitech_api
PrivateVPN,ValueForMoney,Money back duration,Overall,30_to_44,0.90,editorial_default
PrivateVPN,ValueForMoney,Money back guarantee,Overall,Yes,1.00,comparitech_api
PrivateVPN,ValueForMoney,Monthly price tier,Overall,under_10,1.00,editorial_default
PrivateVPN,ValueForMoney,Monthly pricing,Overall,<$13,1.10,comparitech_api
PrivateVPN,ValueForMoney,Pricing consistency,Overall,steep,0.40,editorial_default
PrivateVPN,ValueForMoney,Renewal lowest price tier,Overall,5_to_7,0.50,editorial_default
PrivateVPN,ValueForMoney,Sale frequency,Overall,few,0.50,comparitech_api
PrivateVPN,ValueForMoney,Static ip included,Overall,yes,0.30,editorial_default
PrivateVPN,ValueForMoney,Student discount,Overall,yes,0.20,manual_admin
PrivateVPN,ValueForMoney,Subscription term count,Overall,three_plus,0.50,manual_admin
PrivateVPN,ValueForMoney,Traditional payments,Overall,multiple,0.30,editorial_default
ProtonVPN,EaseOfUse,_section_total,Overall,,8.80,calculated
ProtonVPN,EaseOfUse,Apps for major platforms,Overall,all_4,1.00,calculated
ProtonVPN,EaseOfUse,Browser extensions,Overall,1_plus,0.50,editorial_default
ProtonVPN,EaseOfUse,Country count,Overall,60_plus,0.80,calculated
ProtonVPN,EaseOfUse,Ease of cancellation,Overall,very_easy,0.40,editorial_default
ProtonVPN,EaseOfUse,Ease of signup,Overall,very_easy,0.70,editorial_default
ProtonVPN,EaseOfUse,Feature parity,Overall,most_features,0.40,editorial_default
ProtonVPN,EaseOfUse,Knowledge base,Overall,comprehensive,0.40,editorial_default
ProtonVPN,EaseOfUse,Linux support,Overall,app_with_gui,0.50,editorial_default
ProtonVPN,EaseOfUse,Live chat quality,Overall,24_7,0.80,editorial_default
ProtonVPN,EaseOfUse,Novice friendly design,Overall,high,0.60,editorial_default
ProtonVPN,EaseOfUse,Quick connect,Overall,yes,0.80,manual_admin
ProtonVPN,EaseOfUse,Router support,Overall,app_or_firmware,0.50,editorial_default
ProtonVPN,EaseOfUse,Server picker quality,Overall,7_to_9,0.50,editorial_default
ProtonVPN,EaseOfUse,Setup guides,Overall,comprehensive,0.40,editorial_default
ProtonVPN,EaseOfUse,Streaming device apps eou,Overall,2_plus,0.50,editorial_default
ProtonVPN,EaseOfUse,Task specific servers,Overall,No,0.00,calculated
ProtonVPN,EaseOfUse,Unblocking consistency,Overall,generally_works,0.50,comparitech_api
ProtonVPN,Security,_section_total,Overall,,7.60,calculated
ProtonVPN,Security,Additional security features,Overall,No,0.00,comparitech_api
ProtonVPN,Security,Anonymous payment,Overall,single,0.20,editorial_default
ProtonVPN,Security,Audit cadence,Overall,continuous,0.50,editorial_default
ProtonVPN,Security,Authentication strength,Overall,sha384_or_higher,0.30,calculated
ProtonVPN,Security,Dns leak pass rate,Overall,tier_pass,0.80,benchmark_run
ProtonVPN,Security,Encryption strength,Overall,aes_128_or_higher,0.60,calculated
ProtonVPN,Security,Hq jurisdiction,Overall,outside_14_eyes,0.50,editorial_default
ProtonVPN,Security,Hq outside 9 eyes,Overall,Yes,0.10,comparitech_api
ProtonVPN,Security,Ip logs,Overall,No,0.60,comparitech_api
ProtonVPN,Security,Ipv4 leak pass rate,Overall,tier_pass,0.30,benchmark_run
ProtonVPN,Security,Ipv6 leak pass rate,Overall,tier_pass,0.80,benchmark_run
ProtonVPN,Security,Kill switch effectiveness,Overall,effective,0.60,editorial_default
ProtonVPN,Security,Modern protocols,Overall,has_modern,0.70,calculated
ProtonVPN,Security,No logs policy status,Overall,claimed,0.50,calculated
ProtonVPN,Security,Obfuscation available,Overall,yes,0.50,calculated
ProtonVPN,Security,Perfect forward secrecy,Overall,yes,0.30,calculated
ProtonVPN,Security,Private dns,Overall,Yes,0.40,comparitech_api
ProtonVPN,Security,Ram only servers,Overall,none,0.00,editorial_default
ProtonVPN,Security,Restrictive region access,Overall,no,0.00,editorial_default
ProtonVPN,Security,Rsa key length,Overall,4096_plus,0.20,calculated
ProtonVPN,Security,Torrenting allowed,Overall,Yes,0.50,comparitech_api
ProtonVPN,Security,Webrtc leak pass rate,Overall,tier_pass,0.80,benchmark_run
ProtonVPN,Speed,_coverage,Overall,"{""status"": ""full"", ""count"": 7, ""expected"": 7, ""countries"": [""AU"", ""BR"", ""DE"", ""GB"", ""JP"", ""US"", ""ZA""], ""has_core"": true, ""has_far"": true, ""panel"": [""AU"", ""BR"", ""DE"", ""GB"", ""JP"", ""US"", ""ZA""]}",10.00,calculated
ProtonVPN,Speed,_section_total,Overall,,7.80,calculated
ProtonVPN,Speed,_section_total,WireGuard,,3.40,calculated
ProtonVPN,Speed,_section_total,OpenVPN (UDP),,6.70,calculated
ProtonVPN,Speed,_section_total,OpenVPN (TCP),,5.40,calculated
ProtonVPN,Speed,_section_total_v3_global,Overall,,5.88,calculated
ProtonVPN,Speed,_section_total_v3_protocol,WireGuard,,7.45,calculated
ProtonVPN,Speed,_section_total_v3_protocol,OpenVPN (UDP),,7.08,calculated
ProtonVPN,Speed,_section_total_v3_protocol,OpenVPN (TCP),,4.95,calculated
ProtonVPN,Speed,_section_total_v3_uk,Overall,,5.61,calculated
ProtonVPN,Speed,_speed_v3_dl,Overall,,0.46,calculated
ProtonVPN,Speed,_speed_v3_lat,Overall,,0.08,calculated
ProtonVPN,Speed,_speed_v3_raw,Overall,"{""raw"": 0.550965, ""dl"": 0.45565, ""ul"": 0.015469, ""lat"": 0.079846, ""curve_score"": 5.61, ""curve_flavor"": ""uk_weighted"", ""curve_field_size"": 7, ""curve_score_min"": 5.0, ""curve_score_max"": 8.5}",0.55,calculated
ProtonVPN,Speed,_speed_v3_ul,Overall,,0.02,calculated
ProtonVPN,Speed,Connection time,Overall,tier_okay,0.05,editorial_default
ProtonVPN,Speed,Connection time,WireGuard,tier_slow,0.00,benchmark_run
ProtonVPN,Speed,Connection time,OpenVPN (UDP),tier_slow,0.00,benchmark_run
ProtonVPN,Speed,Connection time,OpenVPN (TCP),tier_slow,0.00,benchmark_run
ProtonVPN,Speed,Download tier,Overall,tier_good,2.65,editorial_default
ProtonVPN,Speed,Download tier,WireGuard,tier_poor,0.00,benchmark_run
ProtonVPN,Speed,Download tier,OpenVPN (UDP),tier_excellent,3.30,benchmark_run
ProtonVPN,Speed,Download tier,OpenVPN (TCP),tier_okay,2.00,benchmark_run
ProtonVPN,Speed,Jitter tier,Overall,tier_good,0.20,editorial_default
ProtonVPN,Speed,Jitter tier,WireGuard,tier_excellent,0.40,benchmark_run
ProtonVPN,Speed,Jitter tier,OpenVPN (UDP),tier_excellent,0.40,benchmark_run
ProtonVPN,Speed,Jitter tier,OpenVPN (TCP),tier_excellent,0.40,benchmark_run
ProtonVPN,Speed,Latency tier,Overall,tier_good,1.50,editorial_default
ProtonVPN,Speed,Latency tier,WireGuard,tier_okay,1.00,benchmark_run
ProtonVPN,Speed,Latency tier,OpenVPN (UDP),tier_okay,1.00,benchmark_run
ProtonVPN,Speed,Latency tier,OpenVPN (TCP),tier_okay,1.00,benchmark_run
ProtonVPN,Speed,Long distance speed,Overall,tier_consistent,1.00,editorial_default
ProtonVPN,Speed,Long distance speed,WireGuard,tier_consistent,1.00,benchmark_run
ProtonVPN,Speed,Long distance speed,OpenVPN (UDP),tier_consistent,1.00,benchmark_run
ProtonVPN,Speed,Long distance speed,OpenVPN (TCP),tier_consistent,1.00,benchmark_run
ProtonVPN,Speed,Packet loss tier,Overall,tier_good,0.40,editorial_default
ProtonVPN,Speed,Packet loss tier,WireGuard,tier_excellent,0.70,benchmark_run
ProtonVPN,Speed,Packet loss tier,OpenVPN (UDP),tier_excellent,0.70,benchmark_run
ProtonVPN,Speed,Packet loss tier,OpenVPN (TCP),tier_excellent,0.70,benchmark_run
ProtonVPN,Speed,Speed consistency,Overall,tier_consistent,1.00,editorial_default
ProtonVPN,Speed,Speed consistency,WireGuard,tier_variable,0.30,benchmark_run
ProtonVPN,Speed,Speed consistency,OpenVPN (UDP),tier_variable,0.30,benchmark_run
ProtonVPN,Speed,Speed consistency,OpenVPN (TCP),tier_variable,0.30,benchmark_run
ProtonVPN,Speed,Upload tier,Overall,tier_good,1.00,editorial_default
ProtonVPN,Speed,Upload tier,WireGuard,tier_poor,0.00,benchmark_run
ProtonVPN,Speed,Upload tier,OpenVPN (UDP),tier_poor,0.00,benchmark_run
ProtonVPN,Speed,Upload tier,OpenVPN (TCP),tier_poor,0.00,benchmark_run
ProtonVPN,Streaming,_section_total,Overall,,1.20,calculated
ProtonVPN,Streaming,_section_total_v3_streaming,Overall,T1=100% T2=— T3=—,4.30,calculated
ProtonVPN,Streaming,Android tv app,Overall,,0.00,comparitech_api
ProtonVPN,Streaming,Browser extensions,Overall,yes,,editorial_default
ProtonVPN,Streaming,Four k capable speed,Overall,yes,0.50,benchmark_run
ProtonVPN,Streaming,Includes ad blocker,Overall,No,0.00,comparitech_api
ProtonVPN,Streaming,Number of locations in relevant country,Overall,5+,1.50,comparitech_api
ProtonVPN,Streaming,Simultaneous stream capacity,Overall,4_plus,0.30,editorial_default
ProtonVPN,Streaming,Streaming device apps,Overall,2_or_3,0.40,calculated
ProtonVPN,Streaming,Streaming hub coverage,Overall,3_plus_hubs,,benchmark_run
ProtonVPN,Streaming,Streaming unblock toolkit,Overall,no,0.00,editorial_default
ProtonVPN,Streaming,Streaming v3 coverage,Overall,"1 services scored, 0 excluded (noise/unconfirmed) in 14d window",,calculated
ProtonVPN,Streaming,Streaming v3 tier1 pct,Overall,100.0% (1 svc scored),,calculated
ProtonVPN,Streaming,Streaming v3 tier2 pct,Overall,—,,calculated
ProtonVPN,Streaming,Streaming v3 tier3 pct,Overall,—,,calculated
ProtonVPN,Streaming,Tier1 streaming,Overall,all_5,2.40,benchmark_run
ProtonVPN,Streaming,Tier2 streaming,Overall,most_3_or_4,1.00,benchmark_run
ProtonVPN,Streaming,Tier3 streaming,Overall,most_3_or_4,0.30,benchmark_run
ProtonVPN,Streaming,Works in high censorship countries,Overall,1,1.00,comparitech_api
ProtonVPN,SystemPerformance,_section_total,Overall,,4.00,calculated
ProtonVPN,SystemPerformance,_section_total_v3_sysperf,Overall,0.04257,6.76,calculated
ProtonVPN,SystemPerformance,_section_total_v3_sysperf_protocol,WireGuard,0.04257,6.76,calculated
ProtonVPN,SystemPerformance,_section_total_v3_sysperf_protocol,OpenVPN (UDP),0.06422,6.59,calculated
ProtonVPN,SystemPerformance,Idle delta cpu pct,Overall,-0.3307,,calculated
ProtonVPN,SystemPerformance,Idle delta cpu pct,WireGuard,-0.3307,,calculated
ProtonVPN,SystemPerformance,Idle delta cpu pct,OpenVPN (UDP),-0.3880,,calculated
ProtonVPN,SystemPerformance,Idle delta cpu tier,Overall,tier_okay,0.00,editorial_default
ProtonVPN,SystemPerformance,Load efficiency per mbps,Overall,0.04257,,calculated
ProtonVPN,SystemPerformance,Load efficiency per mbps,WireGuard,0.04257,,calculated
ProtonVPN,SystemPerformance,Load efficiency per mbps,OpenVPN (UDP),0.06422,,calculated
ProtonVPN,SystemPerformance,Load efficiency tier,Overall,tier_okay,4.00,editorial_default
ProtonVPN,SystemPerformance,Ram delta mb,Overall,72.9,,calculated
ProtonVPN,SystemPerformance,Ram delta mb,WireGuard,72.9,,calculated
ProtonVPN,SystemPerformance,Ram delta mb,OpenVPN (UDP),82.3,,calculated
ProtonVPN,SystemPerformance,Ram delta tier,Overall,tier_okay,0.00,editorial_default
ProtonVPN,ValueForMoney,_section_total,Overall,,7.76,calculated
ProtonVPN,ValueForMoney,Anonymous payments vfm,Overall,single,0.30,editorial_default
ProtonVPN,ValueForMoney,Clear cancellation,Overall,yes,0.50,editorial_default
ProtonVPN,ValueForMoney,Connection limit tier,Overall,10_plus,1.36,editorial_default
ProtonVPN,ValueForMoney,Country count,Overall,60_plus,,manual_admin
ProtonVPN,ValueForMoney,Free trial available,Overall,yes,0.40,manual_admin
ProtonVPN,ValueForMoney,Includes av,Overall,no,0.00,manual_admin
ProtonVPN,ValueForMoney,Includes dark web monitor,Overall,no,0.00,editorial_default
ProtonVPN,ValueForMoney,Includes password manager,Overall,no,0.00,editorial_default
ProtonVPN,ValueForMoney,Intro lowest price tier,Overall,under_3_usd,1.00,editorial_default
ProtonVPN,ValueForMoney,Lowest price,Overall,<$5,1.20,comparitech_api
ProtonVPN,ValueForMoney,Money back duration,Overall,30_to_44,0.90,editorial_default
ProtonVPN,ValueForMoney,Money back guarantee,Overall,Yes,1.00,comparitech_api
ProtonVPN,ValueForMoney,Monthly price tier,Overall,under_10,1.00,editorial_default
ProtonVPN,ValueForMoney,Monthly pricing,Overall,<$10,1.20,comparitech_api
ProtonVPN,ValueForMoney,Pricing consistency,Overall,moderate,0.50,editorial_default
ProtonVPN,ValueForMoney,Renewal lowest price tier,Overall,5_to_7,0.50,editorial_default
ProtonVPN,ValueForMoney,Sale frequency,Overall,few,0.50,comparitech_api
ProtonVPN,ValueForMoney,Static ip included,Overall,yes,0.30,editorial_default
ProtonVPN,ValueForMoney,Student discount,Overall,yes,0.20,manual_admin
ProtonVPN,ValueForMoney,Subscription term count,Overall,three_plus,0.50,manual_admin
ProtonVPN,ValueForMoney,Traditional payments,Overall,multiple,0.30,editorial_default
PureVPN,EaseOfUse,_section_total,Overall,,8.42,calculated
PureVPN,EaseOfUse,Apps for major platforms,Overall,all_4,1.00,calculated
PureVPN,EaseOfUse,Browser extensions,Overall,1_plus,0.50,editorial_default
PureVPN,EaseOfUse,Country count,Overall,60_plus,0.80,calculated
PureVPN,EaseOfUse,Ease of cancellation,Overall,very_easy,0.40,editorial_default
PureVPN,EaseOfUse,Ease of signup,Overall,moderate,0.42,manual_admin
PureVPN,EaseOfUse,Feature parity,Overall,varies_by_platform,0.10,calculated
PureVPN,EaseOfUse,Knowledge base,Overall,comprehensive,0.40,manual_admin
PureVPN,EaseOfUse,Linux support,Overall,app_with_gui,0.50,editorial_default
PureVPN,EaseOfUse,Live chat quality,Overall,24_7,0.80,editorial_default
PureVPN,EaseOfUse,Novice friendly design,Overall,high,0.60,calculated
PureVPN,EaseOfUse,Quick connect,Overall,yes,0.80,manual_admin
PureVPN,EaseOfUse,Quick pick purpose,Overall,yes,0.30,manual_admin
PureVPN,EaseOfUse,Router support,Overall,app_or_firmware,0.50,editorial_default
PureVPN,EaseOfUse,Setup guides,Overall,comprehensive,0.40,manual_admin
PureVPN,EaseOfUse,Streaming device apps eou,Overall,2_plus,0.50,editorial_default
PureVPN,EaseOfUse,Task specific servers,Overall,yes,0.40,manual_admin
PureVPN,EaseOfUse,Unblocking consistency,Overall,great,1.00,comparitech_api
PureVPN,Security,_section_total,Overall,,7.70,calculated
PureVPN,Security,Additional security features,Overall,No,0.00,comparitech_api
PureVPN,Security,Anonymous payment,Overall,multiple,0.40,editorial_default
PureVPN,Security,Authentication strength,Overall,weaker,0.00,calculated
PureVPN,Security,Dns leak pass rate,Overall,tier_pass,0.80,editorial_default
PureVPN,Security,Encryption strength,Overall,aes_128_or_higher,0.60,calculated
PureVPN,Security,Hq jurisdiction,Overall,outside_14_eyes,0.50,editorial_default
PureVPN,Security,Hq outside 9 eyes,Overall,Yes,0.10,comparitech_api
PureVPN,Security,Independent audit,Overall,older,0.40,editorial_default
PureVPN,Security,Ip logs,Overall,No,0.60,comparitech_api
PureVPN,Security,Ipv4 leak pass rate,Overall,tier_pass,0.30,editorial_default
PureVPN,Security,Ipv6 leak pass rate,Overall,tier_pass,0.80,editorial_default
PureVPN,Security,Kill switch effectiveness,Overall,effective,0.60,editorial_default
PureVPN,Security,Modern protocols,Overall,has_modern,0.70,calculated
PureVPN,Security,No logs policy status,Overall,claimed,0.50,editorial_default
PureVPN,Security,Obfuscation available,Overall,yes,0.50,calculated
PureVPN,Security,Perfect forward secrecy,Overall,yes,0.30,calculated
PureVPN,Security,Private dns,Overall,Yes,0.40,comparitech_api
PureVPN,Security,Restrictive region access,Overall,yes,0.30,editorial_default
PureVPN,Security,Rsa key length,Overall,4096_plus,0.20,calculated
PureVPN,Security,Torrenting allowed,Overall,Yes,0.50,comparitech_api
PureVPN,Security,Webrtc leak pass rate,Overall,tier_pass,0.80,editorial_default
PureVPN,Speed,_section_total,Overall,,7.80,calculated
PureVPN,Speed,_section_total_v3_global,Overall,,5.00,editorial_default
PureVPN,Speed,_section_total_v3_uk,Overall,,5.00,editorial_default
PureVPN,Speed,Connection time,Overall,tier_okay,0.05,editorial_default
PureVPN,Speed,Download tier,Overall,tier_good,2.65,editorial_default
PureVPN,Speed,Jitter tier,Overall,tier_good,0.20,editorial_default
PureVPN,Speed,Latency tier,Overall,tier_good,1.50,editorial_default
PureVPN,Speed,Long distance speed,Overall,tier_consistent,1.00,editorial_default
PureVPN,Speed,Packet loss tier,Overall,tier_good,0.40,editorial_default
PureVPN,Speed,Speed consistency,Overall,tier_consistent,1.00,editorial_default
PureVPN,Speed,Upload tier,Overall,tier_good,1.00,editorial_default
PureVPN,Streaming,_section_total,Overall,,1.00,calculated
PureVPN,Streaming,Android tv app,Overall,,0.00,comparitech_api
PureVPN,Streaming,Browser extensions,Overall,yes,,editorial_default
PureVPN,Streaming,Includes ad blocker,Overall,Yes,1.00,comparitech_api
PureVPN,Streaming,Number of locations in relevant country,Overall,5+,1.50,comparitech_api
PureVPN,Streaming,Simultaneous stream capacity,Overall,4_plus,0.30,editorial_default
PureVPN,Streaming,Streaming device apps,Overall,2_or_3,0.40,calculated
PureVPN,Streaming,Streaming unblock toolkit,Overall,yes,0.30,editorial_default
PureVPN,Streaming,Tier1 streaming,Overall,most_3_or_4,,editorial_default
PureVPN,Streaming,Tier2 streaming,Overall,most_3_or_4,,editorial_default
PureVPN,Streaming,Tier3 streaming,Overall,most_3_or_4,,editorial_default
PureVPN,Streaming,Works in high censorship countries,Overall,0,0.00,comparitech_api
PureVPN,SystemPerformance,_section_total,Overall,,4.00,calculated
PureVPN,SystemPerformance,Cpu tier,Overall,tier_okay,1.20,editorial_default
PureVPN,SystemPerformance,Idle delta cpu tier,Overall,tier_okay,0.00,editorial_default
PureVPN,SystemPerformance,Load efficiency tier,Overall,tier_okay,4.00,editorial_default
PureVPN,SystemPerformance,Network overhead tier,Overall,tier_okay,1.00,editorial_default
PureVPN,SystemPerformance,Ram delta tier,Overall,tier_okay,0.00,editorial_default
PureVPN,SystemPerformance,Ram tier,Overall,tier_okay,1.20,editorial_default
PureVPN,ValueForMoney,_section_total,Overall,,7.76,calculated
PureVPN,ValueForMoney,Anonymous payments vfm,Overall,multiple,0.50,editorial_default
PureVPN,ValueForMoney,Clear cancellation,Overall,yes,0.50,editorial_default
PureVPN,ValueForMoney,Connection limit tier,Overall,10_plus,1.36,editorial_default
PureVPN,ValueForMoney,Country count,Overall,60_plus,,manual_admin
PureVPN,ValueForMoney,Free trial available,Overall,no,0.00,manual_admin
PureVPN,ValueForMoney,Includes av,Overall,no,0.00,manual_admin
PureVPN,ValueForMoney,Includes dark web monitor,Overall,yes,0.30,editorial_default
PureVPN,ValueForMoney,Includes password manager,Overall,yes,0.30,editorial_default
PureVPN,ValueForMoney,Intro lowest price tier,Overall,under_3_usd,1.00,editorial_default
PureVPN,ValueForMoney,Lowest price,Overall,<$5,1.20,comparitech_api
PureVPN,ValueForMoney,Money back duration,Overall,30_to_44,0.90,editorial_default
PureVPN,ValueForMoney,Money back guarantee,Overall,Yes,1.00,comparitech_api
PureVPN,ValueForMoney,Monthly price tier,Overall,12_to_14,0.40,editorial_default
PureVPN,ValueForMoney,Monthly pricing,Overall,<$13,1.10,comparitech_api
PureVPN,ValueForMoney,Pricing consistency,Overall,moderate,0.50,editorial_default
PureVPN,ValueForMoney,Renewal lowest price tier,Overall,3_to_5,0.70,editorial_default
PureVPN,ValueForMoney,Sale frequency,Overall,few,0.50,comparitech_api
PureVPN,ValueForMoney,Static ip included,Overall,yes,0.30,editorial_default
PureVPN,ValueForMoney,Student discount,Overall,yes,0.20,manual_admin
PureVPN,ValueForMoney,Subscription term count,Overall,three_plus,0.50,manual_admin
PureVPN,ValueForMoney,Traditional payments,Overall,multiple,0.30,editorial_default
Rocket VPN,EaseOfUse,_section_total,Overall,,4.20,calculated
Rocket VPN,EaseOfUse,Apps for major platforms,Overall,all_4,1.00,manual_admin
Rocket VPN,EaseOfUse,Browser extensions,Overall,none,0.00,editorial_default
Rocket VPN,EaseOfUse,Ease of cancellation,Overall,moderate,0.20,editorial_default
Rocket VPN,EaseOfUse,Ease of signup,Overall,very_easy,0.70,manual_admin
Rocket VPN,EaseOfUse,Knowledge base,Overall,basic,0.20,manual_admin
Rocket VPN,EaseOfUse,Linux support,Overall,app_with_gui,0.50,editorial_default
Rocket VPN,EaseOfUse,Live chat quality,Overall,business_hours,0.40,editorial_default
Rocket VPN,EaseOfUse,Quick connect,Overall,no,0.00,manual_admin
Rocket VPN,EaseOfUse,Quick pick purpose,Overall,no,0.00,manual_admin
Rocket VPN,EaseOfUse,Router support,Overall,app_or_firmware,0.50,editorial_default
Rocket VPN,EaseOfUse,Setup guides,Overall,partial,0.20,manual_admin
Rocket VPN,EaseOfUse,Streaming device apps eou,Overall,2_plus,0.50,editorial_default
Rocket VPN,EaseOfUse,Task specific servers,Overall,no,0.00,manual_admin
Rocket VPN,Security,_section_total,Overall,,6.10,calculated
Rocket VPN,Security,Anonymous payment,Overall,multiple,0.40,editorial_default
Rocket VPN,Security,Authentication strength,Overall,weaker,0.00,manual_admin
Rocket VPN,Security,Dns leak pass rate,Overall,tier_pass,0.80,editorial_default
Rocket VPN,Security,Encryption strength,Overall,aes_128_or_higher,0.60,calculated
Rocket VPN,Security,Hq jurisdiction,Overall,inside_14_eyes,0.00,manual_admin
Rocket VPN,Security,Independent audit,Overall,none,0.00,editorial_default
Rocket VPN,Security,Ipv4 leak pass rate,Overall,tier_pass,0.30,editorial_default
Rocket VPN,Security,Ipv6 leak pass rate,Overall,tier_pass,0.80,editorial_default
Rocket VPN,Security,Kill switch effectiveness,Overall,effective,0.60,editorial_default
Rocket VPN,Security,Modern protocols,Overall,has_modern,0.70,manual_admin
Rocket VPN,Security,No logs policy status,Overall,logs_kept,0.00,editorial_default
Rocket VPN,Security,Obfuscation available,Overall,yes,0.50,manual_admin
Rocket VPN,Security,Perfect forward secrecy,Overall,yes,0.30,manual_admin
Rocket VPN,Security,Restrictive region access,Overall,yes,0.30,editorial_default
Rocket VPN,Security,Rsa key length,Overall,,,manual_admin
Rocket VPN,Security,Webrtc leak pass rate,Overall,tier_pass,0.80,editorial_default
Rocket VPN,Speed,_section_total,Overall,,7.80,calculated
Rocket VPN,Speed,_section_total_v3_global,Overall,,5.00,editorial_default
Rocket VPN,Speed,_section_total_v3_uk,Overall,,5.00,editorial_default
Rocket VPN,Speed,Connection time,Overall,tier_okay,0.05,editorial_default
Rocket VPN,Speed,Download tier,Overall,tier_good,2.65,editorial_default
Rocket VPN,Speed,Jitter tier,Overall,tier_good,0.20,editorial_default
Rocket VPN,Speed,Latency tier,Overall,tier_good,1.50,editorial_default
Rocket VPN,Speed,Long distance speed,Overall,tier_consistent,1.00,editorial_default
Rocket VPN,Speed,Packet loss tier,Overall,tier_good,0.40,editorial_default
Rocket VPN,Speed,Speed consistency,Overall,tier_consistent,1.00,editorial_default
Rocket VPN,Speed,Upload tier,Overall,tier_good,1.00,editorial_default
Rocket VPN,Streaming,_section_total,Overall,,0.30,calculated
Rocket VPN,Streaming,Android tv app,Overall,,0.00,comparitech_api
Rocket VPN,Streaming,Browser extensions,Overall,no,,editorial_default
Rocket VPN,Streaming,Includes ad blocker,Overall,,0.00,comparitech_api
Rocket VPN,Streaming,Number of locations in relevant country,Overall,<5,1.20,comparitech_api
Rocket VPN,Streaming,Offers a smart dns service,Overall,,0.00,comparitech_api
Rocket VPN,Streaming,Simultaneous stream capacity,Overall,4_plus,0.30,editorial_default
Rocket VPN,Streaming,Streaming device apps,Overall,none,0.00,calculated
Rocket VPN,Streaming,Streaming unblock toolkit,Overall,no,0.00,editorial_default
Rocket VPN,Streaming,Tier1 streaming,Overall,most_3_or_4,,editorial_default
Rocket VPN,Streaming,Tier2 streaming,Overall,most_3_or_4,,editorial_default
Rocket VPN,Streaming,Tier3 streaming,Overall,most_3_or_4,,editorial_default
Rocket VPN,Streaming,Works in high censorship countries,Overall,,0.00,comparitech_api
Rocket VPN,SystemPerformance,_section_total,Overall,,4.00,calculated
Rocket VPN,SystemPerformance,Cpu tier,Overall,tier_okay,1.20,editorial_default
Rocket VPN,SystemPerformance,Idle delta cpu tier,Overall,tier_okay,0.00,editorial_default
Rocket VPN,SystemPerformance,Load efficiency tier,Overall,tier_okay,4.00,editorial_default
Rocket VPN,SystemPerformance,Network overhead tier,Overall,tier_okay,1.00,editorial_default
Rocket VPN,SystemPerformance,Ram delta tier,Overall,tier_okay,0.00,editorial_default
Rocket VPN,SystemPerformance,Ram tier,Overall,tier_okay,1.20,editorial_default
Rocket VPN,ValueForMoney,_section_total,Overall,,5.36,calculated
Rocket VPN,ValueForMoney,Anonymous payments vfm,Overall,multiple,0.50,editorial_default
Rocket VPN,ValueForMoney,Clear cancellation,Overall,yes,0.50,editorial_default
Rocket VPN,ValueForMoney,Connection limit tier,Overall,10_plus,1.36,editorial_default
Rocket VPN,ValueForMoney,Country count,Overall,30_to_59,,manual_admin
Rocket VPN,ValueForMoney,Free trial available,Overall,yes,0.40,manual_admin
Rocket VPN,ValueForMoney,Includes av,Overall,no,0.00,manual_admin
Rocket VPN,ValueForMoney,Includes dark web monitor,Overall,no,0.00,editorial_default
Rocket VPN,ValueForMoney,Includes password manager,Overall,no,0.00,editorial_default
Rocket VPN,ValueForMoney,Intro lowest price tier,Overall,3_to_5,0.70,editorial_default
Rocket VPN,ValueForMoney,Money back duration,Overall,under_7,0.00,editorial_default
Rocket VPN,ValueForMoney,Monthly price tier,Overall,over_14,0.00,editorial_default
Rocket VPN,ValueForMoney,Pricing consistency,Overall,consistent,0.60,editorial_default
Rocket VPN,ValueForMoney,Renewal lowest price tier,Overall,5_to_7,0.50,editorial_default
Rocket VPN,ValueForMoney,Static ip included,Overall,no,0.00,editorial_default
Rocket VPN,ValueForMoney,Student discount,Overall,no,0.00,manual_admin
Rocket VPN,ValueForMoney,Subscription term count,Overall,three_plus,0.50,manual_admin
Rocket VPN,ValueForMoney,Traditional payments,Overall,multiple,0.30,editorial_default
Smart DNS Proxy,EaseOfUse,_section_total,Overall,,0.50,calculated
Smart DNS Proxy,EaseOfUse,Ease of cancellation,Overall,very_easy,0.40,editorial_default
Smart DNS Proxy,EaseOfUse,Live chat quality,Overall,email_only,0.10,editorial_default
Smart DNS Proxy,EaseOfUse,Quick connect,Overall,no,0.00,manual_admin
Smart DNS Proxy,EaseOfUse,Quick pick purpose,Overall,no,0.00,manual_admin
Smart DNS Proxy,EaseOfUse,Task specific servers,Overall,no,0.00,manual_admin
Smart DNS Proxy,Security,_section_total,Overall,,4.10,calculated
Smart DNS Proxy,Security,Anonymous payment,Overall,none,0.00,editorial_default
Smart DNS Proxy,Security,Authentication strength,Overall,weaker,0.00,manual_admin
Smart DNS Proxy,Security,Dns leak pass rate,Overall,tier_pass,0.80,editorial_default
Smart DNS Proxy,Security,Encryption strength,Overall,weaker,0.00,manual_admin
Smart DNS Proxy,Security,Hq jurisdiction,Overall,outside_14_eyes,0.50,calculated
Smart DNS Proxy,Security,Ipv4 leak pass rate,Overall,tier_pass,0.30,editorial_default
Smart DNS Proxy,Security,Ipv6 leak pass rate,Overall,tier_pass,0.80,editorial_default
Smart DNS Proxy,Security,Kill switch effectiveness,Overall,effective,0.60,editorial_default
Smart DNS Proxy,Security,Modern protocols,Overall,openvpn_only,0.30,manual_admin
Smart DNS Proxy,Security,Obfuscation available,Overall,no,0.00,manual_admin
Smart DNS Proxy,Security,Perfect forward secrecy,Overall,no,0.00,manual_admin
Smart DNS Proxy,Security,Rsa key length,Overall,weaker,0.00,manual_admin
Smart DNS Proxy,Security,Webrtc leak pass rate,Overall,tier_pass,0.80,editorial_default
Smart DNS Proxy,Speed,_section_total,Overall,,7.80,calculated
Smart DNS Proxy,Speed,_section_total_v3_global,Overall,,5.00,editorial_default
Smart DNS Proxy,Speed,_section_total_v3_uk,Overall,,5.00,editorial_default
Smart DNS Proxy,Speed,Connection time,Overall,tier_okay,0.05,editorial_default
Smart DNS Proxy,Speed,Download tier,Overall,tier_good,2.65,editorial_default
Smart DNS Proxy,Speed,Jitter tier,Overall,tier_good,0.20,editorial_default
Smart DNS Proxy,Speed,Latency tier,Overall,tier_good,1.50,editorial_default
Smart DNS Proxy,Speed,Long distance speed,Overall,tier_consistent,1.00,editorial_default
Smart DNS Proxy,Speed,Packet loss tier,Overall,tier_good,0.40,editorial_default
Smart DNS Proxy,Speed,Speed consistency,Overall,tier_consistent,1.00,editorial_default
Smart DNS Proxy,Speed,Upload tier,Overall,tier_good,1.00,editorial_default
Smart DNS Proxy,Streaming,_section_total,Overall,,1.20,calculated
Smart DNS Proxy,Streaming,Android tv app,Overall,,0.00,comparitech_api
Smart DNS Proxy,Streaming,Includes ad blocker,Overall,,0.00,comparitech_api
Smart DNS Proxy,Streaming,Number of locations in relevant country,Overall,<5,1.20,comparitech_api
Smart DNS Proxy,Streaming,Offers a smart dns service,Overall,,0.00,comparitech_api
Smart DNS Proxy,Streaming,Simultaneous stream capacity,Overall,4_plus,0.30,editorial_default
Smart DNS Proxy,Streaming,Streaming device apps,Overall,4_plus,0.60,manual_admin
Smart DNS Proxy,Streaming,Streaming unblock toolkit,Overall,yes,0.30,editorial_default
Smart DNS Proxy,Streaming,Tier1 streaming,Overall,most_3_or_4,,editorial_default
Smart DNS Proxy,Streaming,Tier2 streaming,Overall,most_3_or_4,,editorial_default
Smart DNS Proxy,Streaming,Tier3 streaming,Overall,most_3_or_4,,editorial_default
Smart DNS Proxy,Streaming,Works in high censorship countries,Overall,,0.00,comparitech_api
Smart DNS Proxy,SystemPerformance,_section_total,Overall,,4.00,calculated
Smart DNS Proxy,SystemPerformance,Cpu tier,Overall,tier_okay,1.20,editorial_default
Smart DNS Proxy,SystemPerformance,Idle delta cpu tier,Overall,tier_okay,0.00,editorial_default
Smart DNS Proxy,SystemPerformance,Load efficiency tier,Overall,tier_okay,4.00,editorial_default
Smart DNS Proxy,SystemPerformance,Network overhead tier,Overall,tier_okay,1.00,editorial_default
Smart DNS Proxy,SystemPerformance,Ram delta tier,Overall,tier_okay,0.00,editorial_default
Smart DNS Proxy,SystemPerformance,Ram tier,Overall,tier_okay,1.20,editorial_default
Smart DNS Proxy,ValueForMoney,_section_total,Overall,,5.35,calculated
Smart DNS Proxy,ValueForMoney,Anonymous payments vfm,Overall,none,0.00,editorial_default
Smart DNS Proxy,ValueForMoney,Clear cancellation,Overall,yes,0.50,editorial_default
Smart DNS Proxy,ValueForMoney,Connection limit tier,Overall,under_6,0.45,editorial_default
Smart DNS Proxy,ValueForMoney,Country count,Overall,under_30,,manual_admin
Smart DNS Proxy,ValueForMoney,Includes av,Overall,no,0.00,manual_admin
Smart DNS Proxy,ValueForMoney,Includes password manager,Overall,no,0.00,editorial_default
Smart DNS Proxy,ValueForMoney,Intro lowest price tier,Overall,under_3_usd,1.00,editorial_default
Smart DNS Proxy,ValueForMoney,Money back duration,Overall,30_to_44,0.90,editorial_default
Smart DNS Proxy,ValueForMoney,Monthly price tier,Overall,under_10,1.00,editorial_default
Smart DNS Proxy,ValueForMoney,Pricing consistency,Overall,moderate,0.50,editorial_default
Smart DNS Proxy,ValueForMoney,Renewal lowest price tier,Overall,3_to_5,0.70,editorial_default
Smart DNS Proxy,ValueForMoney,Student discount,Overall,no,0.00,manual_admin
Smart DNS Proxy,ValueForMoney,Traditional payments,Overall,multiple,0.30,editorial_default
Speedify,EaseOfUse,_section_total,Overall,,5.82,calculated
Speedify,EaseOfUse,Apps for major platforms,Overall,all_4,1.00,manual_admin
Speedify,EaseOfUse,Browser extensions,Overall,none,0.00,editorial_default
Speedify,EaseOfUse,Ease of cancellation,Overall,very_easy,0.40,editorial_default
Speedify,EaseOfUse,Ease of signup,Overall,moderate,0.42,manual_admin
Speedify,EaseOfUse,Knowledge base,Overall,comprehensive,0.40,manual_admin
Speedify,EaseOfUse,Linux support,Overall,app_with_gui,0.50,editorial_default
Speedify,EaseOfUse,Live chat quality,Overall,business_hours,0.40,editorial_default
Speedify,EaseOfUse,Quick connect,Overall,yes,0.80,manual_admin
Speedify,EaseOfUse,Quick pick purpose,Overall,yes,0.30,manual_admin
Speedify,EaseOfUse,Router support,Overall,app_or_firmware,0.50,editorial_default
Speedify,EaseOfUse,Setup guides,Overall,comprehensive,0.40,manual_admin
Speedify,EaseOfUse,Streaming device apps eou,Overall,1,0.30,editorial_default
Speedify,EaseOfUse,Task specific servers,Overall,yes,0.40,manual_admin
Speedify,Security,_section_total,Overall,,5.30,calculated
Speedify,Security,Anonymous payment,Overall,none,0.00,editorial_default
Speedify,Security,Authentication strength,Overall,sha384_or_higher,0.30,calculated
Speedify,Security,Dns leak pass rate,Overall,tier_pass,0.80,editorial_default
Speedify,Security,Encryption strength,Overall,aes_128_or_higher,0.60,calculated
Speedify,Security,Hq jurisdiction,Overall,inside_14_eyes,0.00,calculated
Speedify,Security,Independent audit,Overall,none,0.00,editorial_default
Speedify,Security,Ipv4 leak pass rate,Overall,tier_pass,0.30,editorial_default
Speedify,Security,Ipv6 leak pass rate,Overall,tier_pass,0.80,editorial_default
Speedify,Security,Kill switch effectiveness,Overall,effective,0.60,editorial_default
Speedify,Security,Modern protocols,Overall,has_modern,0.70,calculated
Speedify,Security,No logs policy status,Overall,logs_kept,0.00,editorial_default
Speedify,Security,Obfuscation available,Overall,no,0.00,calculated
Speedify,Security,Perfect forward secrecy,Overall,yes,0.30,calculated
Speedify,Security,Restrictive region access,Overall,no,0.00,editorial_default
Speedify,Security,Rsa key length,Overall,2048,0.10,manual_admin
Speedify,Security,Webrtc leak pass rate,Overall,tier_pass,0.80,editorial_default
Speedify,Speed,_section_total,Overall,,7.80,calculated
Speedify,Speed,_section_total_v3_global,Overall,,5.00,editorial_default
Speedify,Speed,_section_total_v3_uk,Overall,,5.00,editorial_default
Speedify,Speed,Connection time,Overall,tier_okay,0.05,editorial_default
Speedify,Speed,Download tier,Overall,tier_good,2.65,editorial_default
Speedify,Speed,Jitter tier,Overall,tier_good,0.20,editorial_default
Speedify,Speed,Latency tier,Overall,tier_good,1.50,editorial_default
Speedify,Speed,Long distance speed,Overall,tier_consistent,1.00,editorial_default
Speedify,Speed,Packet loss tier,Overall,tier_good,0.40,editorial_default
Speedify,Speed,Speed consistency,Overall,tier_consistent,1.00,editorial_default
Speedify,Speed,Upload tier,Overall,tier_good,1.00,editorial_default
Speedify,Streaming,_section_total,Overall,,0.30,calculated
Speedify,Streaming,Android tv app,Overall,,0.00,comparitech_api
Speedify,Streaming,Browser extensions,Overall,no,,editorial_default
Speedify,Streaming,Includes ad blocker,Overall,,0.00,comparitech_api
Speedify,Streaming,Number of locations in relevant country,Overall,<5,1.20,comparitech_api
Speedify,Streaming,Offers a smart dns service,Overall,,0.00,comparitech_api
Speedify,Streaming,Simultaneous stream capacity,Overall,4_plus,0.30,editorial_default
Speedify,Streaming,Streaming device apps,Overall,none,0.00,calculated
Speedify,Streaming,Streaming unblock toolkit,Overall,no,0.00,editorial_default
Speedify,Streaming,Tier1 streaming,Overall,most_3_or_4,,editorial_default
Speedify,Streaming,Tier2 streaming,Overall,most_3_or_4,,editorial_default
Speedify,Streaming,Tier3 streaming,Overall,most_3_or_4,,editorial_default
Speedify,Streaming,Works in high censorship countries,Overall,,0.00,comparitech_api
Speedify,SystemPerformance,_section_total,Overall,,4.00,calculated
Speedify,SystemPerformance,Cpu tier,Overall,tier_okay,1.20,editorial_default
Speedify,SystemPerformance,Idle delta cpu tier,Overall,tier_okay,0.00,editorial_default
Speedify,SystemPerformance,Load efficiency tier,Overall,tier_okay,4.00,editorial_default
Speedify,SystemPerformance,Network overhead tier,Overall,tier_okay,1.00,editorial_default
Speedify,SystemPerformance,Ram delta tier,Overall,tier_okay,0.00,editorial_default
Speedify,SystemPerformance,Ram tier,Overall,tier_okay,1.20,editorial_default
Speedify,ValueForMoney,_section_total,Overall,,4.45,calculated
Speedify,ValueForMoney,Anonymous payments vfm,Overall,none,0.00,editorial_default
Speedify,ValueForMoney,Clear cancellation,Overall,yes,0.50,editorial_default
Speedify,ValueForMoney,Connection limit tier,Overall,under_6,0.45,editorial_default
Speedify,ValueForMoney,Country count,Overall,30_to_59,,manual_admin
Speedify,ValueForMoney,Free trial available,Overall,yes,0.40,manual_admin
Speedify,ValueForMoney,Includes av,Overall,no,0.00,manual_admin
Speedify,ValueForMoney,Includes dark web monitor,Overall,no,0.00,editorial_default
Speedify,ValueForMoney,Includes password manager,Overall,no,0.00,editorial_default
Speedify,ValueForMoney,Intro lowest price tier,Overall,3_to_5,0.70,editorial_default
Speedify,ValueForMoney,Money back duration,Overall,30_to_44,0.90,editorial_default
Speedify,ValueForMoney,Monthly price tier,Overall,over_14,0.00,editorial_default
Speedify,ValueForMoney,Pricing consistency,Overall,steep,0.40,editorial_default
Speedify,ValueForMoney,Renewal lowest price tier,Overall,over_10,0.00,editorial_default
Speedify,ValueForMoney,Static ip included,Overall,yes,0.30,editorial_default
Speedify,ValueForMoney,Student discount,Overall,no,0.00,manual_admin
Speedify,ValueForMoney,Subscription term count,Overall,three_plus,0.50,manual_admin
Speedify,ValueForMoney,Traditional payments,Overall,multiple,0.30,editorial_default
StrongVPN,EaseOfUse,_section_total,Overall,,7.02,calculated
StrongVPN,EaseOfUse,Apps for major platforms,Overall,all_4,1.00,calculated
StrongVPN,EaseOfUse,Browser extensions,Overall,1_plus,0.50,editorial_default
StrongVPN,EaseOfUse,Country count,Overall,30_to_59,0.50,calculated
StrongVPN,EaseOfUse,Ease of cancellation,Overall,very_easy,0.40,editorial_default
StrongVPN,EaseOfUse,Ease of signup,Overall,moderate,0.42,manual_admin
StrongVPN,EaseOfUse,Feature parity,Overall,varies_by_platform,0.10,calculated
StrongVPN,EaseOfUse,Knowledge base,Overall,comprehensive,0.40,manual_admin
StrongVPN,EaseOfUse,Linux support,Overall,app_with_gui,0.50,editorial_default
StrongVPN,EaseOfUse,Live chat quality,Overall,business_hours,0.40,editorial_default
StrongVPN,EaseOfUse,Novice friendly design,Overall,high,0.60,calculated
StrongVPN,EaseOfUse,Quick connect,Overall,yes,0.80,manual_admin
StrongVPN,EaseOfUse,Router support,Overall,app_or_firmware,0.50,editorial_default
StrongVPN,EaseOfUse,Setup guides,Overall,comprehensive,0.40,manual_admin
StrongVPN,EaseOfUse,Streaming device apps eou,Overall,2_plus,0.50,editorial_default
StrongVPN,EaseOfUse,Task specific servers,Overall,No,0.00,calculated
StrongVPN,EaseOfUse,Unblocking consistency,Overall,great,1.00,comparitech_api
StrongVPN,Security,_section_total,Overall,,5.80,calculated
StrongVPN,Security,Additional security features,Overall,No,0.00,comparitech_api
StrongVPN,Security,Anonymous payment,Overall,none,0.00,editorial_default
StrongVPN,Security,Authentication strength,Overall,sha384_or_higher,0.30,manual_admin
StrongVPN,Security,Dns leak pass rate,Overall,tier_pass,0.80,editorial_default
StrongVPN,Security,Encryption strength,Overall,aes_128_or_higher,0.60,calculated
StrongVPN,Security,Hq jurisdiction,Overall,inside_14_eyes,0.00,editorial_default
StrongVPN,Security,Independent audit,Overall,none,0.00,editorial_default
StrongVPN,Security,Ip logs,Overall,No,0.60,comparitech_api
StrongVPN,Security,Ipv4 leak pass rate,Overall,tier_pass,0.30,editorial_default
StrongVPN,Security,Ipv6 leak pass rate,Overall,tier_pass,0.80,editorial_default
StrongVPN,Security,Kill switch effectiveness,Overall,effective,0.60,editorial_default
StrongVPN,Security,Modern protocols,Overall,has_modern,0.70,calculated
StrongVPN,Security,No logs policy status,Overall,logs_kept,0.00,editorial_default
StrongVPN,Security,Obfuscation available,Overall,yes,0.50,calculated
StrongVPN,Security,Perfect forward secrecy,Overall,no,0.00,manual_admin
StrongVPN,Security,Private dns,Overall,Yes,0.40,comparitech_api
StrongVPN,Security,Restrictive region access,Overall,yes,0.30,editorial_default
StrongVPN,Security,Rsa key length,Overall,2048,0.10,calculated
StrongVPN,Security,Torrenting allowed,Overall,Yes,0.50,comparitech_api
StrongVPN,Security,Webrtc leak pass rate,Overall,tier_pass,0.80,editorial_default
StrongVPN,Speed,_section_total,Overall,,7.80,calculated
StrongVPN,Speed,_section_total_v3_global,Overall,,5.00,editorial_default
StrongVPN,Speed,_section_total_v3_uk,Overall,,5.00,editorial_default
StrongVPN,Speed,Connection time,Overall,tier_okay,0.05,editorial_default
StrongVPN,Speed,Download tier,Overall,tier_good,2.65,editorial_default
StrongVPN,Speed,Jitter tier,Overall,tier_good,0.20,editorial_default
StrongVPN,Speed,Latency tier,Overall,tier_good,1.50,editorial_default
StrongVPN,Speed,Long distance speed,Overall,tier_consistent,1.00,editorial_default
StrongVPN,Speed,Packet loss tier,Overall,tier_good,0.40,editorial_default
StrongVPN,Speed,Speed consistency,Overall,tier_consistent,1.00,editorial_default
StrongVPN,Speed,Upload tier,Overall,tier_good,1.00,editorial_default
StrongVPN,Streaming,_section_total,Overall,,0.80,calculated
StrongVPN,Streaming,Android tv app,Overall,,0.00,comparitech_api
StrongVPN,Streaming,Browser extensions,Overall,yes,,editorial_default
StrongVPN,Streaming,Includes ad blocker,Overall,No,0.00,comparitech_api
StrongVPN,Streaming,Number of locations in relevant country,Overall,5+,1.50,comparitech_api
StrongVPN,Streaming,Simultaneous stream capacity,Overall,4_plus,0.30,editorial_default
StrongVPN,Streaming,Streaming device apps,Overall,1,0.20,calculated
StrongVPN,Streaming,Streaming unblock toolkit,Overall,yes,0.30,editorial_default
StrongVPN,Streaming,Tier1 streaming,Overall,most_3_or_4,,editorial_default
StrongVPN,Streaming,Tier2 streaming,Overall,most_3_or_4,,editorial_default
StrongVPN,Streaming,Tier3 streaming,Overall,most_3_or_4,,editorial_default
StrongVPN,Streaming,Works in high censorship countries,Overall,1,1.00,comparitech_api
StrongVPN,SystemPerformance,_section_total,Overall,,4.00,calculated
StrongVPN,SystemPerformance,Cpu tier,Overall,tier_okay,1.20,editorial_default
StrongVPN,SystemPerformance,Idle delta cpu tier,Overall,tier_okay,0.00,editorial_default
StrongVPN,SystemPerformance,Load efficiency tier,Overall,tier_okay,4.00,editorial_default
StrongVPN,SystemPerformance,Network overhead tier,Overall,tier_okay,1.00,editorial_default
StrongVPN,SystemPerformance,Ram delta tier,Overall,tier_okay,0.00,editorial_default
StrongVPN,SystemPerformance,Ram tier,Overall,tier_okay,1.20,editorial_default
StrongVPN,ValueForMoney,_section_total,Overall,,5.46,calculated
StrongVPN,ValueForMoney,Anonymous payments vfm,Overall,none,0.00,editorial_default
StrongVPN,ValueForMoney,Clear cancellation,Overall,yes,0.50,editorial_default
StrongVPN,ValueForMoney,Connection limit tier,Overall,10_plus,1.36,editorial_default
StrongVPN,ValueForMoney,Country count,Overall,30_to_59,,manual_admin
StrongVPN,ValueForMoney,Free trial available,Overall,no,0.00,manual_admin
StrongVPN,ValueForMoney,Includes av,Overall,no,0.00,calculated
StrongVPN,ValueForMoney,Includes dark web monitor,Overall,no,0.00,editorial_default
StrongVPN,ValueForMoney,Includes password manager,Overall,no,0.00,editorial_default
StrongVPN,ValueForMoney,Intro lowest price tier,Overall,3_to_5,0.70,editorial_default
StrongVPN,ValueForMoney,Lowest price,Overall,<$5,1.20,comparitech_api
StrongVPN,ValueForMoney,Money back duration,Overall,30_to_44,0.90,editorial_default
StrongVPN,ValueForMoney,Money back guarantee,Overall,Yes,1.00,comparitech_api
StrongVPN,ValueForMoney,Monthly price tier,Overall,10_to_12,0.70,editorial_default
StrongVPN,ValueForMoney,Monthly pricing,Overall,<$13,1.10,comparitech_api
StrongVPN,ValueForMoney,Pricing consistency,Overall,moderate,0.50,editorial_default
StrongVPN,ValueForMoney,Renewal lowest price tier,Overall,7_to_10,0.20,editorial_default
StrongVPN,ValueForMoney,Sale frequency,Overall,frequently,1.20,comparitech_api
StrongVPN,ValueForMoney,Static ip included,Overall,no,0.00,editorial_default
StrongVPN,ValueForMoney,Student discount,Overall,No,0.00,calculated
StrongVPN,ValueForMoney,Subscription term count,Overall,two,0.30,calculated
StrongVPN,ValueForMoney,Traditional payments,Overall,multiple,0.30,editorial_default
SurfEasy VPN,Security,_section_total,Overall,,4.20,calculated
SurfEasy VPN,Security,Anonymous payment,Overall,none,0.00,editorial_default
SurfEasy VPN,Security,Dns leak pass rate,Overall,tier_pass,0.80,editorial_default
SurfEasy VPN,Security,Encryption strength,Overall,aes_128_or_higher,0.60,calculated
SurfEasy VPN,Security,Hq jurisdiction,Overall,inside_14_eyes,0.00,calculated
SurfEasy VPN,Security,Ipv4 leak pass rate,Overall,tier_pass,0.30,editorial_default
SurfEasy VPN,Security,Ipv6 leak pass rate,Overall,tier_pass,0.80,editorial_default
SurfEasy VPN,Security,Kill switch effectiveness,Overall,effective,0.60,editorial_default
SurfEasy VPN,Security,Modern protocols,Overall,openvpn_only,0.30,calculated
SurfEasy VPN,Security,Obfuscation available,Overall,no,0.00,calculated
SurfEasy VPN,Security,Perfect forward secrecy,Overall,no,0.00,calculated
SurfEasy VPN,Security,Webrtc leak pass rate,Overall,tier_pass,0.80,editorial_default
SurfEasy VPN,Speed,_section_total,Overall,,7.80,calculated
SurfEasy VPN,Speed,_section_total_v3_global,Overall,,5.00,editorial_default
SurfEasy VPN,Speed,_section_total_v3_uk,Overall,,5.00,editorial_default
SurfEasy VPN,Speed,Connection time,Overall,tier_okay,0.05,editorial_default
SurfEasy VPN,Speed,Download tier,Overall,tier_good,2.65,editorial_default
SurfEasy VPN,Speed,Jitter tier,Overall,tier_good,0.20,editorial_default
SurfEasy VPN,Speed,Latency tier,Overall,tier_good,1.50,editorial_default
SurfEasy VPN,Speed,Long distance speed,Overall,tier_consistent,1.00,editorial_default
SurfEasy VPN,Speed,Packet loss tier,Overall,tier_good,0.40,editorial_default
SurfEasy VPN,Speed,Speed consistency,Overall,tier_consistent,1.00,editorial_default
SurfEasy VPN,Speed,Upload tier,Overall,tier_good,1.00,editorial_default
SurfEasy VPN,Streaming,_section_total,Overall,,0.15,calculated
SurfEasy VPN,Streaming,Android tv app,Overall,,0.00,comparitech_api
SurfEasy VPN,Streaming,Includes ad blocker,Overall,,0.00,comparitech_api
SurfEasy VPN,Streaming,Number of locations in relevant country,Overall,<5,1.20,comparitech_api
SurfEasy VPN,Streaming,Offers a smart dns service,Overall,,0.00,comparitech_api
SurfEasy VPN,Streaming,Simultaneous stream capacity,Overall,under_4,0.15,editorial_default
SurfEasy VPN,Streaming,Streaming device apps,Overall,none,0.00,calculated
SurfEasy VPN,Streaming,Streaming unblock toolkit,Overall,no,0.00,editorial_default
SurfEasy VPN,Streaming,Tier1 streaming,Overall,most_3_or_4,,editorial_default
SurfEasy VPN,Streaming,Tier2 streaming,Overall,most_3_or_4,,editorial_default
SurfEasy VPN,Streaming,Tier3 streaming,Overall,most_3_or_4,,editorial_default
SurfEasy VPN,Streaming,Works in high censorship countries,Overall,,0.00,comparitech_api
SurfEasy VPN,SystemPerformance,_section_total,Overall,,4.00,calculated
SurfEasy VPN,SystemPerformance,Cpu tier,Overall,tier_okay,1.20,editorial_default
SurfEasy VPN,SystemPerformance,Idle delta cpu tier,Overall,tier_okay,0.00,editorial_default
SurfEasy VPN,SystemPerformance,Load efficiency tier,Overall,tier_okay,4.00,editorial_default
SurfEasy VPN,SystemPerformance,Network overhead tier,Overall,tier_okay,1.00,editorial_default
SurfEasy VPN,SystemPerformance,Ram delta tier,Overall,tier_okay,0.00,editorial_default
SurfEasy VPN,SystemPerformance,Ram tier,Overall,tier_okay,1.20,editorial_default
SurfEasy VPN,ValueForMoney,_section_total,Overall,,0.45,calculated
SurfEasy VPN,ValueForMoney,Anonymous payments vfm,Overall,none,0.00,editorial_default
SurfEasy VPN,ValueForMoney,Connection limit tier,Overall,under_6,0.45,editorial_default
SurfEasy VPN,ValueForMoney,Country count,Overall,under_30,,manual_admin
Surfshark,EaseOfUse,_section_total,Overall,,9.12,calculated
Surfshark,EaseOfUse,Apps for major platforms,Overall,all_4,1.00,calculated
Surfshark,EaseOfUse,Browser extensions,Overall,1_plus,0.50,editorial_default
Surfshark,EaseOfUse,Country count,Overall,60_plus,0.80,calculated
Surfshark,EaseOfUse,Ease of cancellation,Overall,very_easy,0.40,editorial_default
Surfshark,EaseOfUse,Ease of signup,Overall,moderate,0.42,editorial_default
Surfshark,EaseOfUse,Feature parity,Overall,all_features_all_platforms,0.70,editorial_default
Surfshark,EaseOfUse,Knowledge base,Overall,comprehensive,0.40,editorial_default
Surfshark,EaseOfUse,Linux support,Overall,app_with_gui,0.50,editorial_default
Surfshark,EaseOfUse,Live chat quality,Overall,24_7,0.80,editorial_default
Surfshark,EaseOfUse,Novice friendly design,Overall,high,0.60,editorial_default
Surfshark,EaseOfUse,Quick connect,Overall,yes,0.80,manual_admin
Surfshark,EaseOfUse,Quick pick purpose,Overall,yes,0.30,manual_admin
Surfshark,EaseOfUse,Router support,Overall,app_or_firmware,0.50,editorial_default
Surfshark,EaseOfUse,Server picker quality,Overall,7_to_9,0.50,editorial_default
Surfshark,EaseOfUse,Setup guides,Overall,comprehensive,0.40,editorial_default
Surfshark,EaseOfUse,Streaming device apps eou,Overall,2_plus,0.50,editorial_default
Surfshark,EaseOfUse,Task specific servers,Overall,No,0.00,calculated
Surfshark,EaseOfUse,Unblocking consistency,Overall,great,1.00,comparitech_api
Surfshark,Security,_section_total,Overall,,9.30,calculated
Surfshark,Security,Additional security features,Overall,Yes,0.40,comparitech_api
Surfshark,Security,Anonymous payment,Overall,multiple,0.40,editorial_default
Surfshark,Security,Audit cadence,Overall,regular,0.30,editorial_default
Surfshark,Security,Authentication strength,Overall,sha384_or_higher,0.30,calculated
Surfshark,Security,Dns leak pass rate,Overall,tier_pass,0.80,benchmark_run
Surfshark,Security,Encryption strength,Overall,aes_128_or_higher,0.60,calculated
Surfshark,Security,Hq jurisdiction,Overall,inside_14_eyes,0.00,editorial_default
Surfshark,Security,Independent audit,Overall,within_24mo,1.00,editorial_default
Surfshark,Security,Ip logs,Overall,No,0.60,comparitech_api
Surfshark,Security,Ipv4 leak pass rate,Overall,tier_pass,0.30,benchmark_run
Surfshark,Security,Ipv6 leak pass rate,Overall,tier_pass,0.80,benchmark_run
Surfshark,Security,Kill switch effectiveness,Overall,effective,0.60,editorial_default
Surfshark,Security,Modern protocols,Overall,has_modern,0.70,calculated
Surfshark,Security,No logs policy status,Overall,audited,1.00,editorial_default
Surfshark,Security,Obfuscation available,Overall,yes,0.50,calculated
Surfshark,Security,Perfect forward secrecy,Overall,Yes,0.30,calculated
Surfshark,Security,Private dns,Overall,Yes,0.40,comparitech_api
Surfshark,Security,Ram only servers,Overall,full,0.40,editorial_default
Surfshark,Security,Restrictive region access,Overall,yes,0.30,editorial_default
Surfshark,Security,Rsa key length,Overall,4096_plus,0.20,calculated
Surfshark,Security,Torrenting allowed,Overall,Yes,0.50,comparitech_api
Surfshark,Security,Webrtc leak pass rate,Overall,tier_pass,0.80,benchmark_run
Surfshark,Speed,_coverage,Overall,"{""status"": ""full"", ""count"": 7, ""expected"": 7, ""countries"": [""AU"", ""BR"", ""DE"", ""GB"", ""JP"", ""US"", ""ZA""], ""has_core"": true, ""has_far"": true, ""panel"": [""AU"", ""BR"", ""DE"", ""GB"", ""JP"", ""US"", ""ZA""]}",10.00,calculated
Surfshark,Speed,_section_total,Overall,,7.80,calculated
Surfshark,Speed,_section_total,WireGuard,,6.40,calculated
Surfshark,Speed,_section_total,OpenVPN (UDP),,6.05,calculated
Surfshark,Speed,_section_total,OpenVPN (TCP),,3.10,calculated
Surfshark,Speed,_section_total,IKEv2/IPsec,,6.25,calculated
Surfshark,Speed,_section_total_v3_global,Overall,withheld: insufficient coverage (see _coverage row),5.95,calculated
Surfshark,Speed,_section_total_v3_protocol,WireGuard,,7.69,calculated
Surfshark,Speed,_section_total_v3_protocol,OpenVPN (UDP),,5.94,calculated
Surfshark,Speed,_section_total_v3_protocol,OpenVPN (TCP),,4.67,calculated
Surfshark,Speed,_section_total_v3_protocol,IKEv2/IPsec,,6.98,calculated
Surfshark,Speed,_section_total_v3_uk,Overall,withheld: insufficient coverage (see _coverage row),5.57,calculated
Surfshark,Speed,_speed_v3_dl,Overall,,0.45,calculated
Surfshark,Speed,_speed_v3_lat,Overall,,0.08,calculated
Surfshark,Speed,_speed_v3_raw,Overall,"{""raw"": 0.548391, ""dl"": 0.450217, ""ul"": 0.018, ""lat"": 0.080173, ""curve_score"": 5.57, ""curve_flavor"": ""uk_weighted"", ""curve_field_size"": 7, ""curve_score_min"": 5.0, ""curve_score_max"": 8.5}",0.55,calculated
Surfshark,Speed,_speed_v3_ul,Overall,,0.02,calculated
Surfshark,Speed,Connection time,Overall,tier_okay,0.05,editorial_default
Surfshark,Speed,Connection time,WireGuard,tier_slow,0.00,benchmark_run
Surfshark,Speed,Connection time,OpenVPN (UDP),tier_slow,0.00,benchmark_run
Surfshark,Speed,Connection time,OpenVPN (TCP),tier_slow,0.00,benchmark_run
Surfshark,Speed,Connection time,IKEv2/IPsec,tier_slow,0.00,benchmark_run
Surfshark,Speed,Download tier,Overall,tier_good,2.65,editorial_default
Surfshark,Speed,Download tier,WireGuard,tier_excellent,3.30,benchmark_run
Surfshark,Speed,Download tier,OpenVPN (UDP),tier_good,2.65,benchmark_run
Surfshark,Speed,Download tier,OpenVPN (TCP),tier_poor,0.00,benchmark_run
Surfshark,Speed,Download tier,IKEv2/IPsec,tier_good,2.65,benchmark_run
Surfshark,Speed,Jitter tier,Overall,tier_good,0.20,editorial_default
Surfshark,Speed,Jitter tier,WireGuard,tier_excellent,0.40,benchmark_run
Surfshark,Speed,Jitter tier,OpenVPN (UDP),tier_excellent,0.40,benchmark_run
Surfshark,Speed,Jitter tier,OpenVPN (TCP),tier_excellent,0.40,benchmark_run
Surfshark,Speed,Jitter tier,IKEv2/IPsec,tier_excellent,0.40,benchmark_run
Surfshark,Speed,Latency tier,Overall,tier_good,1.50,editorial_default
Surfshark,Speed,Latency tier,WireGuard,tier_okay,1.00,benchmark_run
Surfshark,Speed,Latency tier,OpenVPN (UDP),tier_okay,1.00,benchmark_run
Surfshark,Speed,Latency tier,OpenVPN (TCP),tier_okay,1.00,benchmark_run
Surfshark,Speed,Latency tier,IKEv2/IPsec,tier_good,1.50,benchmark_run
Surfshark,Speed,Long distance speed,Overall,tier_consistent,1.00,editorial_default
Surfshark,Speed,Long distance speed,WireGuard,tier_consistent,1.00,benchmark_run
Surfshark,Speed,Long distance speed,OpenVPN (UDP),tier_consistent,1.00,benchmark_run
Surfshark,Speed,Long distance speed,OpenVPN (TCP),tier_inconsistent,0.00,benchmark_run
Surfshark,Speed,Long distance speed,IKEv2/IPsec,tier_consistent,1.00,benchmark_run
Surfshark,Speed,Packet loss tier,Overall,tier_good,0.40,editorial_default
Surfshark,Speed,Packet loss tier,WireGuard,tier_excellent,0.70,benchmark_run
Surfshark,Speed,Packet loss tier,OpenVPN (UDP),tier_excellent,0.70,benchmark_run
Surfshark,Speed,Packet loss tier,OpenVPN (TCP),tier_excellent,0.70,benchmark_run
Surfshark,Speed,Packet loss tier,IKEv2/IPsec,tier_excellent,0.70,benchmark_run
Surfshark,Speed,Speed consistency,Overall,tier_consistent,1.00,editorial_default
Surfshark,Speed,Speed consistency,WireGuard,tier_volatile,0.00,benchmark_run
Surfshark,Speed,Speed consistency,OpenVPN (UDP),tier_variable,0.30,benchmark_run
Surfshark,Speed,Speed consistency,OpenVPN (TCP),tier_consistent,1.00,benchmark_run
Surfshark,Speed,Speed consistency,IKEv2/IPsec,tier_volatile,0.00,benchmark_run
Surfshark,Speed,Upload tier,Overall,tier_good,1.00,editorial_default
Surfshark,Speed,Upload tier,WireGuard,tier_poor,0.00,benchmark_run
Surfshark,Speed,Upload tier,OpenVPN (UDP),tier_poor,0.00,benchmark_run
Surfshark,Speed,Upload tier,OpenVPN (TCP),tier_poor,0.00,benchmark_run
Surfshark,Speed,Upload tier,IKEv2/IPsec,tier_poor,0.00,benchmark_run
Surfshark,Streaming,_section_total,Overall,,1.50,calculated
Surfshark,Streaming,_section_total_v3_streaming,Overall,T1=100% T2=100% T3=100%,8.30,calculated
Surfshark,Streaming,Android tv app,Overall,Yes,0.60,comparitech_api
Surfshark,Streaming,Browser extensions,Overall,yes,,editorial_default
Surfshark,Streaming,Four k capable speed,Overall,yes,0.50,benchmark_run
Surfshark,Streaming,Includes ad blocker,Overall,Yes,1.00,comparitech_api
Surfshark,Streaming,Number of locations in relevant country,Overall,5+,1.50,comparitech_api
Surfshark,Streaming,Simultaneous stream capacity,Overall,4_plus,0.30,editorial_default
Surfshark,Streaming,Streaming device apps,Overall,2_or_3,0.40,calculated
Surfshark,Streaming,Streaming hub coverage,Overall,3_plus_hubs,,benchmark_run
Surfshark,Streaming,Streaming unblock toolkit,Overall,yes,0.30,editorial_default
Surfshark,Streaming,Streaming v3 coverage,Overall,"4 services scored, 0 excluded (noise/unconfirmed) in 14d window",,calculated
Surfshark,Streaming,Streaming v3 tier1 pct,Overall,100.0% (2 svc scored),,calculated
Surfshark,Streaming,Streaming v3 tier2 pct,Overall,100.0% (2 svc scored),,calculated
Surfshark,Streaming,Streaming v3 tier3 pct,Overall,100.0% (assumed from T2 — T3 not yet benchmarked),,calculated
Surfshark,Streaming,Tier1 streaming,Overall,most_3_or_4,3.00,benchmark_run
Surfshark,Streaming,Tier2 streaming,Overall,most_3_or_4,1.00,benchmark_run
Surfshark,Streaming,Tier3 streaming,Overall,all_5,0.50,benchmark_run
Surfshark,Streaming,Works in high censorship countries,Overall,1,1.00,comparitech_api
Surfshark,SystemPerformance,_section_total,Overall,,4.00,calculated
Surfshark,SystemPerformance,_section_total_v3_sysperf,Overall,0.03573,7.43,calculated
Surfshark,SystemPerformance,_section_total_v3_sysperf_protocol,WireGuard,0.03573,7.43,calculated
Surfshark,SystemPerformance,_section_total_v3_sysperf_protocol,OpenVPN (UDP),0.03181,7.71,calculated
Surfshark,SystemPerformance,Idle delta cpu pct,Overall,-1.3000,,calculated
Surfshark,SystemPerformance,Idle delta cpu pct,WireGuard,-1.3000,,calculated
Surfshark,SystemPerformance,Idle delta cpu pct,OpenVPN (UDP),-1.0763,,calculated
Surfshark,SystemPerformance,Idle delta cpu tier,Overall,tier_okay,0.00,editorial_default
Surfshark,SystemPerformance,Load efficiency per mbps,Overall,0.03573,,calculated
Surfshark,SystemPerformance,Load efficiency per mbps,WireGuard,0.03573,,calculated
Surfshark,SystemPerformance,Load efficiency per mbps,OpenVPN (UDP),0.03181,,calculated
Surfshark,SystemPerformance,Load efficiency tier,Overall,tier_okay,4.00,editorial_default
Surfshark,SystemPerformance,Ram delta mb,Overall,366.7,,calculated
Surfshark,SystemPerformance,Ram delta mb,WireGuard,366.7,,calculated
Surfshark,SystemPerformance,Ram delta mb,OpenVPN (UDP),328.6,,calculated
Surfshark,SystemPerformance,Ram delta tier,Overall,tier_okay,0.00,editorial_default
Surfshark,ValueForMoney,_section_total,Overall,,7.30,calculated
Surfshark,ValueForMoney,Anonymous payments vfm,Overall,multiple,0.50,editorial_default
Surfshark,ValueForMoney,Clear cancellation,Overall,yes,0.50,editorial_default
Surfshark,ValueForMoney,Connection limit tier,Overall,unlimited,1.70,editorial_default
Surfshark,ValueForMoney,Country count,Overall,60_plus,,manual_admin
Surfshark,ValueForMoney,Free trial available,Overall,yes,0.40,manual_admin
Surfshark,ValueForMoney,Includes av,Overall,no,0.00,manual_admin
Surfshark,ValueForMoney,Includes dark web monitor,Overall,yes,0.30,editorial_default
Surfshark,ValueForMoney,Includes password manager,Overall,no,0.00,editorial_default
Surfshark,ValueForMoney,Intro lowest price tier,Overall,under_3_usd,1.00,editorial_default
Surfshark,ValueForMoney,Lowest price,Overall,<$5,1.20,comparitech_api
Surfshark,ValueForMoney,Money back duration,Overall,30_to_44,0.90,editorial_default
Surfshark,ValueForMoney,Money back guarantee,Overall,Yes,1.00,comparitech_api
Surfshark,ValueForMoney,Monthly price tier,Overall,over_14,0.00,editorial_default
Surfshark,ValueForMoney,Monthly pricing,Overall,<$10,1.20,comparitech_api
Surfshark,ValueForMoney,Pricing consistency,Overall,steep,0.40,editorial_default
Surfshark,ValueForMoney,Renewal lowest price tier,Overall,5_to_7,0.50,editorial_default
Surfshark,ValueForMoney,Sale frequency,Overall,frequently,1.20,comparitech_api
Surfshark,ValueForMoney,Static ip included,Overall,yes,0.30,editorial_default
Surfshark,ValueForMoney,Student discount,Overall,no,0.00,manual_admin
Surfshark,ValueForMoney,Subscription term count,Overall,three_plus,0.50,manual_admin
Surfshark,ValueForMoney,Traditional payments,Overall,multiple,0.30,editorial_default
Torguard,EaseOfUse,_section_total,Overall,,2.80,calculated
Torguard,EaseOfUse,Apps for major platforms,Overall,all_4,1.00,manual_admin
Torguard,EaseOfUse,Browser extensions,Overall,none,0.00,editorial_default
Torguard,EaseOfUse,Ease of cancellation,Overall,very_easy,0.40,editorial_default
Torguard,EaseOfUse,Linux support,Overall,app_with_gui,0.50,editorial_default
Torguard,EaseOfUse,Live chat quality,Overall,business_hours,0.40,editorial_default
Torguard,EaseOfUse,Quick connect,Overall,no,0.00,manual_admin
Torguard,EaseOfUse,Quick pick purpose,Overall,no,0.00,manual_admin
Torguard,EaseOfUse,Router support,Overall,app_or_firmware,0.50,editorial_default
Torguard,EaseOfUse,Streaming device apps eou,Overall,none,0.00,editorial_default
Torguard,EaseOfUse,Task specific servers,Overall,no,0.00,manual_admin
Torguard,Security,_section_total,Overall,,6.50,calculated
Torguard,Security,Anonymous payment,Overall,multiple,0.40,editorial_default
Torguard,Security,Authentication strength,Overall,sha384_or_higher,0.30,manual_admin
Torguard,Security,Dns leak pass rate,Overall,tier_pass,0.80,editorial_default
Torguard,Security,Encryption strength,Overall,aes_128_or_higher,0.60,manual_admin
Torguard,Security,Hq jurisdiction,Overall,inside_14_eyes,0.00,calculated
Torguard,Security,Independent audit,Overall,none,0.00,editorial_default
Torguard,Security,Ipv4 leak pass rate,Overall,tier_pass,0.30,editorial_default
Torguard,Security,Ipv6 leak pass rate,Overall,tier_pass,0.80,editorial_default
Torguard,Security,Kill switch effectiveness,Overall,effective,0.60,editorial_default
Torguard,Security,Modern protocols,Overall,has_modern,0.70,manual_admin
Torguard,Security,No logs policy status,Overall,logs_kept,0.00,editorial_default
Torguard,Security,Obfuscation available,Overall,yes,0.50,manual_admin
Torguard,Security,Perfect forward secrecy,Overall,yes,0.30,manual_admin
Torguard,Security,Restrictive region access,Overall,yes,0.30,editorial_default
Torguard,Security,Rsa key length,Overall,2048,0.10,manual_admin
Torguard,Security,Webrtc leak pass rate,Overall,tier_pass,0.80,editorial_default
Torguard,Speed,_section_total,Overall,,7.80,calculated
Torguard,Speed,_section_total_v3_global,Overall,,5.00,editorial_default
Torguard,Speed,_section_total_v3_uk,Overall,,5.00,editorial_default
Torguard,Speed,Connection time,Overall,tier_okay,0.05,editorial_default
Torguard,Speed,Download tier,Overall,tier_good,2.65,editorial_default
Torguard,Speed,Jitter tier,Overall,tier_good,0.20,editorial_default
Torguard,Speed,Latency tier,Overall,tier_good,1.50,editorial_default
Torguard,Speed,Long distance speed,Overall,tier_consistent,1.00,editorial_default
Torguard,Speed,Packet loss tier,Overall,tier_good,0.40,editorial_default
Torguard,Speed,Speed consistency,Overall,tier_consistent,1.00,editorial_default
Torguard,Speed,Upload tier,Overall,tier_good,1.00,editorial_default
Torguard,Streaming,_section_total,Overall,,0.60,calculated
Torguard,Streaming,Android tv app,Overall,,0.00,comparitech_api
Torguard,Streaming,Browser extensions,Overall,no,,editorial_default
Torguard,Streaming,Includes ad blocker,Overall,,0.00,comparitech_api
Torguard,Streaming,Number of locations in relevant country,Overall,<5,1.20,comparitech_api
Torguard,Streaming,Offers a smart dns service,Overall,,0.00,comparitech_api
Torguard,Streaming,Simultaneous stream capacity,Overall,4_plus,0.30,editorial_default
Torguard,Streaming,Streaming device apps,Overall,none,0.00,calculated
Torguard,Streaming,Streaming unblock toolkit,Overall,yes,0.30,editorial_default
Torguard,Streaming,Tier1 streaming,Overall,most_3_or_4,,editorial_default
Torguard,Streaming,Tier2 streaming,Overall,most_3_or_4,,editorial_default
Torguard,Streaming,Tier3 streaming,Overall,most_3_or_4,,editorial_default
Torguard,Streaming,Works in high censorship countries,Overall,,0.00,comparitech_api
Torguard,SystemPerformance,_section_total,Overall,,4.00,calculated
Torguard,SystemPerformance,Cpu tier,Overall,tier_okay,1.20,editorial_default
Torguard,SystemPerformance,Idle delta cpu tier,Overall,tier_okay,0.00,editorial_default
Torguard,SystemPerformance,Load efficiency tier,Overall,tier_okay,4.00,editorial_default
Torguard,SystemPerformance,Network overhead tier,Overall,tier_okay,1.00,editorial_default
Torguard,SystemPerformance,Ram delta tier,Overall,tier_okay,0.00,editorial_default
Torguard,SystemPerformance,Ram tier,Overall,tier_okay,1.20,editorial_default
Torguard,ValueForMoney,_section_total,Overall,,6.51,calculated
Torguard,ValueForMoney,Anonymous payments vfm,Overall,multiple,0.50,editorial_default
Torguard,ValueForMoney,Clear cancellation,Overall,yes,0.50,editorial_default
Torguard,ValueForMoney,Connection limit tier,Overall,6_to_10,0.91,editorial_default
Torguard,ValueForMoney,Country count,Overall,30_to_59,,manual_admin
Torguard,ValueForMoney,Free trial available,Overall,yes,0.40,manual_admin
Torguard,ValueForMoney,Includes av,Overall,no,0.00,manual_admin
Torguard,ValueForMoney,Includes dark web monitor,Overall,no,0.00,editorial_default
Torguard,ValueForMoney,Includes password manager,Overall,no,0.00,editorial_default
Torguard,ValueForMoney,Intro lowest price tier,Overall,3_to_5,0.70,editorial_default
Torguard,ValueForMoney,Money back duration,Overall,7_to_13,0.40,editorial_default
Torguard,ValueForMoney,Monthly price tier,Overall,10_to_12,0.70,editorial_default
Torguard,ValueForMoney,Pricing consistency,Overall,consistent,0.60,editorial_default
Torguard,ValueForMoney,Renewal lowest price tier,Overall,5_to_7,0.50,editorial_default
Torguard,ValueForMoney,Static ip included,Overall,yes,0.30,editorial_default
Torguard,ValueForMoney,Student discount,Overall,yes,0.20,manual_admin
Torguard,ValueForMoney,Subscription term count,Overall,three_plus,0.50,manual_admin
Torguard,ValueForMoney,Traditional payments,Overall,multiple,0.30,editorial_default
TunnelBear,EaseOfUse,_section_total,Overall,,4.40,calculated
TunnelBear,EaseOfUse,Apps for major platforms,Overall,all_4,1.00,manual_admin
TunnelBear,EaseOfUse,Browser extensions,Overall,1_plus,0.50,editorial_default
TunnelBear,EaseOfUse,Ease of cancellation,Overall,difficult,0.00,editorial_default
TunnelBear,EaseOfUse,Ease of signup,Overall,very_easy,0.70,manual_admin
TunnelBear,EaseOfUse,Knowledge base,Overall,comprehensive,0.40,manual_admin
TunnelBear,EaseOfUse,Linux support,Overall,app_with_gui,0.50,editorial_default
TunnelBear,EaseOfUse,Live chat quality,Overall,email_only,0.10,editorial_default
TunnelBear,EaseOfUse,Quick connect,Overall,yes,0.80,manual_admin
TunnelBear,EaseOfUse,Quick pick purpose,Overall,no,0.00,manual_admin
TunnelBear,EaseOfUse,Router support,Overall,none,0.00,editorial_default
TunnelBear,EaseOfUse,Setup guides,Overall,comprehensive,0.40,manual_admin
TunnelBear,EaseOfUse,Streaming device apps eou,Overall,none,0.00,editorial_default
TunnelBear,EaseOfUse,Task specific servers,Overall,no,0.00,manual_admin
TunnelBear,Security,_section_total,Overall,,6.40,calculated
TunnelBear,Security,Anonymous payment,Overall,none,0.00,editorial_default
TunnelBear,Security,Authentication strength,Overall,weaker,0.00,manual_admin
TunnelBear,Security,Dns leak pass rate,Overall,tier_pass,0.80,editorial_default
TunnelBear,Security,Encryption strength,Overall,aes_128_or_higher,0.60,manual_admin
TunnelBear,Security,Hq jurisdiction,Overall,inside_14_eyes,0.00,editorial_default
TunnelBear,Security,Independent audit,Overall,older,0.40,editorial_default
TunnelBear,Security,Ipv4 leak pass rate,Overall,tier_pass,0.30,editorial_default
TunnelBear,Security,Ipv6 leak pass rate,Overall,tier_pass,0.80,editorial_default
TunnelBear,Security,Kill switch effectiveness,Overall,effective,0.60,editorial_default
TunnelBear,Security,Modern protocols,Overall,has_modern,0.70,manual_admin
TunnelBear,Security,No logs policy status,Overall,claimed,0.50,editorial_default
TunnelBear,Security,Obfuscation available,Overall,yes,0.50,calculated
TunnelBear,Security,Perfect forward secrecy,Overall,yes,0.30,manual_admin
TunnelBear,Security,Restrictive region access,Overall,no,0.00,editorial_default
TunnelBear,Security,Rsa key length,Overall,2048,0.10,manual_admin
TunnelBear,Security,Webrtc leak pass rate,Overall,tier_pass,0.80,editorial_default
TunnelBear,Speed,_section_total,Overall,,7.80,calculated
TunnelBear,Speed,_section_total_v3_global,Overall,,5.00,editorial_default
TunnelBear,Speed,_section_total_v3_uk,Overall,,5.00,editorial_default
TunnelBear,Speed,Connection time,Overall,tier_okay,0.05,editorial_default
TunnelBear,Speed,Download tier,Overall,tier_good,2.65,editorial_default
TunnelBear,Speed,Jitter tier,Overall,tier_good,0.20,editorial_default
TunnelBear,Speed,Latency tier,Overall,tier_good,1.50,editorial_default
TunnelBear,Speed,Long distance speed,Overall,tier_consistent,1.00,editorial_default
TunnelBear,Speed,Packet loss tier,Overall,tier_good,0.40,editorial_default
TunnelBear,Speed,Speed consistency,Overall,tier_consistent,1.00,editorial_default
TunnelBear,Speed,Upload tier,Overall,tier_good,1.00,editorial_default
TunnelBear,Streaming,_section_total,Overall,,0.30,calculated
TunnelBear,Streaming,Android tv app,Overall,,0.00,comparitech_api
TunnelBear,Streaming,Browser extensions,Overall,yes,,editorial_default
TunnelBear,Streaming,Includes ad blocker,Overall,,0.00,comparitech_api
TunnelBear,Streaming,Number of locations in relevant country,Overall,<5,1.20,comparitech_api
TunnelBear,Streaming,Offers a smart dns service,Overall,,0.00,comparitech_api
TunnelBear,Streaming,Simultaneous stream capacity,Overall,4_plus,0.30,editorial_default
TunnelBear,Streaming,Streaming device apps,Overall,none,0.00,calculated
TunnelBear,Streaming,Streaming unblock toolkit,Overall,no,0.00,editorial_default
TunnelBear,Streaming,Tier1 streaming,Overall,most_3_or_4,,editorial_default
TunnelBear,Streaming,Tier2 streaming,Overall,most_3_or_4,,editorial_default
TunnelBear,Streaming,Tier3 streaming,Overall,most_3_or_4,,editorial_default
TunnelBear,Streaming,Works in high censorship countries,Overall,,0.00,comparitech_api
TunnelBear,SystemPerformance,_section_total,Overall,,4.00,calculated
TunnelBear,SystemPerformance,Cpu tier,Overall,tier_okay,1.20,editorial_default
TunnelBear,SystemPerformance,Idle delta cpu tier,Overall,tier_okay,0.00,editorial_default
TunnelBear,SystemPerformance,Load efficiency tier,Overall,tier_okay,4.00,editorial_default
TunnelBear,SystemPerformance,Network overhead tier,Overall,tier_okay,1.00,editorial_default
TunnelBear,SystemPerformance,Ram delta tier,Overall,tier_okay,0.00,editorial_default
TunnelBear,SystemPerformance,Ram tier,Overall,tier_okay,1.20,editorial_default
TunnelBear,ValueForMoney,_section_total,Overall,,6.10,calculated
TunnelBear,ValueForMoney,Anonymous payments vfm,Overall,none,0.00,editorial_default
TunnelBear,ValueForMoney,Clear cancellation,Overall,no,0.00,editorial_default
TunnelBear,ValueForMoney,Connection limit tier,Overall,unlimited,1.70,editorial_default
TunnelBear,ValueForMoney,Country count,Overall,30_to_59,,manual_admin
TunnelBear,ValueForMoney,Free trial available,Overall,yes,0.40,manual_admin
TunnelBear,ValueForMoney,Includes av,Overall,no,0.00,manual_admin
TunnelBear,ValueForMoney,Includes dark web monitor,Overall,no,0.00,editorial_default
TunnelBear,ValueForMoney,Includes password manager,Overall,no,0.00,editorial_default
TunnelBear,ValueForMoney,Intro lowest price tier,Overall,3_to_5,0.70,editorial_default
TunnelBear,ValueForMoney,Monthly price tier,Overall,under_10,1.00,editorial_default
TunnelBear,ValueForMoney,Pricing consistency,Overall,consistent,0.60,editorial_default
TunnelBear,ValueForMoney,Renewal lowest price tier,Overall,3_to_5,0.70,editorial_default
TunnelBear,ValueForMoney,Static ip included,Overall,no,0.00,editorial_default
TunnelBear,ValueForMoney,Student discount,Overall,yes,0.20,manual_admin
TunnelBear,ValueForMoney,Subscription term count,Overall,three_plus,0.50,manual_admin
TunnelBear,ValueForMoney,Traditional payments,Overall,multiple,0.30,editorial_default
TurboVPN,EaseOfUse,_section_total,Overall,,5.80,calculated
TurboVPN,EaseOfUse,Apps for major platforms,Overall,all_4,1.00,manual_admin
TurboVPN,EaseOfUse,Browser extensions,Overall,1_plus,0.50,editorial_default
TurboVPN,EaseOfUse,Ease of cancellation,Overall,moderate,0.20,editorial_default
TurboVPN,EaseOfUse,Ease of signup,Overall,very_easy,0.70,manual_admin
TurboVPN,EaseOfUse,Knowledge base,Overall,basic,0.20,manual_admin
TurboVPN,EaseOfUse,Linux support,Overall,app_with_gui,0.50,editorial_default
TurboVPN,EaseOfUse,Live chat quality,Overall,24_7,0.80,editorial_default
TurboVPN,EaseOfUse,Quick connect,Overall,yes,0.80,manual_admin
TurboVPN,EaseOfUse,Router support,Overall,none,0.00,editorial_default
TurboVPN,EaseOfUse,Setup guides,Overall,comprehensive,0.40,manual_admin
TurboVPN,EaseOfUse,Streaming device apps eou,Overall,1,0.30,editorial_default
TurboVPN,EaseOfUse,Task specific servers,Overall,yes,0.40,manual_admin
TurboVPN,Security,_section_total,Overall,,6.50,calculated
TurboVPN,Security,Anonymous payment,Overall,multiple,0.40,editorial_default
TurboVPN,Security,Authentication strength,Overall,weaker,0.00,manual_admin
TurboVPN,Security,Dns leak pass rate,Overall,tier_pass,0.80,editorial_default
TurboVPN,Security,Encryption strength,Overall,aes_128_or_higher,0.60,calculated
TurboVPN,Security,Hq jurisdiction,Overall,outside_14_eyes,0.50,calculated
TurboVPN,Security,Independent audit,Overall,none,0.00,editorial_default
TurboVPN,Security,Ipv4 leak pass rate,Overall,tier_pass,0.30,editorial_default
TurboVPN,Security,Ipv6 leak pass rate,Overall,tier_pass,0.80,editorial_default
TurboVPN,Security,Kill switch effectiveness,Overall,effective,0.60,editorial_default
TurboVPN,Security,Modern protocols,Overall,has_modern,0.70,calculated
TurboVPN,Security,No logs policy status,Overall,logs_kept,0.00,editorial_default
TurboVPN,Security,Obfuscation available,Overall,yes,0.50,calculated
TurboVPN,Security,Perfect forward secrecy,Overall,yes,0.30,manual_admin
TurboVPN,Security,Restrictive region access,Overall,no,0.00,editorial_default
TurboVPN,Security,Rsa key length,Overall,4096_plus,0.20,manual_admin
TurboVPN,Security,Webrtc leak pass rate,Overall,tier_pass,0.80,editorial_default
TurboVPN,Speed,_section_total,Overall,,7.80,calculated
TurboVPN,Speed,_section_total_v3_global,Overall,,5.00,editorial_default
TurboVPN,Speed,_section_total_v3_uk,Overall,,5.00,editorial_default
TurboVPN,Speed,Connection time,Overall,tier_okay,0.05,editorial_default
TurboVPN,Speed,Download tier,Overall,tier_good,2.65,editorial_default
TurboVPN,Speed,Jitter tier,Overall,tier_good,0.20,editorial_default
TurboVPN,Speed,Latency tier,Overall,tier_good,1.50,editorial_default
TurboVPN,Speed,Long distance speed,Overall,tier_consistent,1.00,editorial_default
TurboVPN,Speed,Packet loss tier,Overall,tier_good,0.40,editorial_default
TurboVPN,Speed,Speed consistency,Overall,tier_consistent,1.00,editorial_default
TurboVPN,Speed,Upload tier,Overall,tier_good,1.00,editorial_default
TurboVPN,Streaming,_section_total,Overall,,0.45,calculated
TurboVPN,Streaming,Android tv app,Overall,,0.00,comparitech_api
TurboVPN,Streaming,Browser extensions,Overall,yes,,editorial_default
TurboVPN,Streaming,Includes ad blocker,Overall,,0.00,comparitech_api
TurboVPN,Streaming,Number of locations in relevant country,Overall,<5,1.20,comparitech_api
TurboVPN,Streaming,Offers a smart dns service,Overall,,0.00,comparitech_api
TurboVPN,Streaming,Simultaneous stream capacity,Overall,under_4,0.15,editorial_default
TurboVPN,Streaming,Streaming device apps,Overall,none,0.00,calculated
TurboVPN,Streaming,Streaming unblock toolkit,Overall,yes,0.30,editorial_default
TurboVPN,Streaming,Tier1 streaming,Overall,most_3_or_4,,editorial_default
TurboVPN,Streaming,Tier2 streaming,Overall,most_3_or_4,,editorial_default
TurboVPN,Streaming,Tier3 streaming,Overall,most_3_or_4,,editorial_default
TurboVPN,Streaming,Works in high censorship countries,Overall,,0.00,comparitech_api
TurboVPN,SystemPerformance,_section_total,Overall,,4.00,calculated
TurboVPN,SystemPerformance,Cpu tier,Overall,tier_okay,1.20,editorial_default
TurboVPN,SystemPerformance,Idle delta cpu tier,Overall,tier_okay,0.00,editorial_default
TurboVPN,SystemPerformance,Load efficiency tier,Overall,tier_okay,4.00,editorial_default
TurboVPN,SystemPerformance,Network overhead tier,Overall,tier_okay,1.00,editorial_default
TurboVPN,SystemPerformance,Ram delta tier,Overall,tier_okay,0.00,editorial_default
TurboVPN,SystemPerformance,Ram tier,Overall,tier_okay,1.20,editorial_default
TurboVPN,ValueForMoney,_section_total,Overall,,6.70,calculated
TurboVPN,ValueForMoney,Anonymous payments vfm,Overall,multiple,0.50,editorial_default
TurboVPN,ValueForMoney,Clear cancellation,Overall,yes,0.50,editorial_default
TurboVPN,ValueForMoney,Connection limit tier,Overall,,,editorial_default
TurboVPN,ValueForMoney,Country count,Overall,under_30,,manual_admin
TurboVPN,ValueForMoney,Free trial available,Overall,yes,0.40,manual_admin
TurboVPN,ValueForMoney,Includes av,Overall,no,0.00,manual_admin
TurboVPN,ValueForMoney,Includes dark web monitor,Overall,no,0.00,editorial_default
TurboVPN,ValueForMoney,Includes password manager,Overall,no,0.00,editorial_default
TurboVPN,ValueForMoney,Intro lowest price tier,Overall,under_3_usd,1.00,editorial_default
TurboVPN,ValueForMoney,Money back duration,Overall,30_to_44,0.90,editorial_default
TurboVPN,ValueForMoney,Monthly price tier,Overall,10_to_12,0.70,editorial_default
TurboVPN,ValueForMoney,Pricing consistency,Overall,consistent,0.60,editorial_default
TurboVPN,ValueForMoney,Renewal lowest price tier,Overall,under_3_usd,1.00,editorial_default
TurboVPN,ValueForMoney,Static ip included,Overall,yes,0.30,editorial_default
TurboVPN,ValueForMoney,Student discount,Overall,no,0.00,manual_admin
TurboVPN,ValueForMoney,Subscription term count,Overall,three_plus,0.50,manual_admin
TurboVPN,ValueForMoney,Traditional payments,Overall,multiple,0.30,editorial_default
Ultrasurf,EaseOfUse,_section_total,Overall,,1.20,calculated
Ultrasurf,EaseOfUse,Ease of cancellation,Overall,none,,manual_admin
Ultrasurf,EaseOfUse,Ease of signup,Overall,very_easy,0.70,manual_admin
Ultrasurf,EaseOfUse,Knowledge base,Overall,basic,0.20,manual_admin
Ultrasurf,EaseOfUse,Linux support,Overall,none,0.00,manual_admin
Ultrasurf,EaseOfUse,Live chat quality,Overall,email_only,0.10,manual_admin
Ultrasurf,EaseOfUse,Quick connect,Overall,no,0.00,manual_admin
Ultrasurf,EaseOfUse,Quick pick purpose,Overall,no,0.00,manual_admin
Ultrasurf,EaseOfUse,Router support,Overall,none,0.00,manual_admin
Ultrasurf,EaseOfUse,Setup guides,Overall,partial,0.20,manual_admin
Ultrasurf,EaseOfUse,Task specific servers,Overall,no,0.00,manual_admin
Ultrasurf,Security,_section_total,Overall,,4.10,calculated
Ultrasurf,Security,Dns leak pass rate,Overall,tier_pass,0.80,editorial_default
Ultrasurf,Security,Hq jurisdiction,Overall,inside_14_eyes,0.00,calculated
Ultrasurf,Security,Ipv4 leak pass rate,Overall,tier_pass,0.30,editorial_default
Ultrasurf,Security,Ipv6 leak pass rate,Overall,tier_pass,0.80,editorial_default
Ultrasurf,Security,Kill switch effectiveness,Overall,effective,0.60,editorial_default
Ultrasurf,Security,Modern protocols,Overall,openvpn_only,0.30,calculated
Ultrasurf,Security,Obfuscation available,Overall,yes,0.50,calculated
Ultrasurf,Security,Perfect forward secrecy,Overall,no,0.00,calculated
Ultrasurf,Security,Webrtc leak pass rate,Overall,tier_pass,0.80,editorial_default
Ultrasurf,Speed,_section_total,Overall,,7.80,calculated
Ultrasurf,Speed,_section_total_v3_global,Overall,,5.00,editorial_default
Ultrasurf,Speed,_section_total_v3_uk,Overall,,5.00,editorial_default
Ultrasurf,Speed,Connection time,Overall,tier_okay,0.05,editorial_default
Ultrasurf,Speed,Download tier,Overall,tier_good,2.65,editorial_default
Ultrasurf,Speed,Jitter tier,Overall,tier_good,0.20,editorial_default
Ultrasurf,Speed,Latency tier,Overall,tier_good,1.50,editorial_default
Ultrasurf,Speed,Long distance speed,Overall,tier_consistent,1.00,editorial_default
Ultrasurf,Speed,Packet loss tier,Overall,tier_good,0.40,editorial_default
Ultrasurf,Speed,Speed consistency,Overall,tier_consistent,1.00,editorial_default
Ultrasurf,Speed,Upload tier,Overall,tier_good,1.00,editorial_default
Ultrasurf,Streaming,_section_total,Overall,,0.30,calculated
Ultrasurf,Streaming,Android tv app,Overall,,0.00,comparitech_api
Ultrasurf,Streaming,Includes ad blocker,Overall,,0.00,comparitech_api
Ultrasurf,Streaming,Number of locations in relevant country,Overall,<5,1.20,comparitech_api
Ultrasurf,Streaming,Offers a smart dns service,Overall,,0.00,comparitech_api
Ultrasurf,Streaming,Simultaneous stream capacity,Overall,4_plus,0.30,editorial_default
Ultrasurf,Streaming,Streaming device apps,Overall,none,0.00,calculated
Ultrasurf,Streaming,Streaming unblock toolkit,Overall,no,0.00,editorial_default
Ultrasurf,Streaming,Tier1 streaming,Overall,most_3_or_4,,editorial_default
Ultrasurf,Streaming,Tier2 streaming,Overall,most_3_or_4,,editorial_default
Ultrasurf,Streaming,Tier3 streaming,Overall,most_3_or_4,,editorial_default
Ultrasurf,Streaming,Works in high censorship countries,Overall,,0.00,comparitech_api
Ultrasurf,SystemPerformance,_section_total,Overall,,4.00,calculated
Ultrasurf,SystemPerformance,Cpu tier,Overall,tier_okay,1.20,editorial_default
Ultrasurf,SystemPerformance,Idle delta cpu tier,Overall,tier_okay,0.00,editorial_default
Ultrasurf,SystemPerformance,Load efficiency tier,Overall,tier_okay,4.00,editorial_default
Ultrasurf,SystemPerformance,Network overhead tier,Overall,tier_okay,1.00,editorial_default
Ultrasurf,SystemPerformance,Ram delta tier,Overall,tier_okay,0.00,editorial_default
Ultrasurf,SystemPerformance,Ram tier,Overall,tier_okay,1.20,editorial_default
Ultrasurf,ValueForMoney,_section_total,Overall,,1.01,calculated
Ultrasurf,ValueForMoney,Connection limit tier,Overall,6_to_10,0.91,editorial_default
Ultrasurf,ValueForMoney,Country count,Overall,30_to_59,,manual_admin
Ultrasurf,ValueForMoney,Free trial available,Overall,no,0.00,manual_admin
Ultrasurf,ValueForMoney,Includes av,Overall,no,0.00,manual_admin
Ultrasurf,ValueForMoney,Student discount,Overall,no,0.00,manual_admin
Ultrasurf,ValueForMoney,Subscription term count,Overall,one,0.10,manual_admin
Unblock VPN,EaseOfUse,_section_total,Overall,,0.80,calculated
Unblock VPN,EaseOfUse,Browser extensions,Overall,none,0.00,editorial_default
Unblock VPN,EaseOfUse,Ease of cancellation,Overall,moderate,0.20,editorial_default
Unblock VPN,EaseOfUse,Linux support,Overall,app_with_gui,0.50,editorial_default
Unblock VPN,EaseOfUse,Live chat quality,Overall,email_only,0.10,editorial_default
Unblock VPN,EaseOfUse,Router support,Overall,none,0.00,editorial_default
Unblock VPN,EaseOfUse,Streaming device apps eou,Overall,none,0.00,editorial_default
Unblock VPN,Security,_section_total,Overall,,5.10,calculated
Unblock VPN,Security,Anonymous payment,Overall,none,0.00,editorial_default
Unblock VPN,Security,Dns leak pass rate,Overall,tier_pass,0.80,editorial_default
Unblock VPN,Security,Encryption strength,Overall,aes_128_or_higher,0.60,calculated
Unblock VPN,Security,Hq jurisdiction,Overall,outside_14_eyes,0.50,calculated
Unblock VPN,Security,Independent audit,Overall,none,0.00,editorial_default
Unblock VPN,Security,Ipv4 leak pass rate,Overall,tier_pass,0.30,editorial_default
Unblock VPN,Security,Ipv6 leak pass rate,Overall,tier_pass,0.80,editorial_default
Unblock VPN,Security,Kill switch effectiveness,Overall,effective,0.60,editorial_default
Unblock VPN,Security,Modern protocols,Overall,has_modern,0.70,manual_admin
Unblock VPN,Security,No logs policy status,Overall,logs_kept,0.00,editorial_default
Unblock VPN,Security,Obfuscation available,Overall,no,0.00,calculated
Unblock VPN,Security,Restrictive region access,Overall,no,0.00,editorial_default
Unblock VPN,Security,Webrtc leak pass rate,Overall,tier_pass,0.80,editorial_default
Unblock VPN,Speed,_section_total,Overall,,7.80,calculated
Unblock VPN,Speed,_section_total_v3_global,Overall,,5.00,editorial_default
Unblock VPN,Speed,_section_total_v3_uk,Overall,,5.00,editorial_default
Unblock VPN,Speed,Connection time,Overall,tier_okay,0.05,editorial_default
Unblock VPN,Speed,Download tier,Overall,tier_good,2.65,editorial_default
Unblock VPN,Speed,Jitter tier,Overall,tier_good,0.20,editorial_default
Unblock VPN,Speed,Latency tier,Overall,tier_good,1.50,editorial_default
Unblock VPN,Speed,Long distance speed,Overall,tier_consistent,1.00,editorial_default
Unblock VPN,Speed,Packet loss tier,Overall,tier_good,0.40,editorial_default
Unblock VPN,Speed,Speed consistency,Overall,tier_consistent,1.00,editorial_default
Unblock VPN,Speed,Upload tier,Overall,tier_good,1.00,editorial_default
Unblock VPN,Streaming,_section_total,Overall,,0.60,calculated
Unblock VPN,Streaming,Android tv app,Overall,,0.00,comparitech_api
Unblock VPN,Streaming,Browser extensions,Overall,no,,editorial_default
Unblock VPN,Streaming,Includes ad blocker,Overall,,0.00,comparitech_api
Unblock VPN,Streaming,Number of locations in relevant country,Overall,<5,1.20,comparitech_api
Unblock VPN,Streaming,Offers a smart dns service,Overall,,0.00,comparitech_api
Unblock VPN,Streaming,Simultaneous stream capacity,Overall,4_plus,0.30,editorial_default
Unblock VPN,Streaming,Streaming device apps,Overall,none,0.00,calculated
Unblock VPN,Streaming,Streaming unblock toolkit,Overall,yes,0.30,editorial_default
Unblock VPN,Streaming,Tier1 streaming,Overall,most_3_or_4,,editorial_default
Unblock VPN,Streaming,Tier2 streaming,Overall,most_3_or_4,,editorial_default
Unblock VPN,Streaming,Tier3 streaming,Overall,most_3_or_4,,editorial_default
Unblock VPN,Streaming,Works in high censorship countries,Overall,,0.00,comparitech_api
Unblock VPN,SystemPerformance,_section_total,Overall,,4.00,calculated
Unblock VPN,SystemPerformance,Cpu tier,Overall,tier_okay,1.20,editorial_default
Unblock VPN,SystemPerformance,Idle delta cpu tier,Overall,tier_okay,0.00,editorial_default
Unblock VPN,SystemPerformance,Load efficiency tier,Overall,tier_okay,4.00,editorial_default
Unblock VPN,SystemPerformance,Network overhead tier,Overall,tier_okay,1.00,editorial_default
Unblock VPN,SystemPerformance,Ram delta tier,Overall,tier_okay,0.00,editorial_default
Unblock VPN,SystemPerformance,Ram tier,Overall,tier_okay,1.20,editorial_default
Unblock VPN,ValueForMoney,_section_total,Overall,,5.46,calculated
Unblock VPN,ValueForMoney,Anonymous payments vfm,Overall,none,0.00,editorial_default
Unblock VPN,ValueForMoney,Clear cancellation,Overall,yes,0.50,editorial_default
Unblock VPN,ValueForMoney,Connection limit tier,Overall,10_plus,1.36,editorial_default
Unblock VPN,ValueForMoney,Country count,Overall,30_to_59,,manual_admin
Unblock VPN,ValueForMoney,Free trial available,Overall,yes,0.40,manual_admin
Unblock VPN,ValueForMoney,Includes av,Overall,no,0.00,manual_admin
Unblock VPN,ValueForMoney,Includes dark web monitor,Overall,no,0.00,editorial_default
Unblock VPN,ValueForMoney,Includes password manager,Overall,no,0.00,editorial_default
Unblock VPN,ValueForMoney,Intro lowest price tier,Overall,3_to_5,0.70,editorial_default
Unblock VPN,ValueForMoney,Money back duration,Overall,30_to_44,0.90,editorial_default
Unblock VPN,ValueForMoney,Monthly price tier,Overall,12_to_14,0.40,editorial_default
Unblock VPN,ValueForMoney,Pricing consistency,Overall,consistent,0.60,editorial_default
Unblock VPN,ValueForMoney,Student discount,Overall,no,0.00,manual_admin
Unblock VPN,ValueForMoney,Subscription term count,Overall,two,0.30,manual_admin
Unblock VPN,ValueForMoney,Traditional payments,Overall,multiple,0.30,editorial_default
Unlocator VPN,EaseOfUse,_section_total,Overall,,4.10,calculated
Unlocator VPN,EaseOfUse,Apps for major platforms,Overall,all_4,1.00,manual_admin
Unlocator VPN,EaseOfUse,Browser extensions,Overall,none,0.00,editorial_default
Unlocator VPN,EaseOfUse,Ease of cancellation,Overall,very_easy,0.40,editorial_default
Unlocator VPN,EaseOfUse,Linux support,Overall,app_with_gui,0.50,editorial_default
Unlocator VPN,EaseOfUse,Live chat quality,Overall,business_hours,0.40,editorial_default
Unlocator VPN,EaseOfUse,Quick connect,Overall,yes,0.80,manual_admin
Unlocator VPN,EaseOfUse,Quick pick purpose,Overall,no,0.00,manual_admin
Unlocator VPN,EaseOfUse,Router support,Overall,app_or_firmware,0.50,editorial_default
Unlocator VPN,EaseOfUse,Streaming device apps eou,Overall,2_plus,0.50,editorial_default
Unlocator VPN,EaseOfUse,Task specific servers,Overall,no,0.00,manual_admin
Unlocator VPN,Security,_section_total,Overall,,5.00,calculated
Unlocator VPN,Security,Anonymous payment,Overall,none,0.00,editorial_default
Unlocator VPN,Security,Authentication strength,Overall,weaker,0.00,manual_admin
Unlocator VPN,Security,Dns leak pass rate,Overall,tier_pass,0.80,editorial_default
Unlocator VPN,Security,Encryption strength,Overall,aes_128_or_higher,0.60,calculated
Unlocator VPN,Security,Hq jurisdiction,Overall,inside_14_eyes,0.00,calculated
Unlocator VPN,Security,Independent audit,Overall,none,0.00,editorial_default
Unlocator VPN,Security,Ipv4 leak pass rate,Overall,tier_pass,0.30,editorial_default
Unlocator VPN,Security,Ipv6 leak pass rate,Overall,tier_pass,0.80,editorial_default
Unlocator VPN,Security,Kill switch effectiveness,Overall,effective,0.60,editorial_default
Unlocator VPN,Security,Modern protocols,Overall,has_modern,0.70,manual_admin
Unlocator VPN,Security,No logs policy status,Overall,logs_kept,0.00,editorial_default
Unlocator VPN,Security,Obfuscation available,Overall,no,0.00,calculated
Unlocator VPN,Security,Perfect forward secrecy,Overall,yes,0.30,calculated
Unlocator VPN,Security,Rsa key length,Overall,2048,0.10,manual_admin
Unlocator VPN,Security,Webrtc leak pass rate,Overall,tier_pass,0.80,editorial_default
Unlocator VPN,Speed,_section_total,Overall,,7.80,calculated
Unlocator VPN,Speed,_section_total_v3_global,Overall,,5.00,editorial_default
Unlocator VPN,Speed,_section_total_v3_uk,Overall,,5.00,editorial_default
Unlocator VPN,Speed,Connection time,Overall,tier_okay,0.05,editorial_default
Unlocator VPN,Speed,Download tier,Overall,tier_good,2.65,editorial_default
Unlocator VPN,Speed,Jitter tier,Overall,tier_good,0.20,editorial_default
Unlocator VPN,Speed,Latency tier,Overall,tier_good,1.50,editorial_default
Unlocator VPN,Speed,Long distance speed,Overall,tier_consistent,1.00,editorial_default
Unlocator VPN,Speed,Packet loss tier,Overall,tier_good,0.40,editorial_default
Unlocator VPN,Speed,Speed consistency,Overall,tier_consistent,1.00,editorial_default
Unlocator VPN,Speed,Upload tier,Overall,tier_good,1.00,editorial_default
Unlocator VPN,Streaming,_section_total,Overall,,0.60,calculated
Unlocator VPN,Streaming,Android tv app,Overall,,0.00,comparitech_api
Unlocator VPN,Streaming,Browser extensions,Overall,no,,editorial_default
Unlocator VPN,Streaming,Includes ad blocker,Overall,,0.00,comparitech_api
Unlocator VPN,Streaming,Number of locations in relevant country,Overall,<5,1.20,comparitech_api
Unlocator VPN,Streaming,Offers a smart dns service,Overall,,0.00,comparitech_api
Unlocator VPN,Streaming,Simultaneous stream capacity,Overall,4_plus,0.30,editorial_default
Unlocator VPN,Streaming,Streaming device apps,Overall,none,0.00,calculated
Unlocator VPN,Streaming,Streaming unblock toolkit,Overall,yes,0.30,editorial_default
Unlocator VPN,Streaming,Tier1 streaming,Overall,most_3_or_4,,editorial_default
Unlocator VPN,Streaming,Tier2 streaming,Overall,most_3_or_4,,editorial_default
Unlocator VPN,Streaming,Tier3 streaming,Overall,most_3_or_4,,editorial_default
Unlocator VPN,Streaming,Works in high censorship countries,Overall,,0.00,comparitech_api
Unlocator VPN,SystemPerformance,_section_total,Overall,,4.00,calculated
Unlocator VPN,SystemPerformance,Cpu tier,Overall,tier_okay,1.20,editorial_default
Unlocator VPN,SystemPerformance,Idle delta cpu tier,Overall,tier_okay,0.00,editorial_default
Unlocator VPN,SystemPerformance,Load efficiency tier,Overall,tier_okay,4.00,editorial_default
Unlocator VPN,SystemPerformance,Network overhead tier,Overall,tier_okay,1.00,editorial_default
Unlocator VPN,SystemPerformance,Ram delta tier,Overall,tier_okay,0.00,editorial_default
Unlocator VPN,SystemPerformance,Ram tier,Overall,tier_okay,1.20,editorial_default
Unlocator VPN,ValueForMoney,_section_total,Overall,,6.66,calculated
Unlocator VPN,ValueForMoney,Anonymous payments vfm,Overall,none,0.00,editorial_default
Unlocator VPN,ValueForMoney,Clear cancellation,Overall,yes,0.50,editorial_default
Unlocator VPN,ValueForMoney,Connection limit tier,Overall,10_plus,1.36,editorial_default
Unlocator VPN,ValueForMoney,Country count,Overall,30_to_59,,manual_admin
Unlocator VPN,ValueForMoney,Free trial available,Overall,yes,0.40,manual_admin
Unlocator VPN,ValueForMoney,Includes av,Overall,no,0.00,manual_admin
Unlocator VPN,ValueForMoney,Includes dark web monitor,Overall,no,0.00,editorial_default
Unlocator VPN,ValueForMoney,Includes password manager,Overall,no,0.00,editorial_default
Unlocator VPN,ValueForMoney,Intro lowest price tier,Overall,3_to_5,0.70,editorial_default
Unlocator VPN,ValueForMoney,Money back duration,Overall,30_to_44,0.90,editorial_default
Unlocator VPN,ValueForMoney,Monthly price tier,Overall,10_to_12,0.70,editorial_default
Unlocator VPN,ValueForMoney,Pricing consistency,Overall,consistent,0.60,editorial_default
Unlocator VPN,ValueForMoney,Renewal lowest price tier,Overall,3_to_5,0.70,editorial_default
Unlocator VPN,ValueForMoney,Static ip included,Overall,no,0.00,editorial_default
Unlocator VPN,ValueForMoney,Student discount,Overall,no,0.00,manual_admin
Unlocator VPN,ValueForMoney,Subscription term count,Overall,three_plus,0.50,manual_admin
Unlocator VPN,ValueForMoney,Traditional payments,Overall,multiple,0.30,editorial_default
VeePN,EaseOfUse,_section_total,Overall,,6.22,calculated
VeePN,EaseOfUse,Apps for major platforms,Overall,all_4,1.00,manual_admin
VeePN,EaseOfUse,Browser extensions,Overall,1_plus,0.50,editorial_default
VeePN,EaseOfUse,Ease of cancellation,Overall,very_easy,0.40,editorial_default
VeePN,EaseOfUse,Ease of signup,Overall,moderate,0.42,manual_admin
VeePN,EaseOfUse,Knowledge base,Overall,comprehensive,0.40,manual_admin
VeePN,EaseOfUse,Linux support,Overall,app_with_gui,0.50,editorial_default
VeePN,EaseOfUse,Live chat quality,Overall,24_7,0.80,editorial_default
VeePN,EaseOfUse,Quick connect,Overall,yes,0.80,manual_admin
VeePN,EaseOfUse,Quick pick purpose,Overall,no,0.00,manual_admin
VeePN,EaseOfUse,Router support,Overall,app_or_firmware,0.50,editorial_default
VeePN,EaseOfUse,Setup guides,Overall,comprehensive,0.40,manual_admin
VeePN,EaseOfUse,Streaming device apps eou,Overall,2_plus,0.50,editorial_default
VeePN,EaseOfUse,Task specific servers,Overall,no,0.00,manual_admin
VeePN,Security,_section_total,Overall,,6.70,calculated
VeePN,Security,Anonymous payment,Overall,multiple,0.40,editorial_default
VeePN,Security,Authentication strength,Overall,sha384_or_higher,0.30,manual_admin
VeePN,Security,Dns leak pass rate,Overall,tier_pass,0.80,editorial_default
VeePN,Security,Encryption strength,Overall,aes_128_or_higher,0.60,manual_admin
VeePN,Security,Hq jurisdiction,Overall,outside_14_eyes,0.50,calculated
VeePN,Security,Independent audit,Overall,none,0.00,editorial_default
VeePN,Security,Ipv4 leak pass rate,Overall,tier_pass,0.30,editorial_default
VeePN,Security,Ipv6 leak pass rate,Overall,tier_pass,0.80,editorial_default
VeePN,Security,Kill switch effectiveness,Overall,effective,0.60,editorial_default
VeePN,Security,Modern protocols,Overall,has_modern,0.70,manual_admin
VeePN,Security,No logs policy status,Overall,logs_kept,0.00,editorial_default
VeePN,Security,Obfuscation available,Overall,yes,0.50,calculated
VeePN,Security,Perfect forward secrecy,Overall,yes,0.30,calculated
VeePN,Security,Rsa key length,Overall,2048,0.10,manual_admin
VeePN,Security,Webrtc leak pass rate,Overall,tier_pass,0.80,editorial_default
VeePN,Speed,_section_total,Overall,,7.80,calculated
VeePN,Speed,_section_total_v3_global,Overall,,5.00,editorial_default
VeePN,Speed,_section_total_v3_uk,Overall,,5.00,editorial_default
VeePN,Speed,Connection time,Overall,tier_okay,0.05,editorial_default
VeePN,Speed,Download tier,Overall,tier_good,2.65,editorial_default
VeePN,Speed,Jitter tier,Overall,tier_good,0.20,editorial_default
VeePN,Speed,Latency tier,Overall,tier_good,1.50,editorial_default
VeePN,Speed,Long distance speed,Overall,tier_consistent,1.00,editorial_default
VeePN,Speed,Packet loss tier,Overall,tier_good,0.40,editorial_default
VeePN,Speed,Speed consistency,Overall,tier_consistent,1.00,editorial_default
VeePN,Speed,Upload tier,Overall,tier_good,1.00,editorial_default
VeePN,Streaming,_section_total,Overall,,0.45,calculated
VeePN,Streaming,Android tv app,Overall,,0.00,comparitech_api
VeePN,Streaming,Browser extensions,Overall,yes,,editorial_default
VeePN,Streaming,Includes ad blocker,Overall,,0.00,comparitech_api
VeePN,Streaming,Number of locations in relevant country,Overall,<5,1.20,comparitech_api
VeePN,Streaming,Offers a smart dns service,Overall,,0.00,comparitech_api
VeePN,Streaming,Simultaneous stream capacity,Overall,under_4,0.15,editorial_default
VeePN,Streaming,Streaming device apps,Overall,none,0.00,calculated
VeePN,Streaming,Streaming unblock toolkit,Overall,yes,0.30,editorial_default
VeePN,Streaming,Tier1 streaming,Overall,most_3_or_4,,editorial_default
VeePN,Streaming,Tier2 streaming,Overall,most_3_or_4,,editorial_default
VeePN,Streaming,Tier3 streaming,Overall,most_3_or_4,,editorial_default
VeePN,Streaming,Works in high censorship countries,Overall,,0.00,comparitech_api
VeePN,SystemPerformance,_section_total,Overall,,4.00,calculated
VeePN,SystemPerformance,Cpu tier,Overall,tier_okay,1.20,editorial_default
VeePN,SystemPerformance,Idle delta cpu tier,Overall,tier_okay,0.00,editorial_default
VeePN,SystemPerformance,Load efficiency tier,Overall,tier_okay,4.00,editorial_default
VeePN,SystemPerformance,Network overhead tier,Overall,tier_okay,1.00,editorial_default
VeePN,SystemPerformance,Ram delta tier,Overall,tier_okay,0.00,editorial_default
VeePN,SystemPerformance,Ram tier,Overall,tier_okay,1.20,editorial_default
VeePN,ValueForMoney,_section_total,Overall,,6.00,calculated
VeePN,ValueForMoney,Anonymous payments vfm,Overall,multiple,0.50,editorial_default
VeePN,ValueForMoney,Clear cancellation,Overall,yes,0.50,editorial_default
VeePN,ValueForMoney,Connection limit tier,Overall,,,editorial_default
VeePN,ValueForMoney,Country count,Overall,30_to_59,,manual_admin
VeePN,ValueForMoney,Free trial available,Overall,yes,0.40,manual_admin
VeePN,ValueForMoney,Includes av,Overall,no,0.00,manual_admin
VeePN,ValueForMoney,Includes dark web monitor,Overall,no,0.00,editorial_default
VeePN,ValueForMoney,Includes password manager,Overall,yes,0.30,editorial_default
VeePN,ValueForMoney,Intro lowest price tier,Overall,under_3_usd,1.00,editorial_default
VeePN,ValueForMoney,Money back duration,Overall,30_to_44,0.90,editorial_default
VeePN,ValueForMoney,Monthly price tier,Overall,over_14,0.00,editorial_default
VeePN,ValueForMoney,Pricing consistency,Overall,consistent,0.60,editorial_default
VeePN,ValueForMoney,Renewal lowest price tier,Overall,under_3_usd,1.00,editorial_default
VeePN,ValueForMoney,Static ip included,Overall,no,0.00,editorial_default
VeePN,ValueForMoney,Student discount,Overall,no,0.00,manual_admin
VeePN,ValueForMoney,Subscription term count,Overall,three_plus,0.50,manual_admin
VeePN,ValueForMoney,Traditional payments,Overall,multiple,0.30,editorial_default
VPN Proxy Master,EaseOfUse,_section_total,Overall,,5.10,calculated
VPN Proxy Master,EaseOfUse,Apps for major platforms,Overall,all_4,1.00,manual_admin
VPN Proxy Master,EaseOfUse,Browser extensions,Overall,1_plus,0.50,editorial_default
VPN Proxy Master,EaseOfUse,Ease of cancellation,Overall,moderate,0.20,editorial_default
VPN Proxy Master,EaseOfUse,Ease of signup,Overall,very_easy,0.70,manual_admin
VPN Proxy Master,EaseOfUse,Knowledge base,Overall,comprehensive,0.40,manual_admin
VPN Proxy Master,EaseOfUse,Linux support,Overall,none,0.00,editorial_default
VPN Proxy Master,EaseOfUse,Live chat quality,Overall,business_hours,0.40,editorial_default
VPN Proxy Master,EaseOfUse,Quick connect,Overall,yes,0.80,manual_admin
VPN Proxy Master,EaseOfUse,Router support,Overall,none,0.00,editorial_default
VPN Proxy Master,EaseOfUse,Setup guides,Overall,partial,0.20,manual_admin
VPN Proxy Master,EaseOfUse,Streaming device apps eou,Overall,2_plus,0.50,editorial_default
VPN Proxy Master,EaseOfUse,Task specific servers,Overall,yes,0.40,manual_admin
VPN Proxy Master,Security,_section_total,Overall,,5.80,calculated
VPN Proxy Master,Security,Anonymous payment,Overall,multiple,0.40,editorial_default
VPN Proxy Master,Security,Authentication strength,Overall,weaker,0.00,manual_admin
VPN Proxy Master,Security,Dns leak pass rate,Overall,tier_pass,0.80,editorial_default
VPN Proxy Master,Security,Encryption strength,Overall,aes_128_or_higher,0.60,manual_admin
VPN Proxy Master,Security,Hq jurisdiction,Overall,outside_14_eyes,0.50,calculated
VPN Proxy Master,Security,Independent audit,Overall,none,0.00,editorial_default
VPN Proxy Master,Security,Ipv4 leak pass rate,Overall,tier_pass,0.30,editorial_default
VPN Proxy Master,Security,Ipv6 leak pass rate,Overall,tier_pass,0.80,editorial_default
VPN Proxy Master,Security,Kill switch effectiveness,Overall,effective,0.60,editorial_default
VPN Proxy Master,Security,Modern protocols,Overall,has_modern,0.70,manual_admin
VPN Proxy Master,Security,No logs policy status,Overall,logs_kept,0.00,editorial_default
VPN Proxy Master,Security,Perfect forward secrecy,Overall,yes,0.30,manual_admin
VPN Proxy Master,Security,Restrictive region access,Overall,no,0.00,editorial_default
VPN Proxy Master,Security,Webrtc leak pass rate,Overall,tier_pass,0.80,editorial_default
VPN Proxy Master,Speed,_section_total,Overall,,7.80,calculated
VPN Proxy Master,Speed,_section_total_v3_global,Overall,,5.00,editorial_default
VPN Proxy Master,Speed,_section_total_v3_uk,Overall,,5.00,editorial_default
VPN Proxy Master,Speed,Connection time,Overall,tier_okay,0.05,editorial_default
VPN Proxy Master,Speed,Download tier,Overall,tier_good,2.65,editorial_default
VPN Proxy Master,Speed,Jitter tier,Overall,tier_good,0.20,editorial_default
VPN Proxy Master,Speed,Latency tier,Overall,tier_good,1.50,editorial_default
VPN Proxy Master,Speed,Long distance speed,Overall,tier_consistent,1.00,editorial_default
VPN Proxy Master,Speed,Packet loss tier,Overall,tier_good,0.40,editorial_default
VPN Proxy Master,Speed,Speed consistency,Overall,tier_consistent,1.00,editorial_default
VPN Proxy Master,Speed,Upload tier,Overall,tier_good,1.00,editorial_default
VPN Proxy Master,Streaming,_section_total,Overall,,0.60,calculated
VPN Proxy Master,Streaming,Android tv app,Overall,,0.00,comparitech_api
VPN Proxy Master,Streaming,Browser extensions,Overall,yes,,editorial_default
VPN Proxy Master,Streaming,Includes ad blocker,Overall,,0.00,comparitech_api
VPN Proxy Master,Streaming,Number of locations in relevant country,Overall,<5,1.20,comparitech_api
VPN Proxy Master,Streaming,Offers a smart dns service,Overall,,0.00,comparitech_api
VPN Proxy Master,Streaming,Simultaneous stream capacity,Overall,4_plus,0.30,editorial_default
VPN Proxy Master,Streaming,Streaming device apps,Overall,none,0.00,calculated
VPN Proxy Master,Streaming,Streaming unblock toolkit,Overall,yes,0.30,editorial_default
VPN Proxy Master,Streaming,Tier1 streaming,Overall,most_3_or_4,,editorial_default
VPN Proxy Master,Streaming,Tier2 streaming,Overall,most_3_or_4,,editorial_default
VPN Proxy Master,Streaming,Tier3 streaming,Overall,most_3_or_4,,editorial_default
VPN Proxy Master,Streaming,Works in high censorship countries,Overall,,0.00,comparitech_api
VPN Proxy Master,SystemPerformance,_section_total,Overall,,4.00,calculated
VPN Proxy Master,SystemPerformance,Cpu tier,Overall,tier_okay,1.20,editorial_default
VPN Proxy Master,SystemPerformance,Idle delta cpu tier,Overall,tier_okay,0.00,editorial_default
VPN Proxy Master,SystemPerformance,Load efficiency tier,Overall,tier_okay,4.00,editorial_default
VPN Proxy Master,SystemPerformance,Network overhead tier,Overall,tier_okay,1.00,editorial_default
VPN Proxy Master,SystemPerformance,Ram delta tier,Overall,tier_okay,0.00,editorial_default
VPN Proxy Master,SystemPerformance,Ram tier,Overall,tier_okay,1.20,editorial_default
VPN Proxy Master,ValueForMoney,_section_total,Overall,,6.36,calculated
VPN Proxy Master,ValueForMoney,Anonymous payments vfm,Overall,multiple,0.50,editorial_default
VPN Proxy Master,ValueForMoney,Clear cancellation,Overall,yes,0.50,editorial_default
VPN Proxy Master,ValueForMoney,Connection limit tier,Overall,10_plus,1.36,editorial_default
VPN Proxy Master,ValueForMoney,Country count,Overall,under_30,,manual_admin
VPN Proxy Master,ValueForMoney,Free trial available,Overall,yes,0.40,manual_admin
VPN Proxy Master,ValueForMoney,Includes av,Overall,no,0.00,manual_admin
VPN Proxy Master,ValueForMoney,Includes dark web monitor,Overall,no,0.00,editorial_default
VPN Proxy Master,ValueForMoney,Includes password manager,Overall,no,0.00,editorial_default
VPN Proxy Master,ValueForMoney,Intro lowest price tier,Overall,under_3_usd,1.00,editorial_default
VPN Proxy Master,ValueForMoney,Money back duration,Overall,30_to_44,0.90,editorial_default
VPN Proxy Master,ValueForMoney,Monthly price tier,Overall,12_to_14,0.40,editorial_default
VPN Proxy Master,ValueForMoney,Pricing consistency,Overall,extreme,0.30,editorial_default
VPN Proxy Master,ValueForMoney,Renewal lowest price tier,Overall,over_10,0.00,editorial_default
VPN Proxy Master,ValueForMoney,Static ip included,Overall,no,0.00,editorial_default
VPN Proxy Master,ValueForMoney,Student discount,Overall,yes,0.20,manual_admin
VPN Proxy Master,ValueForMoney,Subscription term count,Overall,three_plus,0.50,manual_admin
VPN Proxy Master,ValueForMoney,Traditional payments,Overall,multiple,0.30,editorial_default
VPN Shield,EaseOfUse,_section_total,Overall,,1.20,calculated
VPN Shield,EaseOfUse,Browser extensions,Overall,none,0.00,editorial_default
VPN Shield,EaseOfUse,Ease of cancellation,Overall,difficult,0.00,manual_admin
VPN Shield,EaseOfUse,Ease of signup,Overall,very_easy,0.70,manual_admin
VPN Shield,EaseOfUse,Knowledge base,Overall,basic,0.20,manual_admin
VPN Shield,EaseOfUse,Linux support,Overall,none,0.00,editorial_default
VPN Shield,EaseOfUse,Live chat quality,Overall,email_only,0.10,editorial_default
VPN Shield,EaseOfUse,Quick connect,Overall,no,0.00,manual_admin
VPN Shield,EaseOfUse,Quick pick purpose,Overall,no,0.00,manual_admin
VPN Shield,EaseOfUse,Router support,Overall,none,0.00,editorial_default
VPN Shield,EaseOfUse,Setup guides,Overall,partial,0.20,manual_admin
VPN Shield,EaseOfUse,Streaming device apps eou,Overall,none,0.00,editorial_default
VPN Shield,EaseOfUse,Task specific servers,Overall,no,0.00,manual_admin
VPN Shield,Security,_section_total,Overall,,3.50,calculated
VPN Shield,Security,Anonymous payment,Overall,none,0.00,editorial_default
VPN Shield,Security,Authentication strength,Overall,weaker,0.00,manual_admin
VPN Shield,Security,Dns leak pass rate,Overall,tier_pass,0.80,editorial_default
VPN Shield,Security,Encryption strength,Overall,weaker,0.00,manual_admin
VPN Shield,Security,Hq jurisdiction,Overall,outside_14_eyes,0.50,calculated
VPN Shield,Security,Ipv4 leak pass rate,Overall,tier_pass,0.30,editorial_default
VPN Shield,Security,Ipv6 leak pass rate,Overall,tier_pass,0.80,editorial_default
VPN Shield,Security,Kill switch effectiveness,Overall,none,0.00,manual_admin
VPN Shield,Security,Modern protocols,Overall,openvpn_only,0.30,calculated
VPN Shield,Security,Obfuscation available,Overall,no,0.00,calculated
VPN Shield,Security,Webrtc leak pass rate,Overall,tier_pass,0.80,editorial_default
VPN Shield,Speed,_section_total,Overall,,7.80,calculated
VPN Shield,Speed,_section_total_v3_global,Overall,,5.00,editorial_default
VPN Shield,Speed,_section_total_v3_uk,Overall,,5.00,editorial_default
VPN Shield,Speed,Connection time,Overall,tier_okay,0.05,editorial_default
VPN Shield,Speed,Download tier,Overall,tier_good,2.65,editorial_default
VPN Shield,Speed,Jitter tier,Overall,tier_good,0.20,editorial_default
VPN Shield,Speed,Latency tier,Overall,tier_good,1.50,editorial_default
VPN Shield,Speed,Long distance speed,Overall,tier_consistent,1.00,editorial_default
VPN Shield,Speed,Packet loss tier,Overall,tier_good,0.40,editorial_default
VPN Shield,Speed,Speed consistency,Overall,tier_consistent,1.00,editorial_default
VPN Shield,Speed,Upload tier,Overall,tier_good,1.00,editorial_default
VPN Shield,Streaming,_section_total,Overall,,0.30,calculated
VPN Shield,Streaming,Android tv app,Overall,,0.00,comparitech_api
VPN Shield,Streaming,Browser extensions,Overall,no,,editorial_default
VPN Shield,Streaming,Includes ad blocker,Overall,,0.00,comparitech_api
VPN Shield,Streaming,Number of locations in relevant country,Overall,<5,1.20,comparitech_api
VPN Shield,Streaming,Offers a smart dns service,Overall,,0.00,comparitech_api
VPN Shield,Streaming,Simultaneous stream capacity,Overall,4_plus,0.30,editorial_default
VPN Shield,Streaming,Streaming device apps,Overall,none,0.00,calculated
VPN Shield,Streaming,Streaming unblock toolkit,Overall,no,0.00,editorial_default
VPN Shield,Streaming,Tier1 streaming,Overall,most_3_or_4,,editorial_default
VPN Shield,Streaming,Tier2 streaming,Overall,most_3_or_4,,editorial_default
VPN Shield,Streaming,Tier3 streaming,Overall,most_3_or_4,,editorial_default
VPN Shield,Streaming,Works in high censorship countries,Overall,,0.00,comparitech_api
VPN Shield,SystemPerformance,_section_total,Overall,,4.00,calculated
VPN Shield,SystemPerformance,Cpu tier,Overall,tier_okay,1.20,editorial_default
VPN Shield,SystemPerformance,Idle delta cpu tier,Overall,tier_okay,0.00,editorial_default
VPN Shield,SystemPerformance,Load efficiency tier,Overall,tier_okay,4.00,editorial_default
VPN Shield,SystemPerformance,Network overhead tier,Overall,tier_okay,1.00,editorial_default
VPN Shield,SystemPerformance,Ram delta tier,Overall,tier_okay,0.00,editorial_default
VPN Shield,SystemPerformance,Ram tier,Overall,tier_okay,1.20,editorial_default
VPN Shield,ValueForMoney,_section_total,Overall,,4.15,calculated
VPN Shield,ValueForMoney,Anonymous payments vfm,Overall,none,0.00,editorial_default
VPN Shield,ValueForMoney,Connection limit tier,Overall,under_6,0.45,editorial_default
VPN Shield,ValueForMoney,Country count,Overall,under_30,,manual_admin
VPN Shield,ValueForMoney,Free trial available,Overall,yes,0.40,manual_admin
VPN Shield,ValueForMoney,Includes av,Overall,no,0.00,manual_admin
VPN Shield,ValueForMoney,Intro lowest price tier,Overall,under_3_usd,1.00,editorial_default
VPN Shield,ValueForMoney,Monthly price tier,Overall,under_10,1.00,editorial_default
VPN Shield,ValueForMoney,Pricing consistency,Overall,consistent,0.60,editorial_default
VPN Shield,ValueForMoney,Student discount,Overall,no,0.00,manual_admin
VPN Shield,ValueForMoney,Subscription term count,Overall,three_plus,0.50,manual_admin
VPN Shield,ValueForMoney,Traditional payments,Overall,single,0.20,editorial_default
VPN Unlimited,EaseOfUse,_section_total,Overall,,4.30,calculated
VPN Unlimited,EaseOfUse,Apps for major platforms,Overall,all_4,1.00,manual_admin
VPN Unlimited,EaseOfUse,Browser extensions,Overall,1_plus,0.50,editorial_default
VPN Unlimited,EaseOfUse,Ease of cancellation,Overall,very_easy,0.40,editorial_default
VPN Unlimited,EaseOfUse,Linux support,Overall,app_with_gui,0.50,editorial_default
VPN Unlimited,EaseOfUse,Live chat quality,Overall,email_only,0.10,editorial_default
VPN Unlimited,EaseOfUse,Quick connect,Overall,yes,0.80,manual_admin
VPN Unlimited,EaseOfUse,Router support,Overall,app_or_firmware,0.50,editorial_default
VPN Unlimited,EaseOfUse,Streaming device apps eou,Overall,2_plus,0.50,editorial_default
VPN Unlimited,EaseOfUse,Task specific servers,Overall,no,0.00,manual_admin
VPN Unlimited,Security,_section_total,Overall,,6.20,calculated
VPN Unlimited,Security,Anonymous payment,Overall,multiple,0.40,editorial_default
VPN Unlimited,Security,Authentication strength,Overall,weaker,0.00,manual_admin
VPN Unlimited,Security,Dns leak pass rate,Overall,tier_pass,0.80,editorial_default
VPN Unlimited,Security,Encryption strength,Overall,aes_128_or_higher,0.60,calculated
VPN Unlimited,Security,Hq jurisdiction,Overall,inside_14_eyes,0.00,calculated
VPN Unlimited,Security,Independent audit,Overall,none,0.00,editorial_default
VPN Unlimited,Security,Ipv4 leak pass rate,Overall,tier_pass,0.30,editorial_default
VPN Unlimited,Security,Ipv6 leak pass rate,Overall,tier_pass,0.80,editorial_default
VPN Unlimited,Security,Kill switch effectiveness,Overall,effective,0.60,editorial_default
VPN Unlimited,Security,Modern protocols,Overall,has_modern,0.70,calculated
VPN Unlimited,Security,No logs policy status,Overall,logs_kept,0.00,editorial_default
VPN Unlimited,Security,Obfuscation available,Overall,yes,0.50,calculated
VPN Unlimited,Security,Perfect forward secrecy,Overall,yes,0.30,manual_admin
VPN Unlimited,Security,Restrictive region access,Overall,yes,0.30,editorial_default
VPN Unlimited,Security,Rsa key length,Overall,2048,0.10,manual_admin
VPN Unlimited,Security,Webrtc leak pass rate,Overall,tier_pass,0.80,editorial_default
VPN Unlimited,Speed,_section_total,Overall,,7.80,calculated
VPN Unlimited,Speed,_section_total_v3_global,Overall,,5.00,editorial_default
VPN Unlimited,Speed,_section_total_v3_uk,Overall,,5.00,editorial_default
VPN Unlimited,Speed,Connection time,Overall,tier_okay,0.05,editorial_default
VPN Unlimited,Speed,Download tier,Overall,tier_good,2.65,editorial_default
VPN Unlimited,Speed,Jitter tier,Overall,tier_good,0.20,editorial_default
VPN Unlimited,Speed,Latency tier,Overall,tier_good,1.50,editorial_default
VPN Unlimited,Speed,Long distance speed,Overall,tier_consistent,1.00,editorial_default
VPN Unlimited,Speed,Packet loss tier,Overall,tier_good,0.40,editorial_default
VPN Unlimited,Speed,Speed consistency,Overall,tier_consistent,1.00,editorial_default
VPN Unlimited,Speed,Upload tier,Overall,tier_good,1.00,editorial_default
VPN Unlimited,Streaming,_section_total,Overall,,0.45,calculated
VPN Unlimited,Streaming,Android tv app,Overall,,0.00,comparitech_api
VPN Unlimited,Streaming,Browser extensions,Overall,yes,,editorial_default
VPN Unlimited,Streaming,Includes ad blocker,Overall,,0.00,comparitech_api
VPN Unlimited,Streaming,Number of locations in relevant country,Overall,<5,1.20,comparitech_api
VPN Unlimited,Streaming,Offers a smart dns service,Overall,,0.00,comparitech_api
VPN Unlimited,Streaming,Simultaneous stream capacity,Overall,under_4,0.15,editorial_default
VPN Unlimited,Streaming,Streaming device apps,Overall,none,0.00,calculated
VPN Unlimited,Streaming,Streaming unblock toolkit,Overall,yes,0.30,editorial_default
VPN Unlimited,Streaming,Tier1 streaming,Overall,most_3_or_4,,editorial_default
VPN Unlimited,Streaming,Tier2 streaming,Overall,most_3_or_4,,editorial_default
VPN Unlimited,Streaming,Tier3 streaming,Overall,most_3_or_4,,editorial_default
VPN Unlimited,Streaming,Works in high censorship countries,Overall,,0.00,comparitech_api
VPN Unlimited,SystemPerformance,_section_total,Overall,,4.00,calculated
VPN Unlimited,SystemPerformance,Cpu tier,Overall,tier_okay,1.20,editorial_default
VPN Unlimited,SystemPerformance,Idle delta cpu tier,Overall,tier_okay,0.00,editorial_default
VPN Unlimited,SystemPerformance,Load efficiency tier,Overall,tier_okay,4.00,editorial_default
VPN Unlimited,SystemPerformance,Network overhead tier,Overall,tier_okay,1.00,editorial_default
VPN Unlimited,SystemPerformance,Ram delta tier,Overall,tier_okay,0.00,editorial_default
VPN Unlimited,SystemPerformance,Ram tier,Overall,tier_okay,1.20,editorial_default
VPN Unlimited,ValueForMoney,_section_total,Overall,,6.65,calculated
VPN Unlimited,ValueForMoney,Anonymous payments vfm,Overall,multiple,0.50,editorial_default
VPN Unlimited,ValueForMoney,Clear cancellation,Overall,yes,0.50,editorial_default
VPN Unlimited,ValueForMoney,Connection limit tier,Overall,under_6,0.45,editorial_default
VPN Unlimited,ValueForMoney,Country count,Overall,under_30,,manual_admin
VPN Unlimited,ValueForMoney,Free trial available,Overall,yes,0.40,manual_admin
VPN Unlimited,ValueForMoney,Includes av,Overall,no,0.00,manual_admin
VPN Unlimited,ValueForMoney,Includes dark web monitor,Overall,no,0.00,editorial_default
VPN Unlimited,ValueForMoney,Includes password manager,Overall,no,0.00,editorial_default
VPN Unlimited,ValueForMoney,Intro lowest price tier,Overall,3_to_5,0.70,editorial_default
VPN Unlimited,ValueForMoney,Money back duration,Overall,30_to_44,0.90,editorial_default
VPN Unlimited,ValueForMoney,Monthly price tier,Overall,under_10,1.00,editorial_default
VPN Unlimited,ValueForMoney,Pricing consistency,Overall,consistent,0.60,editorial_default
VPN Unlimited,ValueForMoney,Renewal lowest price tier,Overall,5_to_7,0.50,editorial_default
VPN Unlimited,ValueForMoney,Static ip included,Overall,yes,0.30,editorial_default
VPN Unlimited,ValueForMoney,Student discount,Overall,no,0.00,manual_admin
VPN Unlimited,ValueForMoney,Subscription term count,Overall,three_plus,0.50,manual_admin
VPN Unlimited,ValueForMoney,Traditional payments,Overall,multiple,0.30,editorial_default
VPNArea,Security,_section_total,Overall,,5.60,calculated
VPNArea,Security,Anonymous payment,Overall,single,0.20,editorial_default
VPNArea,Security,Authentication strength,Overall,weaker,0.00,calculated
VPNArea,Security,Dns leak pass rate,Overall,tier_pass,0.80,editorial_default
VPNArea,Security,Encryption strength,Overall,aes_128_or_higher,0.60,calculated
VPNArea,Security,Hq jurisdiction,Overall,outside_14_eyes,0.50,calculated
VPNArea,Security,Ipv4 leak pass rate,Overall,tier_pass,0.30,editorial_default
VPNArea,Security,Ipv6 leak pass rate,Overall,tier_pass,0.80,editorial_default
VPNArea,Security,Kill switch effectiveness,Overall,effective,0.60,editorial_default
VPNArea,Security,Modern protocols,Overall,openvpn_only,0.30,calculated
VPNArea,Security,Obfuscation available,Overall,yes,0.50,calculated
VPNArea,Security,Rsa key length,Overall,4096_plus,0.20,calculated
VPNArea,Security,Webrtc leak pass rate,Overall,tier_pass,0.80,editorial_default
VPNArea,Speed,_section_total,Overall,,7.80,calculated
VPNArea,Speed,_section_total_v3_global,Overall,,5.00,editorial_default
VPNArea,Speed,_section_total_v3_uk,Overall,,5.00,editorial_default
VPNArea,Speed,Connection time,Overall,tier_okay,0.05,editorial_default
VPNArea,Speed,Download tier,Overall,tier_good,2.65,editorial_default
VPNArea,Speed,Jitter tier,Overall,tier_good,0.20,editorial_default
VPNArea,Speed,Latency tier,Overall,tier_good,1.50,editorial_default
VPNArea,Speed,Long distance speed,Overall,tier_consistent,1.00,editorial_default
VPNArea,Speed,Packet loss tier,Overall,tier_good,0.40,editorial_default
VPNArea,Speed,Speed consistency,Overall,tier_consistent,1.00,editorial_default
VPNArea,Speed,Upload tier,Overall,tier_good,1.00,editorial_default
VPNArea,Streaming,_section_total,Overall,,0.30,calculated
VPNArea,Streaming,Android tv app,Overall,,0.00,comparitech_api
VPNArea,Streaming,Includes ad blocker,Overall,,0.00,comparitech_api
VPNArea,Streaming,Number of locations in relevant country,Overall,<5,1.20,comparitech_api
VPNArea,Streaming,Offers a smart dns service,Overall,,0.00,comparitech_api
VPNArea,Streaming,Simultaneous stream capacity,Overall,4_plus,0.30,editorial_default
VPNArea,Streaming,Streaming device apps,Overall,none,0.00,calculated
VPNArea,Streaming,Streaming unblock toolkit,Overall,no,0.00,editorial_default
VPNArea,Streaming,Tier1 streaming,Overall,most_3_or_4,,editorial_default
VPNArea,Streaming,Tier2 streaming,Overall,most_3_or_4,,editorial_default
VPNArea,Streaming,Tier3 streaming,Overall,most_3_or_4,,editorial_default
VPNArea,Streaming,Works in high censorship countries,Overall,,0.00,comparitech_api
VPNArea,SystemPerformance,_section_total,Overall,,4.00,calculated
VPNArea,SystemPerformance,Cpu tier,Overall,tier_okay,1.20,editorial_default
VPNArea,SystemPerformance,Idle delta cpu tier,Overall,tier_okay,0.00,editorial_default
VPNArea,SystemPerformance,Load efficiency tier,Overall,tier_okay,4.00,editorial_default
VPNArea,SystemPerformance,Network overhead tier,Overall,tier_okay,1.00,editorial_default
VPNArea,SystemPerformance,Ram delta tier,Overall,tier_okay,0.00,editorial_default
VPNArea,SystemPerformance,Ram tier,Overall,tier_okay,1.20,editorial_default
VPNArea,ValueForMoney,_section_total,Overall,,2.00,calculated
VPNArea,ValueForMoney,Anonymous payments vfm,Overall,single,0.30,editorial_default
VPNArea,ValueForMoney,Connection limit tier,Overall,unlimited,1.70,editorial_default
VPNArea,ValueForMoney,Country count,Overall,60_plus,,manual_admin
VPNBook,EaseOfUse,_section_total,Overall,,2.90,calculated
VPNBook,EaseOfUse,Apps for major platforms,Overall,all_4,1.00,manual_admin
VPNBook,EaseOfUse,Browser extensions,Overall,none,0.00,editorial_default
VPNBook,EaseOfUse,Ease of cancellation,Overall,,,editorial_default
VPNBook,EaseOfUse,Ease of signup,Overall,very_easy,0.70,manual_admin
VPNBook,EaseOfUse,Knowledge base,Overall,basic,0.20,manual_admin
VPNBook,EaseOfUse,Linux support,Overall,app_with_gui,0.50,editorial_default
VPNBook,EaseOfUse,Live chat quality,Overall,email_only,0.10,editorial_default
VPNBook,EaseOfUse,Quick connect,Overall,no,0.00,manual_admin
VPNBook,EaseOfUse,Quick pick purpose,Overall,no,0.00,manual_admin
VPNBook,EaseOfUse,Router support,Overall,none,0.00,editorial_default
VPNBook,EaseOfUse,Setup guides,Overall,comprehensive,0.40,manual_admin
VPNBook,EaseOfUse,Streaming device apps eou,Overall,none,0.00,editorial_default
VPNBook,EaseOfUse,Task specific servers,Overall,no,0.00,manual_admin
VPNBook,Security,_section_total,Overall,,5.80,calculated
VPNBook,Security,Anonymous payment,Overall,none,0.00,editorial_default
VPNBook,Security,Authentication strength,Overall,sha384_or_higher,0.30,manual_admin
VPNBook,Security,Dns leak pass rate,Overall,tier_pass,0.80,editorial_default
VPNBook,Security,Encryption strength,Overall,aes_128_or_higher,0.60,calculated
VPNBook,Security,Hq jurisdiction,Overall,outside_14_eyes,0.50,calculated
VPNBook,Security,Independent audit,Overall,none,0.00,editorial_default
VPNBook,Security,Ipv4 leak pass rate,Overall,tier_pass,0.30,editorial_default
VPNBook,Security,Ipv6 leak pass rate,Overall,tier_pass,0.80,editorial_default
VPNBook,Security,Kill switch effectiveness,Overall,effective,0.60,editorial_default
VPNBook,Security,Modern protocols,Overall,has_modern,0.70,manual_admin
VPNBook,Security,No logs policy status,Overall,logs_kept,0.00,editorial_default
VPNBook,Security,Obfuscation available,Overall,no,0.00,manual_admin
VPNBook,Security,Perfect forward secrecy,Overall,yes,0.30,manual_admin
VPNBook,Security,Restrictive region access,Overall,no,0.00,editorial_default
VPNBook,Security,Rsa key length,Overall,2048,0.10,manual_admin
VPNBook,Security,Webrtc leak pass rate,Overall,tier_pass,0.80,editorial_default
VPNBook,Speed,_section_total,Overall,,7.80,calculated
VPNBook,Speed,_section_total_v3_global,Overall,,5.00,editorial_default
VPNBook,Speed,_section_total_v3_uk,Overall,,5.00,editorial_default
VPNBook,Speed,Connection time,Overall,tier_okay,0.05,editorial_default
VPNBook,Speed,Download tier,Overall,tier_good,2.65,editorial_default
VPNBook,Speed,Jitter tier,Overall,tier_good,0.20,editorial_default
VPNBook,Speed,Latency tier,Overall,tier_good,1.50,editorial_default
VPNBook,Speed,Long distance speed,Overall,tier_consistent,1.00,editorial_default
VPNBook,Speed,Packet loss tier,Overall,tier_good,0.40,editorial_default
VPNBook,Speed,Speed consistency,Overall,tier_consistent,1.00,editorial_default
VPNBook,Speed,Upload tier,Overall,tier_good,1.00,editorial_default
VPNBook,Streaming,_section_total,Overall,,0.15,calculated
VPNBook,Streaming,Android tv app,Overall,,0.00,comparitech_api
VPNBook,Streaming,Browser extensions,Overall,no,,editorial_default
VPNBook,Streaming,Includes ad blocker,Overall,,0.00,comparitech_api
VPNBook,Streaming,Number of locations in relevant country,Overall,<5,1.20,comparitech_api
VPNBook,Streaming,Offers a smart dns service,Overall,,0.00,comparitech_api
VPNBook,Streaming,Simultaneous stream capacity,Overall,under_4,0.15,editorial_default
VPNBook,Streaming,Streaming device apps,Overall,none,0.00,calculated
VPNBook,Streaming,Streaming unblock toolkit,Overall,no,0.00,editorial_default
VPNBook,Streaming,Tier1 streaming,Overall,most_3_or_4,,editorial_default
VPNBook,Streaming,Tier2 streaming,Overall,most_3_or_4,,editorial_default
VPNBook,Streaming,Tier3 streaming,Overall,most_3_or_4,,editorial_default
VPNBook,Streaming,Works in high censorship countries,Overall,,0.00,comparitech_api
VPNBook,SystemPerformance,_section_total,Overall,,4.00,calculated
VPNBook,SystemPerformance,Cpu tier,Overall,tier_okay,1.20,editorial_default
VPNBook,SystemPerformance,Idle delta cpu tier,Overall,tier_okay,0.00,editorial_default
VPNBook,SystemPerformance,Load efficiency tier,Overall,tier_okay,4.00,editorial_default
VPNBook,SystemPerformance,Network overhead tier,Overall,tier_okay,1.00,editorial_default
VPNBook,SystemPerformance,Ram delta tier,Overall,tier_okay,0.00,editorial_default
VPNBook,SystemPerformance,Ram tier,Overall,tier_okay,1.20,editorial_default
VPNBook,ValueForMoney,_section_total,Overall,,4.55,calculated
VPNBook,ValueForMoney,Anonymous payments vfm,Overall,none,0.00,editorial_default
VPNBook,ValueForMoney,Clear cancellation,Overall,yes,0.50,editorial_default
VPNBook,ValueForMoney,Connection limit tier,Overall,under_6,0.45,editorial_default
VPNBook,ValueForMoney,Country count,Overall,under_30,,manual_admin
VPNBook,ValueForMoney,Free trial available,Overall,no,0.00,manual_admin
VPNBook,ValueForMoney,Includes av,Overall,no,0.00,manual_admin
VPNBook,ValueForMoney,Includes dark web monitor,Overall,no,0.00,editorial_default
VPNBook,ValueForMoney,Includes password manager,Overall,no,0.00,editorial_default
VPNBook,ValueForMoney,Intro lowest price tier,Overall,under_3_usd,1.00,editorial_default
VPNBook,ValueForMoney,Monthly price tier,Overall,under_10,1.00,editorial_default
VPNBook,ValueForMoney,Pricing consistency,Overall,consistent,0.60,editorial_default
VPNBook,ValueForMoney,Renewal lowest price tier,Overall,under_3_usd,1.00,editorial_default
VPNBook,ValueForMoney,Static ip included,Overall,no,0.00,editorial_default
VPNBook,ValueForMoney,Student discount,Overall,no,0.00,manual_admin
VPNBook,ValueForMoney,Subscription term count,Overall,,0.10,manual_admin
VPNGate,EaseOfUse,_section_total,Overall,,0.70,calculated
VPNGate,EaseOfUse,Knowledge base,Overall,basic,0.20,manual_admin
VPNGate,EaseOfUse,Linux support,Overall,none,0.00,manual_admin
VPNGate,EaseOfUse,Live chat quality,Overall,email_only,0.10,manual_admin
VPNGate,EaseOfUse,Quick connect,Overall,no,0.00,manual_admin
VPNGate,EaseOfUse,Quick pick purpose,Overall,no,0.00,manual_admin
VPNGate,EaseOfUse,Router support,Overall,manual_config_only,0.20,manual_admin
VPNGate,EaseOfUse,Setup guides,Overall,partial,0.20,manual_admin
VPNGate,EaseOfUse,Task specific servers,Overall,no,0.00,manual_admin
VPNGate,Security,_section_total,Overall,,3.60,calculated
VPNGate,Security,Anonymous payment,Overall,none,0.00,editorial_default
VPNGate,Security,Dns leak pass rate,Overall,tier_pass,0.80,editorial_default
VPNGate,Security,Hq jurisdiction,Overall,inside_14_eyes,0.00,manual_admin
VPNGate,Security,Ipv4 leak pass rate,Overall,tier_pass,0.30,editorial_default
VPNGate,Security,Ipv6 leak pass rate,Overall,tier_pass,0.80,editorial_default
VPNGate,Security,Kill switch effectiveness,Overall,effective,0.60,editorial_default
VPNGate,Security,Modern protocols,Overall,openvpn_only,0.30,manual_admin
VPNGate,Security,Webrtc leak pass rate,Overall,tier_pass,0.80,editorial_default
VPNGate,Speed,_section_total,Overall,,7.80,calculated
VPNGate,Speed,_section_total_v3_global,Overall,,5.00,editorial_default
VPNGate,Speed,_section_total_v3_uk,Overall,,5.00,editorial_default
VPNGate,Speed,Connection time,Overall,tier_okay,0.05,editorial_default
VPNGate,Speed,Download tier,Overall,tier_good,2.65,editorial_default
VPNGate,Speed,Jitter tier,Overall,tier_good,0.20,editorial_default
VPNGate,Speed,Latency tier,Overall,tier_good,1.50,editorial_default
VPNGate,Speed,Long distance speed,Overall,tier_consistent,1.00,editorial_default
VPNGate,Speed,Packet loss tier,Overall,tier_good,0.40,editorial_default
VPNGate,Speed,Speed consistency,Overall,tier_consistent,1.00,editorial_default
VPNGate,Speed,Upload tier,Overall,tier_good,1.00,editorial_default
VPNGate,Streaming,_section_total,Overall,,0.15,calculated
VPNGate,Streaming,Android tv app,Overall,,0.00,comparitech_api
VPNGate,Streaming,Includes ad blocker,Overall,,0.00,comparitech_api
VPNGate,Streaming,Number of locations in relevant country,Overall,<5,1.20,comparitech_api
VPNGate,Streaming,Offers a smart dns service,Overall,,0.00,comparitech_api
VPNGate,Streaming,Simultaneous stream capacity,Overall,under_4,0.15,editorial_default
VPNGate,Streaming,Streaming device apps,Overall,none,0.00,calculated
VPNGate,Streaming,Streaming unblock toolkit,Overall,no,0.00,editorial_default
VPNGate,Streaming,Tier1 streaming,Overall,most_3_or_4,,editorial_default
VPNGate,Streaming,Tier2 streaming,Overall,most_3_or_4,,editorial_default
VPNGate,Streaming,Tier3 streaming,Overall,most_3_or_4,,editorial_default
VPNGate,Streaming,Works in high censorship countries,Overall,,0.00,comparitech_api
VPNGate,SystemPerformance,_section_total,Overall,,4.00,calculated
VPNGate,SystemPerformance,Cpu tier,Overall,tier_okay,1.20,editorial_default
VPNGate,SystemPerformance,Idle delta cpu tier,Overall,tier_okay,0.00,editorial_default
VPNGate,SystemPerformance,Load efficiency tier,Overall,tier_okay,4.00,editorial_default
VPNGate,SystemPerformance,Network overhead tier,Overall,tier_okay,1.00,editorial_default
VPNGate,SystemPerformance,Ram delta tier,Overall,tier_okay,0.00,editorial_default
VPNGate,SystemPerformance,Ram tier,Overall,tier_okay,1.20,editorial_default
VPNGate,ValueForMoney,_section_total,Overall,,0.95,calculated
VPNGate,ValueForMoney,Anonymous payments vfm,Overall,none,0.00,editorial_default
VPNGate,ValueForMoney,Connection limit tier,Overall,under_6,0.45,editorial_default
VPNGate,ValueForMoney,Country count,Overall,under_30,,manual_admin
VPNGate,ValueForMoney,Free trial available,Overall,yes,0.40,manual_admin
VPNGate,ValueForMoney,Includes av,Overall,no,0.00,manual_admin
VPNGate,ValueForMoney,Student discount,Overall,no,0.00,manual_admin
VPNGate,ValueForMoney,Subscription term count,Overall,one,0.10,manual_admin
VPNSecure,EaseOfUse,_section_total,Overall,,2.50,calculated
VPNSecure,EaseOfUse,Apps for major platforms,Overall,all_4,1.00,manual_admin
VPNSecure,EaseOfUse,Browser extensions,Overall,none,0.00,editorial_default
VPNSecure,EaseOfUse,Ease of cancellation,Overall,very_easy,0.40,editorial_default
VPNSecure,EaseOfUse,Linux support,Overall,app_with_gui,0.50,editorial_default
VPNSecure,EaseOfUse,Live chat quality,Overall,email_only,0.10,editorial_default
VPNSecure,EaseOfUse,Quick connect,Overall,no,0.00,manual_admin
VPNSecure,EaseOfUse,Quick pick purpose,Overall,no,0.00,manual_admin
VPNSecure,EaseOfUse,Router support,Overall,app_or_firmware,0.50,editorial_default
VPNSecure,EaseOfUse,Streaming device apps eou,Overall,none,0.00,editorial_default
VPNSecure,EaseOfUse,Task specific servers,Overall,no,0.00,manual_admin
VPNSecure,Security,_section_total,Overall,,6.70,calculated
VPNSecure,Security,Anonymous payment,Overall,multiple,0.40,editorial_default
VPNSecure,Security,Authentication strength,Overall,sha384_or_higher,0.30,manual_admin
VPNSecure,Security,Dns leak pass rate,Overall,tier_pass,0.80,editorial_default
VPNSecure,Security,Encryption strength,Overall,aes_128_or_higher,0.60,manual_admin
VPNSecure,Security,Hq jurisdiction,Overall,outside_14_eyes,0.50,manual_admin
VPNSecure,Security,Independent audit,Overall,none,0.00,editorial_default
VPNSecure,Security,Ipv4 leak pass rate,Overall,tier_pass,0.30,editorial_default
VPNSecure,Security,Ipv6 leak pass rate,Overall,tier_pass,0.80,editorial_default
VPNSecure,Security,Kill switch effectiveness,Overall,effective,0.60,editorial_default
VPNSecure,Security,Modern protocols,Overall,has_modern,0.70,manual_admin
VPNSecure,Security,No logs policy status,Overall,logs_kept,0.00,editorial_default
VPNSecure,Security,Obfuscation available,Overall,yes,0.50,manual_admin
VPNSecure,Security,Perfect forward secrecy,Overall,yes,0.30,manual_admin
VPNSecure,Security,Restrictive region access,Overall,no,0.00,editorial_default
VPNSecure,Security,Rsa key length,Overall,2048,0.10,manual_admin
VPNSecure,Security,Webrtc leak pass rate,Overall,tier_pass,0.80,editorial_default
VPNSecure,Speed,_section_total,Overall,,7.80,calculated
VPNSecure,Speed,_section_total_v3_global,Overall,,5.00,editorial_default
VPNSecure,Speed,_section_total_v3_uk,Overall,,5.00,editorial_default
VPNSecure,Speed,Connection time,Overall,tier_okay,0.05,editorial_default
VPNSecure,Speed,Download tier,Overall,tier_good,2.65,editorial_default
VPNSecure,Speed,Jitter tier,Overall,tier_good,0.20,editorial_default
VPNSecure,Speed,Latency tier,Overall,tier_good,1.50,editorial_default
VPNSecure,Speed,Long distance speed,Overall,tier_consistent,1.00,editorial_default
VPNSecure,Speed,Packet loss tier,Overall,tier_good,0.40,editorial_default
VPNSecure,Speed,Speed consistency,Overall,tier_consistent,1.00,editorial_default
VPNSecure,Speed,Upload tier,Overall,tier_good,1.00,editorial_default
VPNSecure,Streaming,_section_total,Overall,,0.60,calculated
VPNSecure,Streaming,Android tv app,Overall,,0.00,comparitech_api
VPNSecure,Streaming,Browser extensions,Overall,no,,editorial_default
VPNSecure,Streaming,Includes ad blocker,Overall,,0.00,comparitech_api
VPNSecure,Streaming,Number of locations in relevant country,Overall,<5,1.20,comparitech_api
VPNSecure,Streaming,Offers a smart dns service,Overall,,0.00,comparitech_api
VPNSecure,Streaming,Simultaneous stream capacity,Overall,4_plus,0.30,editorial_default
VPNSecure,Streaming,Streaming device apps,Overall,none,0.00,calculated
VPNSecure,Streaming,Streaming unblock toolkit,Overall,yes,0.30,editorial_default
VPNSecure,Streaming,Tier1 streaming,Overall,most_3_or_4,,editorial_default
VPNSecure,Streaming,Tier2 streaming,Overall,most_3_or_4,,editorial_default
VPNSecure,Streaming,Tier3 streaming,Overall,most_3_or_4,,editorial_default
VPNSecure,Streaming,Works in high censorship countries,Overall,,0.00,comparitech_api
VPNSecure,SystemPerformance,_section_total,Overall,,4.00,calculated
VPNSecure,SystemPerformance,Cpu tier,Overall,tier_okay,1.20,editorial_default
VPNSecure,SystemPerformance,Idle delta cpu tier,Overall,tier_okay,0.00,editorial_default
VPNSecure,SystemPerformance,Load efficiency tier,Overall,tier_okay,4.00,editorial_default
VPNSecure,SystemPerformance,Network overhead tier,Overall,tier_okay,1.00,editorial_default
VPNSecure,SystemPerformance,Ram delta tier,Overall,tier_okay,0.00,editorial_default
VPNSecure,SystemPerformance,Ram tier,Overall,tier_okay,1.20,editorial_default
VPNSecure,ValueForMoney,_section_total,Overall,,8.30,calculated
VPNSecure,ValueForMoney,Anonymous payments vfm,Overall,multiple,0.50,editorial_default
VPNSecure,ValueForMoney,Clear cancellation,Overall,yes,0.50,editorial_default
VPNSecure,ValueForMoney,Connection limit tier,Overall,unlimited,1.70,editorial_default
VPNSecure,ValueForMoney,Country count,Overall,under_30,,manual_admin
VPNSecure,ValueForMoney,Free trial available,Overall,no,0.00,manual_admin
VPNSecure,ValueForMoney,Includes av,Overall,no,0.00,manual_admin
VPNSecure,ValueForMoney,Includes dark web monitor,Overall,no,0.00,editorial_default
VPNSecure,ValueForMoney,Includes password manager,Overall,no,0.00,editorial_default
VPNSecure,ValueForMoney,Intro lowest price tier,Overall,under_3_usd,1.00,editorial_default
VPNSecure,ValueForMoney,Money back duration,Overall,30_to_44,0.90,editorial_default
VPNSecure,ValueForMoney,Monthly price tier,Overall,under_10,1.00,editorial_default
VPNSecure,ValueForMoney,Pricing consistency,Overall,consistent,0.60,editorial_default
VPNSecure,ValueForMoney,Renewal lowest price tier,Overall,under_3_usd,1.00,editorial_default
VPNSecure,ValueForMoney,Static ip included,Overall,yes,0.30,editorial_default
VPNSecure,ValueForMoney,Student discount,Overall,no,0.00,manual_admin
VPNSecure,ValueForMoney,Subscription term count,Overall,three_plus,0.50,manual_admin
VPNSecure,ValueForMoney,Traditional payments,Overall,multiple,0.30,editorial_default
VyprVPN,EaseOfUse,_section_total,Overall,,6.12,calculated
VyprVPN,EaseOfUse,Apps for major platforms,Overall,all_4,1.00,manual_admin
VyprVPN,EaseOfUse,Browser extensions,Overall,none,0.00,editorial_default
VyprVPN,EaseOfUse,Ease of cancellation,Overall,very_easy,0.40,editorial_default
VyprVPN,EaseOfUse,Ease of signup,Overall,moderate,0.42,manual_admin
VyprVPN,EaseOfUse,Knowledge base,Overall,comprehensive,0.40,manual_admin
VyprVPN,EaseOfUse,Linux support,Overall,app_with_gui,0.50,editorial_default
VyprVPN,EaseOfUse,Live chat quality,Overall,24_7,0.80,editorial_default
VyprVPN,EaseOfUse,Quick connect,Overall,yes,0.80,manual_admin
VyprVPN,EaseOfUse,Router support,Overall,app_or_firmware,0.50,editorial_default
VyprVPN,EaseOfUse,Setup guides,Overall,comprehensive,0.40,manual_admin
VyprVPN,EaseOfUse,Streaming device apps eou,Overall,2_plus,0.50,editorial_default
VyprVPN,EaseOfUse,Task specific servers,Overall,yes,0.40,manual_admin
VyprVPN,Security,_section_total,Overall,,7.00,calculated
VyprVPN,Security,Anonymous payment,Overall,none,0.00,editorial_default
VyprVPN,Security,Authentication strength,Overall,sha384_or_higher,0.30,calculated
VyprVPN,Security,Dns leak pass rate,Overall,tier_pass,0.80,editorial_default
VyprVPN,Security,Encryption strength,Overall,aes_128_or_higher,0.60,manual_admin
VyprVPN,Security,Hq jurisdiction,Overall,inside_14_eyes,0.00,calculated
VyprVPN,Security,Independent audit,Overall,older,0.40,editorial_default
VyprVPN,Security,Ipv4 leak pass rate,Overall,tier_pass,0.30,editorial_default
VyprVPN,Security,Ipv6 leak pass rate,Overall,tier_pass,0.80,editorial_default
VyprVPN,Security,Kill switch effectiveness,Overall,effective,0.60,editorial_default
VyprVPN,Security,Modern protocols,Overall,has_modern,0.70,manual_admin
VyprVPN,Security,No logs policy status,Overall,claimed,0.50,editorial_default
VyprVPN,Security,Obfuscation available,Overall,yes,0.50,calculated
VyprVPN,Security,Perfect forward secrecy,Overall,yes,0.30,calculated
VyprVPN,Security,Restrictive region access,Overall,yes,0.30,editorial_default
VyprVPN,Security,Rsa key length,Overall,2048,0.10,calculated
VyprVPN,Security,Webrtc leak pass rate,Overall,tier_pass,0.80,editorial_default
VyprVPN,Speed,_section_total,Overall,,7.80,calculated
VyprVPN,Speed,_section_total_v3_global,Overall,,5.00,editorial_default
VyprVPN,Speed,_section_total_v3_uk,Overall,,5.00,editorial_default
VyprVPN,Speed,Connection time,Overall,tier_okay,0.05,editorial_default
VyprVPN,Speed,Download tier,Overall,tier_good,2.65,editorial_default
VyprVPN,Speed,Jitter tier,Overall,tier_good,0.20,editorial_default
VyprVPN,Speed,Latency tier,Overall,tier_good,1.50,editorial_default
VyprVPN,Speed,Long distance speed,Overall,tier_consistent,1.00,editorial_default
VyprVPN,Speed,Packet loss tier,Overall,tier_good,0.40,editorial_default
VyprVPN,Speed,Speed consistency,Overall,tier_consistent,1.00,editorial_default
VyprVPN,Speed,Upload tier,Overall,tier_good,1.00,editorial_default
VyprVPN,Streaming,_section_total,Overall,,0.60,calculated
VyprVPN,Streaming,Android tv app,Overall,,0.00,comparitech_api
VyprVPN,Streaming,Browser extensions,Overall,no,,editorial_default
VyprVPN,Streaming,Includes ad blocker,Overall,,0.00,comparitech_api
VyprVPN,Streaming,Number of locations in relevant country,Overall,5+,1.50,comparitech_api
VyprVPN,Streaming,Offers a smart dns service,Overall,,0.00,comparitech_api
VyprVPN,Streaming,Simultaneous stream capacity,Overall,4_plus,0.30,editorial_default
VyprVPN,Streaming,Streaming device apps,Overall,none,0.00,calculated
VyprVPN,Streaming,Streaming unblock toolkit,Overall,yes,0.30,editorial_default
VyprVPN,Streaming,Tier1 streaming,Overall,most_3_or_4,,editorial_default
VyprVPN,Streaming,Tier2 streaming,Overall,most_3_or_4,,editorial_default
VyprVPN,Streaming,Tier3 streaming,Overall,most_3_or_4,,editorial_default
VyprVPN,Streaming,Works in high censorship countries,Overall,,0.00,comparitech_api
VyprVPN,SystemPerformance,_section_total,Overall,,4.00,calculated
VyprVPN,SystemPerformance,Cpu tier,Overall,tier_okay,1.20,editorial_default
VyprVPN,SystemPerformance,Idle delta cpu tier,Overall,tier_okay,0.00,editorial_default
VyprVPN,SystemPerformance,Load efficiency tier,Overall,tier_okay,4.00,editorial_default
VyprVPN,SystemPerformance,Network overhead tier,Overall,tier_okay,1.00,editorial_default
VyprVPN,SystemPerformance,Ram delta tier,Overall,tier_okay,0.00,editorial_default
VyprVPN,SystemPerformance,Ram tier,Overall,tier_okay,1.20,editorial_default
VyprVPN,ValueForMoney,_section_total,Overall,,6.76,calculated
VyprVPN,ValueForMoney,Anonymous payments vfm,Overall,none,0.00,editorial_default
VyprVPN,ValueForMoney,Clear cancellation,Overall,yes,0.50,editorial_default
VyprVPN,ValueForMoney,Connection limit tier,Overall,10_plus,1.36,editorial_default
VyprVPN,ValueForMoney,Country count,Overall,60_plus,,manual_admin
VyprVPN,ValueForMoney,Free trial available,Overall,no,0.00,manual_admin
VyprVPN,ValueForMoney,Includes av,Overall,no,0.00,manual_admin
VyprVPN,ValueForMoney,Includes dark web monitor,Overall,no,0.00,editorial_default
VyprVPN,ValueForMoney,Includes password manager,Overall,no,0.00,editorial_default
VyprVPN,ValueForMoney,Intro lowest price tier,Overall,3_to_5,0.70,editorial_default
VyprVPN,ValueForMoney,Money back duration,Overall,30_to_44,0.90,editorial_default
VyprVPN,ValueForMoney,Monthly price tier,Overall,under_10,1.00,editorial_default
VyprVPN,ValueForMoney,Pricing consistency,Overall,consistent,0.60,editorial_default
VyprVPN,ValueForMoney,Renewal lowest price tier,Overall,3_to_5,0.70,editorial_default
VyprVPN,ValueForMoney,Static ip included,Overall,no,0.00,editorial_default
VyprVPN,ValueForMoney,Student discount,Overall,yes,0.20,manual_admin
VyprVPN,ValueForMoney,Subscription term count,Overall,three_plus,0.50,manual_admin
VyprVPN,ValueForMoney,Traditional payments,Overall,multiple,0.30,editorial_default
Windscribe,EaseOfUse,_section_total,Overall,,5.60,calculated
Windscribe,EaseOfUse,Apps for major platforms,Overall,all_4,1.00,manual_admin
Windscribe,EaseOfUse,Browser extensions,Overall,1_plus,0.50,manual_admin
Windscribe,EaseOfUse,Country count,Overall,under_30,0.20,manual_admin
Windscribe,EaseOfUse,Ease of cancellation,Overall,very_easy,0.40,manual_admin
Windscribe,EaseOfUse,Ease of signup,Overall,very_easy,0.70,manual_admin
Windscribe,EaseOfUse,Knowledge base,Overall,comprehensive,0.40,manual_admin
Windscribe,EaseOfUse,Linux support,Overall,app_with_gui,0.50,manual_admin
Windscribe,EaseOfUse,Live chat quality,Overall,none,0.00,editorial_default
Windscribe,EaseOfUse,Quick connect,Overall,yes,0.80,manual_admin
Windscribe,EaseOfUse,Router support,Overall,manual_config_only,0.20,manual_admin
Windscribe,EaseOfUse,Setup guides,Overall,comprehensive,0.40,manual_admin
Windscribe,EaseOfUse,Streaming device apps eou,Overall,2_plus,0.50,manual_admin
Windscribe,EaseOfUse,Task specific servers,Overall,no,0.00,manual_admin
Windscribe,Security,_section_total,Overall,,7.50,calculated
Windscribe,Security,Anonymous payment,Overall,multiple,0.40,editorial_default
Windscribe,Security,Authentication strength,Overall,sha384_or_higher,0.30,calculated
Windscribe,Security,Dns leak pass rate,Overall,tier_pass,0.80,editorial_default
Windscribe,Security,Encryption strength,Overall,aes_128_or_higher,0.60,calculated
Windscribe,Security,Hq jurisdiction,Overall,inside_14_eyes,0.00,editorial_default
Windscribe,Security,Independent audit,Overall,older,0.40,editorial_default
Windscribe,Security,Ipv4 leak pass rate,Overall,tier_pass,0.30,editorial_default
Windscribe,Security,Ipv6 leak pass rate,Overall,tier_pass,0.80,editorial_default
Windscribe,Security,Kill switch effectiveness,Overall,effective,0.60,editorial_default
Windscribe,Security,Modern protocols,Overall,has_modern,0.70,calculated
Windscribe,Security,No logs policy status,Overall,claimed,0.50,editorial_default
Windscribe,Security,Obfuscation available,Overall,yes,0.50,calculated
Windscribe,Security,Perfect forward secrecy,Overall,yes,0.30,calculated
Windscribe,Security,Restrictive region access,Overall,yes,0.30,editorial_default
Windscribe,Security,Rsa key length,Overall,4096_plus,0.20,calculated
Windscribe,Security,Webrtc leak pass rate,Overall,tier_pass,0.80,editorial_default
Windscribe,Speed,_section_total,Overall,,7.80,calculated
Windscribe,Speed,_section_total_v3_global,Overall,,5.00,editorial_default
Windscribe,Speed,_section_total_v3_uk,Overall,,5.00,editorial_default
Windscribe,Speed,Connection time,Overall,tier_okay,0.05,editorial_default
Windscribe,Speed,Download tier,Overall,tier_good,2.65,editorial_default
Windscribe,Speed,Jitter tier,Overall,tier_good,0.20,editorial_default
Windscribe,Speed,Latency tier,Overall,tier_good,1.50,editorial_default
Windscribe,Speed,Long distance speed,Overall,tier_consistent,1.00,editorial_default
Windscribe,Speed,Packet loss tier,Overall,tier_good,0.40,editorial_default
Windscribe,Speed,Speed consistency,Overall,tier_consistent,1.00,editorial_default
Windscribe,Speed,Upload tier,Overall,tier_good,1.00,editorial_default
Windscribe,Streaming,_section_total,Overall,,0.30,calculated
Windscribe,Streaming,Android tv app,Overall,,0.00,comparitech_api
Windscribe,Streaming,Includes ad blocker,Overall,,0.00,comparitech_api
Windscribe,Streaming,Number of locations in relevant country,Overall,<5,1.20,comparitech_api
Windscribe,Streaming,Offers a smart dns service,Overall,,0.00,comparitech_api
Windscribe,Streaming,Simultaneous stream capacity,Overall,4_plus,0.30,editorial_default
Windscribe,Streaming,Streaming device apps,Overall,none,0.00,calculated
Windscribe,Streaming,Streaming unblock toolkit,Overall,no,0.00,editorial_default
Windscribe,Streaming,Tier1 streaming,Overall,most_3_or_4,,editorial_default
Windscribe,Streaming,Tier2 streaming,Overall,most_3_or_4,,editorial_default
Windscribe,Streaming,Tier3 streaming,Overall,most_3_or_4,,editorial_default
Windscribe,Streaming,Works in high censorship countries,Overall,,0.00,comparitech_api
Windscribe,SystemPerformance,_section_total,Overall,,4.00,calculated
Windscribe,SystemPerformance,Cpu tier,Overall,tier_okay,1.20,editorial_default
Windscribe,SystemPerformance,Idle delta cpu tier,Overall,tier_okay,0.00,editorial_default
Windscribe,SystemPerformance,Load efficiency tier,Overall,tier_okay,4.00,editorial_default
Windscribe,SystemPerformance,Network overhead tier,Overall,tier_okay,1.00,editorial_default
Windscribe,SystemPerformance,Ram delta tier,Overall,tier_okay,0.00,editorial_default
Windscribe,SystemPerformance,Ram tier,Overall,tier_okay,1.20,editorial_default
Windscribe,ValueForMoney,_section_total,Overall,,6.16,calculated
Windscribe,ValueForMoney,Anonymous payments vfm,Overall,multiple,0.50,editorial_default
Windscribe,ValueForMoney,Connection limit tier,Overall,10_plus,1.36,editorial_default
Windscribe,ValueForMoney,Country count,Overall,30_to_59,,manual_admin
Windscribe,ValueForMoney,Free trial available,Overall,no,0.00,manual_admin
Windscribe,ValueForMoney,Includes av,Overall,no,0.00,manual_admin
Windscribe,ValueForMoney,Includes dark web monitor,Overall,no,0.00,editorial_default
Windscribe,ValueForMoney,Includes password manager,Overall,no,0.00,editorial_default
Windscribe,ValueForMoney,Intro lowest price tier,Overall,5_to_7,0.50,editorial_default
Windscribe,ValueForMoney,Money back duration,Overall,7_to_13,0.40,editorial_default
Windscribe,ValueForMoney,Monthly price tier,Overall,under_10,1.00,editorial_default
Windscribe,ValueForMoney,Pricing consistency,Overall,consistent,0.60,editorial_default
Windscribe,ValueForMoney,Renewal lowest price tier,Overall,5_to_7,0.50,editorial_default
Windscribe,ValueForMoney,Static ip included,Overall,yes,0.30,editorial_default
Windscribe,ValueForMoney,Student discount,Overall,yes,0.20,manual_admin
Windscribe,ValueForMoney,Subscription term count,Overall,three_plus,0.50,manual_admin
Windscribe,ValueForMoney,Traditional payments,Overall,multiple,0.30,manual_admin
Witopia VPN,EaseOfUse,_section_total,Overall,,4.50,calculated
Witopia VPN,EaseOfUse,Apps for major platforms,Overall,all_4,1.00,manual_admin
Witopia VPN,EaseOfUse,Ease of cancellation,Overall,very_easy,0.40,editorial_default
Witopia VPN,EaseOfUse,Ease of signup,Overall,very_easy,0.70,manual_admin
Witopia VPN,EaseOfUse,Knowledge base,Overall,comprehensive,0.40,manual_admin
Witopia VPN,EaseOfUse,Live chat quality,Overall,24_7,0.80,editorial_default
Witopia VPN,EaseOfUse,Quick connect,Overall,yes,0.80,manual_admin
Witopia VPN,EaseOfUse,Setup guides,Overall,comprehensive,0.40,manual_admin
Witopia VPN,EaseOfUse,Task specific servers,Overall,no,0.00,manual_admin
Witopia VPN,Security,_section_total,Overall,,6.20,calculated
Witopia VPN,Security,Anonymous payment,Overall,none,0.00,editorial_default
Witopia VPN,Security,Authentication strength,Overall,sha384_or_higher,0.30,manual_admin
Witopia VPN,Security,Dns leak pass rate,Overall,tier_pass,0.80,editorial_default
Witopia VPN,Security,Encryption strength,Overall,aes_128_or_higher,0.60,calculated
Witopia VPN,Security,Hq jurisdiction,Overall,inside_14_eyes,0.00,calculated
Witopia VPN,Security,Independent audit,Overall,none,0.00,editorial_default
Witopia VPN,Security,Ipv4 leak pass rate,Overall,tier_pass,0.30,editorial_default
Witopia VPN,Security,Ipv6 leak pass rate,Overall,tier_pass,0.80,editorial_default
Witopia VPN,Security,Kill switch effectiveness,Overall,effective,0.60,editorial_default
Witopia VPN,Security,Modern protocols,Overall,has_modern,0.70,manual_admin
Witopia VPN,Security,No logs policy status,Overall,logs_kept,0.00,editorial_default
Witopia VPN,Security,Obfuscation available,Overall,yes,0.50,manual_admin
Witopia VPN,Security,Perfect forward secrecy,Overall,yes,0.30,manual_admin
Witopia VPN,Security,Restrictive region access,Overall,yes,0.30,editorial_default
Witopia VPN,Security,Rsa key length,Overall,4096_plus,0.20,manual_admin
Witopia VPN,Security,Webrtc leak pass rate,Overall,tier_pass,0.80,editorial_default
Witopia VPN,Speed,_section_total,Overall,,7.80,calculated
Witopia VPN,Speed,_section_total_v3_global,Overall,,5.00,editorial_default
Witopia VPN,Speed,_section_total_v3_uk,Overall,,5.00,editorial_default
Witopia VPN,Speed,Connection time,Overall,tier_okay,0.05,editorial_default
Witopia VPN,Speed,Download tier,Overall,tier_good,2.65,editorial_default
Witopia VPN,Speed,Jitter tier,Overall,tier_good,0.20,editorial_default
Witopia VPN,Speed,Latency tier,Overall,tier_good,1.50,editorial_default
Witopia VPN,Speed,Long distance speed,Overall,tier_consistent,1.00,editorial_default
Witopia VPN,Speed,Packet loss tier,Overall,tier_good,0.40,editorial_default
Witopia VPN,Speed,Speed consistency,Overall,tier_consistent,1.00,editorial_default
Witopia VPN,Speed,Upload tier,Overall,tier_good,1.00,editorial_default
Witopia VPN,Streaming,_section_total,Overall,,0.45,calculated
Witopia VPN,Streaming,Android tv app,Overall,,0.00,comparitech_api
Witopia VPN,Streaming,Includes ad blocker,Overall,,0.00,comparitech_api
Witopia VPN,Streaming,Number of locations in relevant country,Overall,<5,1.20,comparitech_api
Witopia VPN,Streaming,Offers a smart dns service,Overall,,0.00,comparitech_api
Witopia VPN,Streaming,Simultaneous stream capacity,Overall,under_4,0.15,editorial_default
Witopia VPN,Streaming,Streaming device apps,Overall,none,0.00,calculated
Witopia VPN,Streaming,Streaming unblock toolkit,Overall,yes,0.30,editorial_default
Witopia VPN,Streaming,Tier1 streaming,Overall,most_3_or_4,,editorial_default
Witopia VPN,Streaming,Tier2 streaming,Overall,most_3_or_4,,editorial_default
Witopia VPN,Streaming,Tier3 streaming,Overall,most_3_or_4,,editorial_default
Witopia VPN,Streaming,Works in high censorship countries,Overall,,0.00,comparitech_api
Witopia VPN,SystemPerformance,_section_total,Overall,,4.00,calculated
Witopia VPN,SystemPerformance,Cpu tier,Overall,tier_okay,1.20,editorial_default
Witopia VPN,SystemPerformance,Idle delta cpu tier,Overall,tier_okay,0.00,editorial_default
Witopia VPN,SystemPerformance,Load efficiency tier,Overall,tier_okay,4.00,editorial_default
Witopia VPN,SystemPerformance,Network overhead tier,Overall,tier_okay,1.00,editorial_default
Witopia VPN,SystemPerformance,Ram delta tier,Overall,tier_okay,0.00,editorial_default
Witopia VPN,SystemPerformance,Ram tier,Overall,tier_okay,1.20,editorial_default
Witopia VPN,ValueForMoney,_section_total,Overall,,5.40,calculated
Witopia VPN,ValueForMoney,Anonymous payments vfm,Overall,none,0.00,editorial_default
Witopia VPN,ValueForMoney,Clear cancellation,Overall,yes,0.50,editorial_default
Witopia VPN,ValueForMoney,Connection limit tier,Overall,,,editorial_default
Witopia VPN,ValueForMoney,Country count,Overall,30_to_59,,manual_admin
Witopia VPN,ValueForMoney,Free trial available,Overall,no,0.00,manual_admin
Witopia VPN,ValueForMoney,Includes av,Overall,no,0.00,manual_admin
Witopia VPN,ValueForMoney,Includes dark web monitor,Overall,no,0.00,editorial_default
Witopia VPN,ValueForMoney,Includes password manager,Overall,no,0.00,editorial_default
Witopia VPN,ValueForMoney,Intro lowest price tier,Overall,under_3_usd,1.00,editorial_default
Witopia VPN,ValueForMoney,Money back duration,Overall,30_to_44,0.90,editorial_default
Witopia VPN,ValueForMoney,Monthly price tier,Overall,under_10,1.00,editorial_default
Witopia VPN,ValueForMoney,Pricing consistency,Overall,moderate,0.50,editorial_default
Witopia VPN,ValueForMoney,Renewal lowest price tier,Overall,3_to_5,0.70,editorial_default
Witopia VPN,ValueForMoney,Static ip included,Overall,no,0.00,editorial_default
Witopia VPN,ValueForMoney,Student discount,Overall,no,0.00,manual_admin
Witopia VPN,ValueForMoney,Subscription term count,Overall,three_plus,0.50,manual_admin
Witopia VPN,ValueForMoney,Traditional payments,Overall,multiple,0.30,editorial_default
X-VPN,EaseOfUse,_section_total,Overall,,6.80,calculated
X-VPN,EaseOfUse,Apps for major platforms,Overall,all_4,1.00,manual_admin
X-VPN,EaseOfUse,Browser extensions,Overall,1_plus,0.50,editorial_default
X-VPN,EaseOfUse,Ease of cancellation,Overall,very_easy,0.40,manual_admin
X-VPN,EaseOfUse,Ease of signup,Overall,very_easy,0.70,manual_admin
X-VPN,EaseOfUse,Knowledge base,Overall,comprehensive,0.40,manual_admin
X-VPN,EaseOfUse,Linux support,Overall,app_with_gui,0.50,editorial_default
X-VPN,EaseOfUse,Live chat quality,Overall,business_hours,0.40,editorial_default
X-VPN,EaseOfUse,Quick connect,Overall,yes,0.80,manual_admin
X-VPN,EaseOfUse,Quick pick purpose,Overall,yes,0.30,manual_admin
X-VPN,EaseOfUse,Router support,Overall,app_or_firmware,0.50,editorial_default
X-VPN,EaseOfUse,Setup guides,Overall,comprehensive,0.40,manual_admin
X-VPN,EaseOfUse,Streaming device apps eou,Overall,2_plus,0.50,editorial_default
X-VPN,EaseOfUse,Task specific servers,Overall,yes,0.40,manual_admin
X-VPN,Security,_section_total,Overall,,6.90,calculated
X-VPN,Security,Anonymous payment,Overall,multiple,0.40,editorial_default
X-VPN,Security,Authentication strength,Overall,,0.00,manual_admin
X-VPN,Security,Dns leak pass rate,Overall,tier_pass,0.80,editorial_default
X-VPN,Security,Encryption strength,Overall,aes_128_or_higher,0.60,calculated
X-VPN,Security,Hq jurisdiction,Overall,outside_14_eyes,0.50,calculated
X-VPN,Security,Independent audit,Overall,older,0.40,editorial_default
X-VPN,Security,Ipv4 leak pass rate,Overall,tier_pass,0.30,editorial_default
X-VPN,Security,Ipv6 leak pass rate,Overall,tier_pass,0.80,editorial_default
X-VPN,Security,Kill switch effectiveness,Overall,effective,0.60,editorial_default
X-VPN,Security,Modern protocols,Overall,has_modern,0.70,manual_admin
X-VPN,Security,No logs policy status,Overall,claimed,0.50,editorial_default
X-VPN,Security,Obfuscation available,Overall,yes,0.50,calculated
X-VPN,Security,Perfect forward secrecy,Overall,no,0.00,calculated
X-VPN,Security,Restrictive region access,Overall,no,0.00,editorial_default
X-VPN,Security,Webrtc leak pass rate,Overall,tier_pass,0.80,editorial_default
X-VPN,Speed,_section_total,Overall,,7.80,calculated
X-VPN,Speed,_section_total_v3_global,Overall,,5.00,editorial_default
X-VPN,Speed,_section_total_v3_uk,Overall,,5.00,editorial_default
X-VPN,Speed,Connection time,Overall,tier_okay,0.05,editorial_default
X-VPN,Speed,Download tier,Overall,tier_good,2.65,editorial_default
X-VPN,Speed,Jitter tier,Overall,tier_good,0.20,editorial_default
X-VPN,Speed,Latency tier,Overall,tier_good,1.50,editorial_default
X-VPN,Speed,Long distance speed,Overall,tier_consistent,1.00,editorial_default
X-VPN,Speed,Packet loss tier,Overall,tier_good,0.40,editorial_default
X-VPN,Speed,Speed consistency,Overall,tier_consistent,1.00,editorial_default
X-VPN,Speed,Upload tier,Overall,tier_good,1.00,editorial_default
X-VPN,Streaming,_section_total,Overall,,0.60,calculated
X-VPN,Streaming,Android tv app,Overall,,0.00,comparitech_api
X-VPN,Streaming,Browser extensions,Overall,yes,,editorial_default
X-VPN,Streaming,Includes ad blocker,Overall,,0.00,comparitech_api
X-VPN,Streaming,Number of locations in relevant country,Overall,<5,1.20,comparitech_api
X-VPN,Streaming,Offers a smart dns service,Overall,,0.00,comparitech_api
X-VPN,Streaming,Simultaneous stream capacity,Overall,4_plus,0.30,editorial_default
X-VPN,Streaming,Streaming device apps,Overall,none,0.00,calculated
X-VPN,Streaming,Streaming unblock toolkit,Overall,yes,0.30,editorial_default
X-VPN,Streaming,Tier1 streaming,Overall,most_3_or_4,,editorial_default
X-VPN,Streaming,Tier2 streaming,Overall,most_3_or_4,,editorial_default
X-VPN,Streaming,Tier3 streaming,Overall,most_3_or_4,,editorial_default
X-VPN,Streaming,Works in high censorship countries,Overall,,0.00,comparitech_api
X-VPN,SystemPerformance,_section_total,Overall,,4.00,calculated
X-VPN,SystemPerformance,Cpu tier,Overall,tier_okay,1.20,editorial_default
X-VPN,SystemPerformance,Idle delta cpu tier,Overall,tier_okay,0.00,editorial_default
X-VPN,SystemPerformance,Load efficiency tier,Overall,tier_okay,4.00,editorial_default
X-VPN,SystemPerformance,Network overhead tier,Overall,tier_okay,1.00,editorial_default
X-VPN,SystemPerformance,Ram delta tier,Overall,tier_okay,0.00,editorial_default
X-VPN,SystemPerformance,Ram tier,Overall,tier_okay,1.20,editorial_default
X-VPN,ValueForMoney,_section_total,Overall,,5.65,calculated
X-VPN,ValueForMoney,Anonymous payments vfm,Overall,multiple,0.50,editorial_default
X-VPN,ValueForMoney,Connection limit tier,Overall,under_6,0.45,editorial_default
X-VPN,ValueForMoney,Country count,Overall,30_to_59,,manual_admin
X-VPN,ValueForMoney,Free trial available,Overall,yes,0.40,manual_admin
X-VPN,ValueForMoney,Includes av,Overall,no,0.00,manual_admin
X-VPN,ValueForMoney,Includes dark web monitor,Overall,yes,0.30,editorial_default
X-VPN,ValueForMoney,Includes password manager,Overall,no,0.00,editorial_default
X-VPN,ValueForMoney,Intro lowest price tier,Overall,under_3_usd,1.00,editorial_default
X-VPN,ValueForMoney,Money back duration,Overall,30_to_44,0.90,editorial_default
X-VPN,ValueForMoney,Monthly price tier,Overall,10_to_12,0.70,editorial_default
X-VPN,ValueForMoney,Pricing consistency,Overall,extreme,0.30,editorial_default
X-VPN,ValueForMoney,Renewal lowest price tier,Overall,over_10,0.00,editorial_default
X-VPN,ValueForMoney,Static ip included,Overall,yes,0.30,editorial_default
X-VPN,ValueForMoney,Student discount,Overall,no,0.00,manual_admin
X-VPN,ValueForMoney,Subscription term count,Overall,three_plus,0.50,manual_admin
X-VPN,ValueForMoney,Traditional payments,Overall,multiple,0.30,editorial_default
ZoogVPN ,EaseOfUse,_section_total,Overall,,5.40,calculated
ZoogVPN ,EaseOfUse,Apps for major platforms,Overall,all_4,1.00,manual_admin
ZoogVPN ,EaseOfUse,Browser extensions,Overall,1_plus,0.50,manual_admin
ZoogVPN ,EaseOfUse,Country count,Overall,under_30,0.20,manual_admin
ZoogVPN ,EaseOfUse,Ease of cancellation,Overall,very_easy,0.40,manual_admin
ZoogVPN ,EaseOfUse,Ease of signup,Overall,very_easy,0.70,manual_admin
ZoogVPN ,EaseOfUse,Knowledge base,Overall,comprehensive,0.40,manual_admin
ZoogVPN ,EaseOfUse,Linux support,Overall,app_cli_only,0.30,manual_admin
ZoogVPN ,EaseOfUse,Live chat quality,Overall,business_hours,0.40,editorial_default
ZoogVPN ,EaseOfUse,Quick connect,Overall,no,0.00,manual_admin
ZoogVPN ,EaseOfUse,Quick pick purpose,Overall,no,0.00,manual_admin
ZoogVPN ,EaseOfUse,Router support,Overall,manual_config_only,0.20,manual_admin
ZoogVPN ,EaseOfUse,Setup guides,Overall,comprehensive,0.40,manual_admin
ZoogVPN ,EaseOfUse,Streaming device apps eou,Overall,2_plus,0.50,manual_admin
ZoogVPN ,EaseOfUse,Task specific servers,Overall,yes,0.40,manual_admin
ZoogVPN ,Security,_section_total,Overall,,6.70,calculated
ZoogVPN ,Security,Anonymous payment,Overall,multiple,0.40,editorial_default
ZoogVPN ,Security,Authentication strength,Overall,weaker,0.00,manual_admin
ZoogVPN ,Security,Dns leak pass rate,Overall,tier_pass,0.80,editorial_default
ZoogVPN ,Security,Encryption strength,Overall,aes_128_or_higher,0.60,manual_admin
ZoogVPN ,Security,Hq jurisdiction,Overall,outside_14_eyes,0.50,calculated
ZoogVPN ,Security,Independent audit,Overall,none,0.00,editorial_default
ZoogVPN ,Security,Ipv4 leak pass rate,Overall,tier_pass,0.30,editorial_default
ZoogVPN ,Security,Ipv6 leak pass rate,Overall,tier_pass,0.80,editorial_default
ZoogVPN ,Security,Kill switch effectiveness,Overall,effective,0.60,editorial_default
ZoogVPN ,Security,Modern protocols,Overall,has_modern,0.70,calculated
ZoogVPN ,Security,No logs policy status,Overall,logs_kept,0.00,editorial_default
ZoogVPN ,Security,Obfuscation available,Overall,yes,0.50,calculated
ZoogVPN ,Security,Perfect forward secrecy,Overall,yes,0.30,manual_admin
ZoogVPN ,Security,Restrictive region access,Overall,yes,0.30,editorial_default
ZoogVPN ,Security,Rsa key length,Overall,2048,0.10,calculated
ZoogVPN ,Security,Webrtc leak pass rate,Overall,tier_pass,0.80,editorial_default
ZoogVPN ,Speed,_section_total,Overall,,7.80,calculated
ZoogVPN ,Speed,_section_total_v3_global,Overall,,5.00,editorial_default
ZoogVPN ,Speed,_section_total_v3_uk,Overall,,5.00,editorial_default
ZoogVPN ,Speed,Connection time,Overall,tier_okay,0.05,editorial_default
ZoogVPN ,Speed,Download tier,Overall,tier_good,2.65,editorial_default
ZoogVPN ,Speed,Jitter tier,Overall,tier_good,0.20,editorial_default
ZoogVPN ,Speed,Latency tier,Overall,tier_good,1.50,editorial_default
ZoogVPN ,Speed,Long distance speed,Overall,tier_consistent,1.00,editorial_default
ZoogVPN ,Speed,Packet loss tier,Overall,tier_good,0.40,editorial_default
ZoogVPN ,Speed,Speed consistency,Overall,tier_consistent,1.00,editorial_default
ZoogVPN ,Speed,Upload tier,Overall,tier_good,1.00,editorial_default
ZoogVPN ,Streaming,_section_total,Overall,,0.60,calculated
ZoogVPN ,Streaming,Android tv app,Overall,,0.00,comparitech_api
ZoogVPN ,Streaming,Includes ad blocker,Overall,,0.00,comparitech_api
ZoogVPN ,Streaming,Number of locations in relevant country,Overall,<5,1.20,comparitech_api
ZoogVPN ,Streaming,Offers a smart dns service,Overall,,0.00,comparitech_api
ZoogVPN ,Streaming,Simultaneous stream capacity,Overall,4_plus,0.30,editorial_default
ZoogVPN ,Streaming,Streaming device apps,Overall,none,0.00,calculated
ZoogVPN ,Streaming,Streaming unblock toolkit,Overall,yes,0.30,editorial_default
ZoogVPN ,Streaming,Tier1 streaming,Overall,most_3_or_4,,editorial_default
ZoogVPN ,Streaming,Tier2 streaming,Overall,most_3_or_4,,editorial_default
ZoogVPN ,Streaming,Tier3 streaming,Overall,most_3_or_4,,editorial_default
ZoogVPN ,Streaming,Works in high censorship countries,Overall,,0.00,comparitech_api
ZoogVPN ,SystemPerformance,_section_total,Overall,,4.00,calculated
ZoogVPN ,SystemPerformance,Cpu tier,Overall,tier_okay,1.20,editorial_default
ZoogVPN ,SystemPerformance,Idle delta cpu tier,Overall,tier_okay,0.00,editorial_default
ZoogVPN ,SystemPerformance,Load efficiency tier,Overall,tier_okay,4.00,editorial_default
ZoogVPN ,SystemPerformance,Network overhead tier,Overall,tier_okay,1.00,editorial_default
ZoogVPN ,SystemPerformance,Ram delta tier,Overall,tier_okay,0.00,editorial_default
ZoogVPN ,SystemPerformance,Ram tier,Overall,tier_okay,1.20,editorial_default
ZoogVPN ,ValueForMoney,_section_total,Overall,,6.80,calculated
ZoogVPN ,ValueForMoney,Anonymous payments vfm,Overall,multiple,0.50,editorial_default
ZoogVPN ,ValueForMoney,Clear cancellation,Overall,yes,0.50,manual_admin
ZoogVPN ,ValueForMoney,Connection limit tier,Overall,unlimited,1.70,editorial_default
ZoogVPN ,ValueForMoney,Country count,Overall,60_plus,,manual_admin
ZoogVPN ,ValueForMoney,Free trial available,Overall,yes,0.40,manual_admin
ZoogVPN ,ValueForMoney,Includes av,Overall,no,0.00,manual_admin
ZoogVPN ,ValueForMoney,Includes dark web monitor,Overall,no,0.00,editorial_default
ZoogVPN ,ValueForMoney,Includes password manager,Overall,no,0.00,editorial_default
ZoogVPN ,ValueForMoney,Intro lowest price tier,Overall,under_3_usd,1.00,editorial_default
ZoogVPN ,ValueForMoney,Money back duration,Overall,7_to_13,0.40,editorial_default
ZoogVPN ,ValueForMoney,Monthly price tier,Overall,under_10,1.00,editorial_default
ZoogVPN ,ValueForMoney,Pricing consistency,Overall,extreme,0.30,editorial_default
ZoogVPN ,ValueForMoney,Renewal lowest price tier,Overall,7_to_10,0.20,editorial_default
ZoogVPN ,ValueForMoney,Static ip included,Overall,no,0.00,editorial_default
ZoogVPN ,ValueForMoney,Student discount,Overall,no,0.00,manual_admin
ZoogVPN ,ValueForMoney,Subscription term count,Overall,three_plus,0.50,manual_admin
ZoogVPN ,ValueForMoney,Traditional payments,Overall,multiple,0.30,manual_admin
